unique_id,ds,y,type
10,2022-01-03,25327.0,actual
10,2022-01-10,21561.0,actual
10,2022-01-17,22411.0,actual
10,2022-01-24,22794.0,actual
10,2022-01-31,35934.0,actual
10,2022-02-07,29761.0,actual
10,2022-02-14,25618.0,actual
10,2022-02-21,18614.0,actual
10,2022-02-28,21667.0,actual
10,2022-03-07,24933.0,actual
10,2022-03-14,24227.0,actual
10,2022-03-21,23625.0,actual
10,2022-03-28,22001.0,actual
10,2022-04-04,18996.0,actual
10,2022-04-11,20521.0,actual
10,2022-04-18,18394.0,actual
10,2022-04-25,24200.0,actual
10,2022-05-02,24431.0,actual
10,2022-05-09,25838.0,actual
10,2022-05-16,20493.0,actual
10,2022-05-23,21097.0,actual
10,2022-05-30,23618.0,actual
10,2022-06-06,21601.0,actual
10,2022-06-13,19491.0,actual
10,2022-06-20,19055.0,actual
10,2022-06-27,21902.0,actual
10,2022-07-04,20752.0,actual
10,2022-07-11,17491.0,actual
10,2022-07-18,17508.0,actual
10,2022-07-25,25402.0,actual
10,2022-08-01,20622.0,actual
10,2022-08-08,20377.0,actual
10,2022-08-15,20404.0,actual
10,2022-08-22,20111.0,actual
10,2022-08-29,17416.0,actual
10,2022-09-05,20158.0,actual
10,2022-09-12,22929.0,actual
10,2022-09-19,26145.0,actual
10,2022-09-26,21842.0,actual
10,2022-10-03,22761.0,actual
10,2022-10-10,22154.0,actual
10,2022-10-17,20774.0,actual
10,2022-10-24,19048.0,actual
10,2022-10-31,20073.0,actual
10,2022-11-07,27506.0,actual
10,2022-11-14,22993.0,actual
10,2022-11-21,20737.0,actual
10,2022-11-28,26722.0,actual
10,2022-12-05,23016.0,actual
10,2022-12-12,21422.0,actual
10,2022-12-19,14339.0,actual
10,2022-12-26,27675.0,actual
10,2023-01-02,29197.0,actual
10,2023-01-09,18085.0,actual
10,2023-01-16,23150.0,actual
10,2023-01-23,21278.0,actual
10,2023-01-30,25201.0,actual
10,2023-02-06,23437.0,actual
10,2023-02-13,22152.0,actual
10,2023-02-20,25546.0,actual
10,2023-02-27,22191.0,actual
10,2023-03-06,8875.0,actual
10,2023-03-13,21613.0,actual
10,2023-03-20,23628.0,actual
10,2023-03-27,23027.0,actual
10,2023-04-03,21920.0,actual
10,2023-04-10,21529.0,actual
10,2023-04-17,26150.0,actual
10,2023-04-24,28904.0,actual
10,2023-05-01,26375.0,actual
10,2023-05-08,24799.0,actual
10,2023-05-15,20331.0,actual
10,2023-05-22,20205.0,actual
10,2023-05-29,24010.0,actual
10,2023-06-05,26128.0,actual
10,2023-06-12,23627.0,actual
10,2023-06-19,23905.0,actual
10,2023-06-26,22953.0,actual
10,2023-07-03,28297.0,actual
10,2023-07-10,20289.0,actual
10,2023-07-17,20068.0,actual
10,2023-07-24,22140.0,actual
10,2023-07-31,26053.0,actual
10,2023-08-07,21330.0,actual
10,2023-08-14,23248.0,actual
10,2023-08-21,23202.0,actual
10,2023-08-28,21275.0,actual
10,2023-09-04,23504.0,actual
10,2023-09-11,21438.0,actual
10,2023-09-18,24776.0,actual
10,2023-09-25,24312.0,actual
10,2023-10-02,24991.0,actual
10,2023-10-09,23774.0,actual
10,2023-10-16,23694.0,actual
10,2023-10-23,26331.0,actual
10,2023-10-30,23217.0,actual
10,2023-11-06,17882.0,actual
10,2023-11-13,25009.0,actual
10,2023-11-20,20466.0,actual
10,2023-11-27,32478.0,actual
10,2023-12-04,29809.0,actual
10,2023-12-11,24997.0,actual
10,2023-12-18,18040.0,actual
10,2023-12-25,21008.0,actual
10,2024-01-01,28635.0,actual
10,2024-01-08,25127.0,actual
10,2024-01-15,23124.0,actual
10,2024-01-22,23634.0,actual
10,2024-01-29,28889.0,actual
10,2024-02-05,27512.0,actual
10,2024-02-12,24727.0,actual
10,2024-02-19,24583.0,actual
10,2024-02-26,27742.0,actual
10,2024-03-04,26123.0,actual
10,2024-03-11,24023.0,actual
10,2024-03-18,22897.0,actual
10,2024-03-25,23225.0,actual
10,2024-04-01,23323.0,actual
10,2024-04-08,25298.0,actual
10,2024-04-15,22636.0,actual
10,2024-04-22,26016.0,actual
10,2024-04-29,26787.0,actual
10,2024-05-06,25419.0,actual
10,2024-05-13,23921.0,actual
10,2024-05-20,20775.0,actual
10,2024-05-27,24727.0,actual
10,2024-06-03,22869.0,actual
10,2024-06-10,24076.0,actual
10,2024-06-17,24860.0,actual
10,2024-06-24,25021.0,actual
10,2024-07-01,28518.0,actual
10,2024-07-08,27065.0,actual
10,2024-07-15,22874.0,actual
10,2024-07-22,26087.0,actual
10,2024-07-29,23238.0,actual
10,2024-08-05,23794.0,actual
10,2024-08-12,23889.0,actual
10,2024-08-19,21203.0,actual
10,2024-08-26,22309.0,actual
10,2024-09-02,27272.0,actual
10,2024-09-09,23878.0,actual
10,2024-09-16,24365.0,actual
10,2024-09-23,23951.0,actual
10,2024-09-30,25553.0,actual
10,2024-10-07,22722.0,actual
11,2022-01-03,17636.0,actual
11,2022-01-10,17250.0,actual
11,2022-01-17,15418.0,actual
11,2022-01-24,17868.0,actual
11,2022-01-31,27529.0,actual
11,2022-02-07,21280.0,actual
11,2022-02-14,21987.0,actual
11,2022-02-21,13194.0,actual
11,2022-02-28,16517.0,actual
11,2022-03-07,19210.0,actual
11,2022-03-14,17140.0,actual
11,2022-03-21,16219.0,actual
11,2022-03-28,15184.0,actual
11,2022-04-04,16466.0,actual
11,2022-04-11,15564.0,actual
11,2022-04-18,13569.0,actual
11,2022-04-25,20682.0,actual
11,2022-05-02,21676.0,actual
11,2022-05-09,18557.0,actual
11,2022-05-16,15350.0,actual
11,2022-05-23,16296.0,actual
11,2022-05-30,17172.0,actual
11,2022-06-06,17303.0,actual
11,2022-06-13,15869.0,actual
11,2022-06-20,18229.0,actual
11,2022-06-27,18606.0,actual
11,2022-07-04,15276.0,actual
11,2022-07-11,15064.0,actual
11,2022-07-18,15663.0,actual
11,2022-07-25,22524.0,actual
11,2022-08-01,16568.0,actual
11,2022-08-08,18083.0,actual
11,2022-08-15,15406.0,actual
11,2022-08-22,15558.0,actual
11,2022-08-29,13536.0,actual
11,2022-09-05,15873.0,actual
11,2022-09-12,17403.0,actual
11,2022-09-19,21480.0,actual
11,2022-09-26,15489.0,actual
11,2022-10-03,17304.0,actual
11,2022-10-10,16959.0,actual
11,2022-10-17,16186.0,actual
11,2022-10-24,14441.0,actual
11,2022-10-31,14168.0,actual
11,2022-11-07,22574.0,actual
11,2022-11-14,19035.0,actual
11,2022-11-21,17691.0,actual
11,2022-11-28,21749.0,actual
11,2022-12-05,19361.0,actual
11,2022-12-12,19803.0,actual
11,2022-12-19,15176.0,actual
11,2022-12-26,21768.0,actual
11,2023-01-02,23851.0,actual
11,2023-01-09,15685.0,actual
11,2023-01-16,17784.0,actual
11,2023-01-23,16956.0,actual
11,2023-01-30,19981.0,actual
11,2023-02-06,19840.0,actual
11,2023-02-13,17483.0,actual
11,2023-02-20,22913.0,actual
11,2023-02-27,17851.0,actual
11,2023-03-06,7291.0,actual
11,2023-03-13,17716.0,actual
11,2023-03-20,18594.0,actual
11,2023-03-27,20409.0,actual
11,2023-04-03,18210.0,actual
11,2023-04-10,21713.0,actual
11,2023-04-17,28776.0,actual
11,2023-04-24,29870.0,actual
11,2023-05-01,27879.0,actual
11,2023-05-08,27812.0,actual
11,2023-05-15,22757.0,actual
11,2023-05-22,20501.0,actual
11,2023-05-29,20926.0,actual
11,2023-06-05,27572.0,actual
11,2023-06-12,26644.0,actual
11,2023-06-19,24186.0,actual
11,2023-06-26,24504.0,actual
11,2023-07-03,26365.0,actual
11,2023-07-10,18449.0,actual
11,2023-07-17,19497.0,actual
11,2023-07-24,21452.0,actual
11,2023-07-31,25939.0,actual
11,2023-08-07,21188.0,actual
11,2023-08-14,23540.0,actual
11,2023-08-21,23480.0,actual
11,2023-08-28,23870.0,actual
11,2023-09-04,20747.0,actual
11,2023-09-11,20562.0,actual
11,2023-09-18,25019.0,actual
11,2023-09-25,22369.0,actual
11,2023-10-02,27213.0,actual
11,2023-10-09,24541.0,actual
11,2023-10-16,24144.0,actual
11,2023-10-23,26868.0,actual
11,2023-10-30,21265.0,actual
11,2023-11-06,15620.0,actual
11,2023-11-13,20896.0,actual
11,2023-11-20,16065.0,actual
11,2023-11-27,23731.0,actual
11,2023-12-04,21820.0,actual
11,2023-12-11,20683.0,actual
11,2023-12-18,18000.0,actual
11,2023-12-25,15799.0,actual
11,2024-01-01,19056.0,actual
11,2024-01-08,19886.0,actual
11,2024-01-15,18884.0,actual
11,2024-01-22,18821.0,actual
11,2024-01-29,22483.0,actual
11,2024-02-05,20647.0,actual
11,2024-02-12,19066.0,actual
11,2024-02-19,18306.0,actual
11,2024-02-26,18909.0,actual
11,2024-03-04,17643.0,actual
11,2024-03-11,17093.0,actual
11,2024-03-18,17781.0,actual
11,2024-03-25,16347.0,actual
11,2024-04-01,17776.0,actual
11,2024-04-08,18009.0,actual
11,2024-04-15,17402.0,actual
11,2024-04-22,20293.0,actual
11,2024-04-29,20619.0,actual
11,2024-05-06,19460.0,actual
11,2024-05-13,18093.0,actual
11,2024-05-20,18208.0,actual
11,2024-05-27,19008.0,actual
11,2024-06-03,19047.0,actual
11,2024-06-10,21650.0,actual
11,2024-06-17,19482.0,actual
11,2024-06-24,20090.0,actual
11,2024-07-01,19854.0,actual
11,2024-07-08,20984.0,actual
11,2024-07-15,16923.0,actual
11,2024-07-22,20306.0,actual
11,2024-07-29,16066.0,actual
11,2024-08-05,18654.0,actual
11,2024-08-12,16356.0,actual
11,2024-08-19,15093.0,actual
11,2024-08-26,16964.0,actual
11,2024-09-02,17710.0,actual
11,2024-09-09,17527.0,actual
11,2024-09-16,16521.0,actual
11,2024-09-23,15655.0,actual
11,2024-09-30,17296.0,actual
11,2024-10-07,14597.0,actual
13,2022-01-03,29531.0,actual
13,2022-01-10,26903.0,actual
13,2022-01-17,26938.0,actual
13,2022-01-24,28707.0,actual
13,2022-01-31,38183.0,actual
13,2022-02-07,32611.0,actual
13,2022-02-14,31109.0,actual
13,2022-02-21,22912.0,actual
13,2022-02-28,27915.0,actual
13,2022-03-07,29430.0,actual
13,2022-03-14,29048.0,actual
13,2022-03-21,27389.0,actual
13,2022-03-28,23155.0,actual
13,2022-04-04,23917.0,actual
13,2022-04-11,25978.0,actual
13,2022-04-18,22800.0,actual
13,2022-04-25,27564.0,actual
13,2022-05-02,31595.0,actual
13,2022-05-09,30635.0,actual
13,2022-05-16,25945.0,actual
13,2022-05-23,27677.0,actual
13,2022-05-30,29391.0,actual
13,2022-06-06,28570.0,actual
13,2022-06-13,24280.0,actual
13,2022-06-20,28888.0,actual
13,2022-06-27,29608.0,actual
13,2022-07-04,28393.0,actual
13,2022-07-11,25899.0,actual
13,2022-07-18,23937.0,actual
13,2022-07-25,33433.0,actual
13,2022-08-01,25613.0,actual
13,2022-08-08,27784.0,actual
13,2022-08-15,27734.0,actual
13,2022-08-22,26111.0,actual
13,2022-08-29,20595.0,actual
13,2022-09-05,26049.0,actual
13,2022-09-12,29118.0,actual
13,2022-09-19,33000.0,actual
13,2022-09-26,26991.0,actual
13,2022-10-03,28168.0,actual
13,2022-10-10,29843.0,actual
13,2022-10-17,27483.0,actual
13,2022-10-24,25841.0,actual
13,2022-10-31,25547.0,actual
13,2022-11-07,33191.0,actual
13,2022-11-14,31076.0,actual
13,2022-11-21,30443.0,actual
13,2022-11-28,36006.0,actual
13,2022-12-05,31982.0,actual
13,2022-12-12,33123.0,actual
13,2022-12-19,23273.0,actual
13,2022-12-26,31488.0,actual
13,2023-01-02,33599.0,actual
13,2023-01-09,23000.0,actual
13,2023-01-16,30675.0,actual
13,2023-01-23,27184.0,actual
13,2023-01-30,29716.0,actual
13,2023-02-06,29644.0,actual
13,2023-02-13,28107.0,actual
13,2023-02-20,38419.0,actual
13,2023-02-27,29076.0,actual
13,2023-03-06,14627.0,actual
13,2023-03-13,30895.0,actual
13,2023-03-20,28889.0,actual
13,2023-03-27,25858.0,actual
13,2023-04-03,28365.0,actual
13,2023-04-10,29519.0,actual
13,2023-04-17,35976.0,actual
13,2023-04-24,34092.0,actual
13,2023-05-01,30330.0,actual
13,2023-05-08,32521.0,actual
13,2023-05-15,29347.0,actual
13,2023-05-22,29875.0,actual
13,2023-05-29,31430.0,actual
13,2023-06-05,33719.0,actual
13,2023-06-12,31610.0,actual
13,2023-06-19,29557.0,actual
13,2023-06-26,29429.0,actual
13,2023-07-03,34677.0,actual
13,2023-07-10,26096.0,actual
13,2023-07-17,27886.0,actual
13,2023-07-24,30421.0,actual
13,2023-07-31,37859.0,actual
13,2023-08-07,29927.0,actual
13,2023-08-14,32510.0,actual
13,2023-08-21,30808.0,actual
13,2023-08-28,29452.0,actual
13,2023-09-04,27580.0,actual
13,2023-09-11,26757.0,actual
13,2023-09-18,31654.0,actual
13,2023-09-25,28412.0,actual
13,2023-10-02,29760.0,actual
13,2023-10-09,30065.0,actual
13,2023-10-16,32296.0,actual
13,2023-10-23,37603.0,actual
13,2023-10-30,28496.0,actual
13,2023-11-06,21506.0,actual
13,2023-11-13,33517.0,actual
13,2023-11-20,27304.0,actual
13,2023-11-27,36941.0,actual
13,2023-12-04,38096.0,actual
13,2023-12-11,31970.0,actual
13,2023-12-18,26803.0,actual
13,2023-12-25,27305.0,actual
13,2024-01-01,31833.0,actual
13,2024-01-08,32509.0,actual
13,2024-01-15,28776.0,actual
13,2024-01-22,31028.0,actual
13,2024-01-29,35407.0,actual
13,2024-02-05,30792.0,actual
13,2024-02-12,29997.0,actual
13,2024-02-19,27617.0,actual
13,2024-02-26,31620.0,actual
13,2024-03-04,29501.0,actual
13,2024-03-11,31060.0,actual
13,2024-03-18,31681.0,actual
13,2024-03-25,26869.0,actual
13,2024-04-01,30612.0,actual
13,2024-04-08,32832.0,actual
13,2024-04-15,29575.0,actual
13,2024-04-22,31544.0,actual
13,2024-04-29,30742.0,actual
13,2024-05-06,31074.0,actual
13,2024-05-13,28743.0,actual
13,2024-05-20,29387.0,actual
13,2024-05-27,30570.0,actual
13,2024-06-03,28647.0,actual
13,2024-06-10,33795.0,actual
13,2024-06-17,31975.0,actual
13,2024-06-24,33643.0,actual
13,2024-07-01,33738.0,actual
13,2024-07-08,36622.0,actual
13,2024-07-15,33913.0,actual
13,2024-07-22,34806.0,actual
13,2024-07-29,26573.0,actual
13,2024-08-05,27078.0,actual
13,2024-08-12,27029.0,actual
13,2024-08-19,28726.0,actual
13,2024-08-26,27626.0,actual
13,2024-09-02,31367.0,actual
13,2024-09-09,29105.0,actual
13,2024-09-16,27163.0,actual
13,2024-09-23,28058.0,actual
13,2024-09-30,30453.0,actual
13,2024-10-07,28499.0,actual
14,2022-01-03,9216.0,actual
14,2022-01-10,9130.0,actual
14,2022-01-17,7953.0,actual
14,2022-01-24,9273.0,actual
14,2022-01-31,12891.0,actual
14,2022-02-07,9604.0,actual
14,2022-02-14,9752.0,actual
14,2022-02-21,5930.0,actual
14,2022-02-28,6754.0,actual
14,2022-03-07,7984.0,actual
14,2022-03-14,7406.0,actual
14,2022-03-21,6995.0,actual
14,2022-03-28,7345.0,actual
14,2022-04-04,7348.0,actual
14,2022-04-11,7590.0,actual
14,2022-04-18,6178.0,actual
14,2022-04-25,8800.0,actual
14,2022-05-02,9566.0,actual
14,2022-05-09,7952.0,actual
14,2022-05-16,6751.0,actual
14,2022-05-23,6978.0,actual
14,2022-05-30,9574.0,actual
14,2022-06-06,6751.0,actual
14,2022-06-13,6290.0,actual
14,2022-06-20,7451.0,actual
14,2022-06-27,8717.0,actual
14,2022-07-04,8277.0,actual
14,2022-07-11,5886.0,actual
14,2022-07-18,5968.0,actual
14,2022-07-25,9004.0,actual
14,2022-08-01,8298.0,actual
14,2022-08-08,9900.0,actual
14,2022-08-15,8709.0,actual
14,2022-08-22,7926.0,actual
14,2022-08-29,5758.0,actual
14,2022-09-05,6921.0,actual
14,2022-09-12,8984.0,actual
14,2022-09-19,10759.0,actual
14,2022-09-26,7867.0,actual
14,2022-10-03,7749.0,actual
14,2022-10-10,7715.0,actual
14,2022-10-17,7938.0,actual
14,2022-10-24,7381.0,actual
14,2022-10-31,7295.0,actual
14,2022-11-07,10605.0,actual
14,2022-11-14,9194.0,actual
14,2022-11-21,7298.0,actual
14,2022-11-28,11896.0,actual
14,2022-12-05,10292.0,actual
14,2022-12-12,10078.0,actual
14,2022-12-19,6906.0,actual
14,2022-12-26,11829.0,actual
14,2023-01-02,14633.0,actual
14,2023-01-09,7528.0,actual
14,2023-01-16,8325.0,actual
14,2023-01-23,6946.0,actual
14,2023-01-30,9030.0,actual
14,2023-02-06,8231.0,actual
14,2023-02-13,7802.0,actual
14,2023-02-20,10412.0,actual
14,2023-02-27,8141.0,actual
14,2023-03-06,3009.0,actual
14,2023-03-13,8351.0,actual
14,2023-03-20,7825.0,actual
14,2023-03-27,9146.0,actual
14,2023-04-03,6517.0,actual
14,2023-04-10,7493.0,actual
14,2023-04-17,10079.0,actual
14,2023-04-24,10581.0,actual
14,2023-05-01,9079.0,actual
14,2023-05-08,9607.0,actual
14,2023-05-15,6727.0,actual
14,2023-05-22,6162.0,actual
14,2023-05-29,6743.0,actual
14,2023-06-05,8719.0,actual
14,2023-06-12,9771.0,actual
14,2023-06-19,7486.0,actual
14,2023-06-26,7540.0,actual
14,2023-07-03,9268.0,actual
14,2023-07-10,6397.0,actual
14,2023-07-17,6878.0,actual
14,2023-07-24,7666.0,actual
14,2023-07-31,8094.0,actual
14,2023-08-07,7674.0,actual
14,2023-08-14,8150.0,actual
14,2023-08-21,7691.0,actual
14,2023-08-28,7316.0,actual
14,2023-09-04,7034.0,actual
14,2023-09-11,6485.0,actual
14,2023-09-18,8170.0,actual
14,2023-09-25,8525.0,actual
14,2023-10-02,9778.0,actual
14,2023-10-09,9049.0,actual
14,2023-10-16,8159.0,actual
14,2023-10-23,8517.0,actual
14,2023-10-30,7639.0,actual
14,2023-11-06,5442.0,actual
14,2023-11-13,8171.0,actual
14,2023-11-20,6919.0,actual
14,2023-11-27,11392.0,actual
14,2023-12-04,9852.0,actual
14,2023-12-11,8910.0,actual
14,2023-12-18,7475.0,actual
14,2023-12-25,6327.0,actual
14,2024-01-01,9038.0,actual
14,2024-01-08,7610.0,actual
14,2024-01-15,7924.0,actual
14,2024-01-22,8271.0,actual
14,2024-01-29,10077.0,actual
14,2024-02-05,8708.0,actual
14,2024-02-12,8608.0,actual
14,2024-02-19,8162.0,actual
14,2024-02-26,8706.0,actual
14,2024-03-04,7718.0,actual
14,2024-03-11,7960.0,actual
14,2024-03-18,6933.0,actual
14,2024-03-25,7384.0,actual
14,2024-04-01,7976.0,actual
14,2024-04-08,7988.0,actual
14,2024-04-15,7513.0,actual
14,2024-04-22,9508.0,actual
14,2024-04-29,9351.0,actual
14,2024-05-06,8057.0,actual
14,2024-05-13,7386.0,actual
14,2024-05-20,6236.0,actual
14,2024-05-27,8796.0,actual
14,2024-06-03,7201.0,actual
14,2024-06-10,8757.0,actual
14,2024-06-17,9100.0,actual
14,2024-06-24,10101.0,actual
14,2024-07-01,10291.0,actual
14,2024-07-08,11583.0,actual
14,2024-07-15,9742.0,actual
14,2024-07-22,9098.0,actual
14,2024-07-29,7652.0,actual
14,2024-08-05,8125.0,actual
14,2024-08-12,8145.0,actual
14,2024-08-19,6093.0,actual
14,2024-08-26,7374.0,actual
14,2024-09-02,8740.0,actual
14,2024-09-09,8326.0,actual
14,2024-09-16,8080.0,actual
14,2024-09-23,7908.0,actual
14,2024-09-30,8866.0,actual
14,2024-10-07,6543.0,actual
17,2022-01-03,8246.0,actual
17,2022-01-10,7989.0,actual
17,2022-01-17,7898.0,actual
17,2022-01-24,8447.0,actual
17,2022-01-31,12081.0,actual
17,2022-02-07,9232.0,actual
17,2022-02-14,9065.0,actual
17,2022-02-21,6641.0,actual
17,2022-02-28,7396.0,actual
17,2022-03-07,7722.0,actual
17,2022-03-14,7981.0,actual
17,2022-03-21,7992.0,actual
17,2022-03-28,7567.0,actual
17,2022-04-04,7698.0,actual
17,2022-04-11,8246.0,actual
17,2022-04-18,7490.0,actual
17,2022-04-25,9488.0,actual
17,2022-05-02,9659.0,actual
17,2022-05-09,10113.0,actual
17,2022-05-16,7377.0,actual
17,2022-05-23,7961.0,actual
17,2022-05-30,8501.0,actual
17,2022-06-06,8146.0,actual
17,2022-06-13,7203.0,actual
17,2022-06-20,8505.0,actual
17,2022-06-27,8737.0,actual
17,2022-07-04,7645.0,actual
17,2022-07-11,8093.0,actual
17,2022-07-18,7974.0,actual
17,2022-07-25,12669.0,actual
17,2022-08-01,9223.0,actual
17,2022-08-08,10499.0,actual
17,2022-08-15,9539.0,actual
17,2022-08-22,9218.0,actual
17,2022-08-29,6735.0,actual
17,2022-09-05,8390.0,actual
17,2022-09-12,10905.0,actual
17,2022-09-19,11885.0,actual
17,2022-09-26,8619.0,actual
17,2022-10-03,8564.0,actual
17,2022-10-10,8914.0,actual
17,2022-10-17,9083.0,actual
17,2022-10-24,7850.0,actual
17,2022-10-31,8628.0,actual
17,2022-11-07,10191.0,actual
17,2022-11-14,10502.0,actual
17,2022-11-21,8997.0,actual
17,2022-11-28,13109.0,actual
17,2022-12-05,11840.0,actual
17,2022-12-12,9465.0,actual
17,2022-12-19,7504.0,actual
17,2022-12-26,11583.0,actual
17,2023-01-02,14071.0,actual
17,2023-01-09,8259.0,actual
17,2023-01-16,10362.0,actual
17,2023-01-23,8864.0,actual
17,2023-01-30,10686.0,actual
17,2023-02-06,8885.0,actual
17,2023-02-13,8143.0,actual
17,2023-02-20,11185.0,actual
17,2023-02-27,8299.0,actual
17,2023-03-06,3819.0,actual
17,2023-03-13,9059.0,actual
17,2023-03-20,7318.0,actual
17,2023-03-27,7393.0,actual
17,2023-04-03,6647.0,actual
17,2023-04-10,6767.0,actual
17,2023-04-17,8610.0,actual
17,2023-04-24,8990.0,actual
17,2023-05-01,7907.0,actual
17,2023-05-08,7859.0,actual
17,2023-05-15,7209.0,actual
17,2023-05-22,6579.0,actual
17,2023-05-29,7250.0,actual
17,2023-06-05,7851.0,actual
17,2023-06-12,7683.0,actual
17,2023-06-19,7648.0,actual
17,2023-06-26,7979.0,actual
17,2023-07-03,8444.0,actual
17,2023-07-10,6754.0,actual
17,2023-07-17,6339.0,actual
17,2023-07-24,8233.0,actual
17,2023-07-31,8462.0,actual
17,2023-08-07,7874.0,actual
17,2023-08-14,10010.0,actual
17,2023-08-21,8327.0,actual
17,2023-08-28,8562.0,actual
17,2023-09-04,8214.0,actual
17,2023-09-11,6895.0,actual
17,2023-09-18,7791.0,actual
17,2023-09-25,8351.0,actual
17,2023-10-02,8867.0,actual
17,2023-10-09,9011.0,actual
17,2023-10-16,7907.0,actual
17,2023-10-23,8374.0,actual
17,2023-10-30,7436.0,actual
17,2023-11-06,5749.0,actual
17,2023-11-13,8591.0,actual
17,2023-11-20,7600.0,actual
17,2023-11-27,10294.0,actual
17,2023-12-04,9988.0,actual
17,2023-12-11,8084.0,actual
17,2023-12-18,6982.0,actual
17,2023-12-25,7761.0,actual
17,2024-01-01,9072.0,actual
17,2024-01-08,8727.0,actual
17,2024-01-15,7950.0,actual
17,2024-01-22,8725.0,actual
17,2024-01-29,10001.0,actual
17,2024-02-05,9383.0,actual
17,2024-02-12,8762.0,actual
17,2024-02-19,8861.0,actual
17,2024-02-26,8438.0,actual
17,2024-03-04,7296.0,actual
17,2024-03-11,7970.0,actual
17,2024-03-18,8096.0,actual
17,2024-03-25,7205.0,actual
17,2024-04-01,7209.0,actual
17,2024-04-08,8624.0,actual
17,2024-04-15,7218.0,actual
17,2024-04-22,8221.0,actual
17,2024-04-29,8656.0,actual
17,2024-05-06,8198.0,actual
17,2024-05-13,8174.0,actual
17,2024-05-20,7154.0,actual
17,2024-05-27,7038.0,actual
17,2024-06-03,6636.0,actual
17,2024-06-10,8309.0,actual
17,2024-06-17,8172.0,actual
17,2024-06-24,7961.0,actual
17,2024-07-01,8684.0,actual
17,2024-07-08,10038.0,actual
17,2024-07-15,8870.0,actual
17,2024-07-22,8066.0,actual
17,2024-07-29,6361.0,actual
17,2024-08-05,7629.0,actual
17,2024-08-12,7295.0,actual
17,2024-08-19,7702.0,actual
17,2024-08-26,6558.0,actual
17,2024-09-02,8816.0,actual
17,2024-09-09,7078.0,actual
17,2024-09-16,6490.0,actual
17,2024-09-23,7456.0,actual
17,2024-09-30,7700.0,actual
17,2024-10-07,6293.0,actual
20,2022-01-03,8602.0,actual
20,2022-01-10,8466.0,actual
20,2022-01-17,7084.0,actual
20,2022-01-24,7472.0,actual
20,2022-01-31,10312.0,actual
20,2022-02-07,7753.0,actual
20,2022-02-14,8055.0,actual
20,2022-02-21,5884.0,actual
20,2022-02-28,6083.0,actual
20,2022-03-07,6557.0,actual
20,2022-03-14,6635.0,actual
20,2022-03-21,6355.0,actual
20,2022-03-28,5519.0,actual
20,2022-04-04,6003.0,actual
20,2022-04-11,6033.0,actual
20,2022-04-18,5161.0,actual
20,2022-04-25,7909.0,actual
20,2022-05-02,7808.0,actual
20,2022-05-09,7435.0,actual
20,2022-05-16,5960.0,actual
20,2022-05-23,7601.0,actual
20,2022-05-30,6880.0,actual
20,2022-06-06,6877.0,actual
20,2022-06-13,6566.0,actual
20,2022-06-20,8054.0,actual
20,2022-06-27,7936.0,actual
20,2022-07-04,7366.0,actual
20,2022-07-11,7817.0,actual
20,2022-07-18,7319.0,actual
20,2022-07-25,12849.0,actual
20,2022-08-01,7940.0,actual
20,2022-08-08,10941.0,actual
20,2022-08-15,8908.0,actual
20,2022-08-22,7635.0,actual
20,2022-08-29,7070.0,actual
20,2022-09-05,8545.0,actual
20,2022-09-12,10785.0,actual
20,2022-09-19,10604.0,actual
20,2022-09-26,9474.0,actual
20,2022-10-03,9797.0,actual
20,2022-10-10,9785.0,actual
20,2022-10-17,8000.0,actual
20,2022-10-24,8374.0,actual
20,2022-10-31,7925.0,actual
20,2022-11-07,10234.0,actual
20,2022-11-14,10093.0,actual
20,2022-11-21,11187.0,actual
20,2022-11-28,15685.0,actual
20,2022-12-05,11524.0,actual
20,2022-12-12,11766.0,actual
20,2022-12-19,8327.0,actual
20,2022-12-26,11758.0,actual
20,2023-01-02,13825.0,actual
20,2023-01-09,9122.0,actual
20,2023-01-16,11358.0,actual
20,2023-01-23,9447.0,actual
20,2023-01-30,11679.0,actual
20,2023-02-06,11394.0,actual
20,2023-02-13,9358.0,actual
20,2023-02-20,12294.0,actual
20,2023-02-27,9791.0,actual
20,2023-03-06,3879.0,actual
20,2023-03-13,10202.0,actual
20,2023-03-20,9027.0,actual
20,2023-03-27,9176.0,actual
20,2023-04-03,7801.0,actual
20,2023-04-10,8166.0,actual
20,2023-04-17,10554.0,actual
20,2023-04-24,10913.0,actual
20,2023-05-01,9366.0,actual
20,2023-05-08,10311.0,actual
20,2023-05-15,8101.0,actual
20,2023-05-22,9051.0,actual
20,2023-05-29,9213.0,actual
20,2023-06-05,9804.0,actual
20,2023-06-12,10369.0,actual
20,2023-06-19,9275.0,actual
20,2023-06-26,8789.0,actual
20,2023-07-03,11474.0,actual
20,2023-07-10,8637.0,actual
20,2023-07-17,8093.0,actual
20,2023-07-24,9533.0,actual
20,2023-07-31,11271.0,actual
20,2023-08-07,8767.0,actual
20,2023-08-14,9096.0,actual
20,2023-08-21,9426.0,actual
20,2023-08-28,9049.0,actual
20,2023-09-04,8640.0,actual
20,2023-09-11,8802.0,actual
20,2023-09-18,10008.0,actual
20,2023-09-25,9507.0,actual
20,2023-10-02,9851.0,actual
20,2023-10-09,9294.0,actual
20,2023-10-16,10475.0,actual
20,2023-10-23,11658.0,actual
20,2023-10-30,9291.0,actual
20,2023-11-06,6581.0,actual
20,2023-11-13,9856.0,actual
20,2023-11-20,9895.0,actual
20,2023-11-27,12438.0,actual
20,2023-12-04,11917.0,actual
20,2023-12-11,11087.0,actual
20,2023-12-18,8717.0,actual
20,2023-12-25,9397.0,actual
20,2024-01-01,9578.0,actual
20,2024-01-08,9944.0,actual
20,2024-01-15,9334.0,actual
20,2024-01-22,9381.0,actual
20,2024-01-29,11207.0,actual
20,2024-02-05,9195.0,actual
20,2024-02-12,9731.0,actual
20,2024-02-19,11352.0,actual
20,2024-02-26,9938.0,actual
20,2024-03-04,8634.0,actual
20,2024-03-11,9880.0,actual
20,2024-03-18,9715.0,actual
20,2024-03-25,8560.0,actual
20,2024-04-01,8248.0,actual
20,2024-04-08,10127.0,actual
20,2024-04-15,8211.0,actual
20,2024-04-22,10688.0,actual
20,2024-04-29,11056.0,actual
20,2024-05-06,10354.0,actual
20,2024-05-13,9832.0,actual
20,2024-05-20,8307.0,actual
20,2024-05-27,8842.0,actual
20,2024-06-03,9077.0,actual
20,2024-06-10,10702.0,actual
20,2024-06-17,8973.0,actual
20,2024-06-24,10163.0,actual
20,2024-07-01,10686.0,actual
20,2024-07-08,10269.0,actual
20,2024-07-15,9742.0,actual
20,2024-07-22,10506.0,actual
20,2024-07-29,7511.0,actual
20,2024-08-05,8875.0,actual
20,2024-08-12,9110.0,actual
20,2024-08-19,7837.0,actual
20,2024-08-26,8531.0,actual
20,2024-09-02,8769.0,actual
20,2024-09-09,10008.0,actual
20,2024-09-16,9624.0,actual
20,2024-09-23,8543.0,actual
20,2024-09-30,9100.0,actual
20,2024-10-07,7239.0,actual
23,2022-01-03,12102.0,actual
23,2022-01-10,11098.0,actual
23,2022-01-17,9606.0,actual
23,2022-01-24,10714.0,actual
23,2022-01-31,14310.0,actual
23,2022-02-07,13151.0,actual
23,2022-02-14,12321.0,actual
23,2022-02-21,7142.0,actual
23,2022-02-28,10335.0,actual
23,2022-03-07,11525.0,actual
23,2022-03-14,10942.0,actual
23,2022-03-21,10331.0,actual
23,2022-03-28,12235.0,actual
23,2022-04-04,12174.0,actual
23,2022-04-11,9164.0,actual
23,2022-04-18,8387.0,actual
23,2022-04-25,13126.0,actual
23,2022-05-02,16322.0,actual
23,2022-05-09,11943.0,actual
23,2022-05-16,9307.0,actual
23,2022-05-23,9198.0,actual
23,2022-05-30,13310.0,actual
23,2022-06-06,10172.0,actual
23,2022-06-13,9252.0,actual
23,2022-06-20,11172.0,actual
23,2022-06-27,14165.0,actual
23,2022-07-04,10073.0,actual
23,2022-07-11,8466.0,actual
23,2022-07-18,8313.0,actual
23,2022-07-25,13501.0,actual
23,2022-08-01,12605.0,actual
23,2022-08-08,12397.0,actual
23,2022-08-15,9438.0,actual
23,2022-08-22,9621.0,actual
23,2022-08-29,9320.0,actual
23,2022-09-05,9080.0,actual
23,2022-09-12,12543.0,actual
23,2022-09-19,13237.0,actual
23,2022-09-26,12343.0,actual
23,2022-10-03,12164.0,actual
23,2022-10-10,9826.0,actual
23,2022-10-17,8450.0,actual
23,2022-10-24,8159.0,actual
23,2022-10-31,11056.0,actual
23,2022-11-07,13678.0,actual
23,2022-11-14,12494.0,actual
23,2022-11-21,12040.0,actual
23,2022-11-28,18607.0,actual
23,2022-12-05,14235.0,actual
23,2022-12-12,12394.0,actual
23,2022-12-19,9753.0,actual
23,2022-12-26,16155.0,actual
23,2023-01-02,19349.0,actual
23,2023-01-09,10207.0,actual
23,2023-01-16,11416.0,actual
23,2023-01-23,9647.0,actual
23,2023-01-30,13993.0,actual
23,2023-02-06,10738.0,actual
23,2023-02-13,10756.0,actual
23,2023-02-20,15791.0,actual
23,2023-02-27,12763.0,actual
23,2023-03-06,3413.0,actual
23,2023-03-13,9487.0,actual
23,2023-03-20,9995.0,actual
23,2023-03-27,12153.0,actual
23,2023-04-03,8940.0,actual
23,2023-04-10,10074.0,actual
23,2023-04-17,11859.0,actual
23,2023-04-24,15154.0,actual
23,2023-05-01,14062.0,actual
23,2023-05-08,11167.0,actual
23,2023-05-15,8689.0,actual
23,2023-05-22,7591.0,actual
23,2023-05-29,9964.0,actual
23,2023-06-05,10344.0,actual
23,2023-06-12,11235.0,actual
23,2023-06-19,10090.0,actual
23,2023-06-26,10869.0,actual
23,2023-07-03,13726.0,actual
23,2023-07-10,8257.0,actual
23,2023-07-17,8303.0,actual
23,2023-07-24,9848.0,actual
23,2023-07-31,12471.0,actual
23,2023-08-07,9185.0,actual
23,2023-08-14,11486.0,actual
23,2023-08-21,10199.0,actual
23,2023-08-28,11128.0,actual
23,2023-09-04,9230.0,actual
23,2023-09-11,9042.0,actual
23,2023-09-18,10395.0,actual
23,2023-09-25,10709.0,actual
23,2023-10-02,10952.0,actual
23,2023-10-09,11147.0,actual
23,2023-10-16,10209.0,actual
23,2023-10-23,11919.0,actual
23,2023-10-30,9836.0,actual
23,2023-11-06,5876.0,actual
23,2023-11-13,11628.0,actual
23,2023-11-20,9618.0,actual
23,2023-11-27,15235.0,actual
23,2023-12-04,13471.0,actual
23,2023-12-11,12590.0,actual
23,2023-12-18,12142.0,actual
23,2023-12-25,10292.0,actual
23,2024-01-01,12128.0,actual
23,2024-01-08,9614.0,actual
23,2024-01-15,8074.0,actual
23,2024-01-22,10277.0,actual
23,2024-01-29,13912.0,actual
23,2024-02-05,12319.0,actual
23,2024-02-12,12416.0,actual
23,2024-02-19,12431.0,actual
23,2024-02-26,12150.0,actual
23,2024-03-04,9848.0,actual
23,2024-03-11,9087.0,actual
23,2024-03-18,9674.0,actual
23,2024-03-25,10821.0,actual
23,2024-04-01,10897.0,actual
23,2024-04-08,10796.0,actual
23,2024-04-15,9979.0,actual
23,2024-04-22,11768.0,actual
23,2024-04-29,13395.0,actual
23,2024-05-06,10689.0,actual
23,2024-05-13,10301.0,actual
23,2024-05-20,10453.0,actual
23,2024-05-27,11613.0,actual
23,2024-06-03,9218.0,actual
23,2024-06-10,13795.0,actual
23,2024-06-17,11745.0,actual
23,2024-06-24,13406.0,actual
23,2024-07-01,13210.0,actual
23,2024-07-08,13706.0,actual
23,2024-07-15,10676.0,actual
23,2024-07-22,13455.0,actual
23,2024-07-29,12947.0,actual
23,2024-08-05,10290.0,actual
23,2024-08-12,8046.0,actual
23,2024-08-19,7597.0,actual
23,2024-08-26,9841.0,actual
23,2024-09-02,10851.0,actual
23,2024-09-09,9833.0,actual
23,2024-09-16,8828.0,actual
23,2024-09-23,9990.0,actual
23,2024-09-30,10253.0,actual
23,2024-10-07,7485.0,actual
24,2022-01-03,15145.0,actual
24,2022-01-10,13466.0,actual
24,2022-01-17,13403.0,actual
24,2022-01-24,13673.0,actual
24,2022-07-25,10298.0,actual
24,2022-08-01,15015.0,actual
24,2022-08-08,15901.0,actual
24,2022-08-15,15900.0,actual
24,2022-08-22,16069.0,actual
24,2022-08-29,11406.0,actual
24,2022-09-05,12952.0,actual
24,2022-09-12,15439.0,actual
24,2022-09-19,18846.0,actual
24,2022-09-26,14540.0,actual
24,2022-10-03,13546.0,actual
24,2022-10-10,14346.0,actual
24,2022-10-17,13249.0,actual
24,2022-10-24,12900.0,actual
24,2022-10-31,13445.0,actual
24,2022-11-07,18242.0,actual
24,2022-11-14,15406.0,actual
24,2022-11-21,14759.0,actual
24,2022-11-28,18176.0,actual
24,2022-12-05,16930.0,actual
24,2022-12-12,15807.0,actual
24,2022-12-19,12339.0,actual
24,2022-12-26,20056.0,actual
24,2023-01-02,23901.0,actual
24,2023-01-09,14695.0,actual
24,2023-01-16,19199.0,actual
24,2023-01-23,18346.0,actual
24,2023-01-30,18804.0,actual
24,2023-02-06,15657.0,actual
24,2023-02-13,15604.0,actual
24,2023-02-20,18902.0,actual
24,2023-02-27,16436.0,actual
24,2023-03-06,6086.0,actual
24,2023-03-13,16550.0,actual
24,2023-03-20,15139.0,actual
24,2023-03-27,15272.0,actual
24,2023-04-03,14830.0,actual
24,2023-04-10,15726.0,actual
24,2023-04-17,17097.0,actual
24,2023-04-24,17379.0,actual
24,2023-05-01,14694.0,actual
24,2023-05-08,16931.0,actual
24,2023-05-15,14127.0,actual
24,2023-05-22,13442.0,actual
24,2023-05-29,15196.0,actual
24,2023-06-05,17571.0,actual
24,2023-06-12,15764.0,actual
24,2023-06-19,14922.0,actual
24,2023-06-26,15335.0,actual
24,2023-07-03,17779.0,actual
24,2023-07-10,14250.0,actual
24,2023-07-17,15225.0,actual
24,2023-07-24,15850.0,actual
24,2023-07-31,18097.0,actual
24,2023-08-07,16528.0,actual
24,2023-08-14,18885.0,actual
24,2023-08-21,17097.0,actual
24,2023-08-28,16603.0,actual
24,2023-09-04,15444.0,actual
24,2023-09-11,15378.0,actual
24,2023-09-18,16666.0,actual
24,2023-09-25,17073.0,actual
24,2023-10-02,16849.0,actual
24,2023-10-09,19203.0,actual
24,2023-10-16,17876.0,actual
24,2023-10-23,19925.0,actual
24,2023-10-30,15730.0,actual
24,2023-11-06,12487.0,actual
24,2023-11-13,19076.0,actual
24,2023-11-20,14637.0,actual
24,2023-11-27,22936.0,actual
24,2023-12-04,19394.0,actual
24,2023-12-11,17780.0,actual
24,2023-12-18,14908.0,actual
24,2023-12-25,14278.0,actual
24,2024-01-01,17144.0,actual
24,2024-01-08,18521.0,actual
24,2024-01-15,18796.0,actual
24,2024-01-22,20419.0,actual
24,2024-01-29,22737.0,actual
24,2024-02-05,19150.0,actual
24,2024-02-12,18640.0,actual
24,2024-02-19,16859.0,actual
24,2024-02-26,18947.0,actual
24,2024-03-04,18589.0,actual
24,2024-03-11,16947.0,actual
24,2024-03-18,18174.0,actual
24,2024-03-25,16234.0,actual
24,2024-04-01,15916.0,actual
24,2024-04-08,18222.0,actual
24,2024-04-15,16295.0,actual
24,2024-04-22,18390.0,actual
24,2024-04-29,18317.0,actual
24,2024-05-06,17339.0,actual
24,2024-05-13,17368.0,actual
24,2024-05-20,16259.0,actual
24,2024-05-27,17033.0,actual
24,2024-06-03,17061.0,actual
24,2024-06-10,16985.0,actual
24,2024-06-17,17548.0,actual
24,2024-06-24,19271.0,actual
24,2024-07-01,20350.0,actual
24,2024-07-08,19191.0,actual
24,2024-07-15,18602.0,actual
24,2024-07-22,19864.0,actual
24,2024-07-29,17439.0,actual
24,2024-08-05,17230.0,actual
24,2024-08-12,17087.0,actual
24,2024-08-19,17615.0,actual
24,2024-08-26,16149.0,actual
24,2024-09-02,19637.0,actual
24,2024-09-09,18840.0,actual
24,2024-09-16,18067.0,actual
24,2024-09-23,17544.0,actual
24,2024-09-30,17959.0,actual
24,2024-10-07,15987.0,actual
26,2022-01-03,6097.0,actual
26,2022-01-10,6079.0,actual
26,2022-01-17,5085.0,actual
26,2022-01-24,4478.0,actual
26,2022-01-31,9513.0,actual
26,2022-02-07,8268.0,actual
26,2022-02-14,7511.0,actual
26,2022-02-21,5398.0,actual
26,2022-02-28,4206.0,actual
26,2022-03-07,5548.0,actual
26,2022-03-14,5525.0,actual
26,2022-03-21,4601.0,actual
26,2022-03-28,4675.0,actual
26,2022-04-04,3976.0,actual
26,2022-04-11,4670.0,actual
26,2022-04-18,4033.0,actual
26,2022-04-25,4701.0,actual
26,2022-05-02,6605.0,actual
26,2022-05-09,4941.0,actual
26,2022-05-16,3848.0,actual
26,2022-05-23,4853.0,actual
26,2022-05-30,5238.0,actual
26,2022-06-06,5807.0,actual
26,2022-06-13,4052.0,actual
26,2022-06-20,5060.0,actual
26,2022-06-27,5967.0,actual
26,2022-07-04,6004.0,actual
26,2022-07-11,4934.0,actual
26,2022-07-18,4405.0,actual
26,2022-07-25,4939.0,actual
26,2022-08-01,5425.0,actual
26,2022-08-08,10771.0,actual
26,2022-08-15,6305.0,actual
26,2022-08-22,4754.0,actual
26,2022-08-29,4262.0,actual
26,2022-09-05,6325.0,actual
26,2022-09-12,6461.0,actual
26,2022-09-19,7679.0,actual
26,2022-09-26,4964.0,actual
26,2022-10-03,5179.0,actual
26,2022-10-10,5626.0,actual
26,2022-10-17,5634.0,actual
26,2022-10-24,4720.0,actual
26,2022-10-31,4403.0,actual
26,2022-11-07,7776.0,actual
26,2022-11-14,6702.0,actual
26,2022-11-21,5384.0,actual
26,2022-11-28,13952.0,actual
26,2022-12-05,8576.0,actual
26,2022-12-12,6973.0,actual
26,2022-12-19,7349.0,actual
26,2022-12-26,9212.0,actual
26,2023-01-02,7833.0,actual
26,2023-01-09,5359.0,actual
26,2023-01-16,5752.0,actual
26,2023-01-23,6867.0,actual
26,2023-01-30,5810.0,actual
26,2023-02-06,6089.0,actual
26,2023-02-13,6471.0,actual
26,2023-02-20,10708.0,actual
26,2023-02-27,6477.0,actual
26,2023-03-06,3759.0,actual
26,2023-03-13,6637.0,actual
26,2023-03-20,6142.0,actual
26,2023-03-27,6256.0,actual
26,2023-04-03,5140.0,actual
26,2023-04-10,5102.0,actual
26,2023-04-17,8603.0,actual
26,2023-04-24,8985.0,actual
26,2023-05-01,9117.0,actual
26,2023-05-08,8962.0,actual
26,2023-05-15,5488.0,actual
26,2023-05-22,5281.0,actual
26,2023-05-29,5607.0,actual
26,2023-06-05,7339.0,actual
26,2023-06-12,7322.0,actual
26,2023-06-19,6256.0,actual
26,2023-06-26,6945.0,actual
26,2023-07-03,7782.0,actual
26,2023-07-10,5004.0,actual
26,2023-07-17,4798.0,actual
26,2023-07-24,7757.0,actual
26,2023-07-31,5906.0,actual
26,2023-08-07,5513.0,actual
26,2023-08-14,6071.0,actual
26,2023-08-21,5682.0,actual
26,2023-08-28,5928.0,actual
26,2023-09-04,5196.0,actual
26,2023-09-11,5198.0,actual
26,2023-09-18,6336.0,actual
26,2023-09-25,6356.0,actual
26,2023-10-02,7666.0,actual
26,2023-10-09,7318.0,actual
26,2023-10-16,5395.0,actual
26,2023-10-23,6492.0,actual
26,2023-10-30,6177.0,actual
26,2023-11-06,5469.0,actual
26,2023-11-13,7319.0,actual
26,2023-11-20,5823.0,actual
26,2023-11-27,8571.0,actual
26,2023-12-04,7273.0,actual
26,2023-12-11,6896.0,actual
26,2023-12-18,5324.0,actual
26,2023-12-25,6096.0,actual
26,2024-01-01,7107.0,actual
26,2024-01-08,6890.0,actual
26,2024-01-15,5611.0,actual
26,2024-01-22,8078.0,actual
26,2024-01-29,9643.0,actual
26,2024-02-05,6309.0,actual
26,2024-02-12,7527.0,actual
26,2024-02-19,6662.0,actual
26,2024-02-26,6940.0,actual
26,2024-03-04,6214.0,actual
26,2024-03-11,5262.0,actual
26,2024-03-18,5676.0,actual
26,2024-03-25,5683.0,actual
26,2024-04-01,5150.0,actual
26,2024-04-08,5512.0,actual
26,2024-04-15,4530.0,actual
26,2024-04-22,7756.0,actual
26,2024-04-29,5592.0,actual
26,2024-05-06,6405.0,actual
26,2024-05-13,5420.0,actual
26,2024-05-20,5074.0,actual
26,2024-05-27,5577.0,actual
26,2024-06-03,4933.0,actual
26,2024-06-10,6709.0,actual
26,2024-06-17,6721.0,actual
26,2024-06-24,7203.0,actual
26,2024-07-01,6101.0,actual
26,2024-07-08,6260.0,actual
26,2024-07-15,5734.0,actual
26,2024-07-22,7834.0,actual
26,2024-07-29,5952.0,actual
26,2024-08-05,5559.0,actual
26,2024-08-12,5046.0,actual
26,2024-08-19,3653.0,actual
26,2024-08-26,5065.0,actual
26,2024-09-02,5978.0,actual
26,2024-09-09,5537.0,actual
26,2024-09-16,4400.0,actual
26,2024-09-23,5081.0,actual
26,2024-09-30,5653.0,actual
26,2024-10-07,4870.0,actual
27,2022-01-03,17290.0,actual
27,2022-01-10,16146.0,actual
27,2022-01-17,14188.0,actual
27,2022-01-24,16899.0,actual
27,2022-01-31,21045.0,actual
27,2022-02-07,20790.0,actual
27,2022-02-14,20639.0,actual
27,2022-02-21,13176.0,actual
27,2022-02-28,16164.0,actual
27,2022-03-07,16594.0,actual
27,2022-03-14,17956.0,actual
27,2022-03-21,14225.0,actual
27,2022-03-28,13446.0,actual
27,2022-04-04,14172.0,actual
27,2022-04-11,12570.0,actual
27,2022-04-18,15048.0,actual
27,2022-04-25,16895.0,actual
27,2022-05-02,17609.0,actual
27,2022-05-09,16362.0,actual
27,2022-05-16,12943.0,actual
27,2022-05-23,13918.0,actual
27,2022-05-30,16422.0,actual
27,2022-06-06,16366.0,actual
27,2022-06-13,13203.0,actual
27,2022-06-20,15197.0,actual
27,2022-06-27,16646.0,actual
27,2022-07-04,13474.0,actual
27,2022-07-11,12129.0,actual
27,2022-07-18,11420.0,actual
27,2022-07-25,20586.0,actual
27,2022-08-01,15933.0,actual
27,2022-08-08,15113.0,actual
27,2022-08-15,14036.0,actual
27,2022-08-22,13521.0,actual
27,2022-08-29,11249.0,actual
27,2022-09-05,11488.0,actual
27,2022-09-12,17097.0,actual
27,2022-09-19,17491.0,actual
27,2022-09-26,14849.0,actual
27,2022-10-03,15758.0,actual
27,2022-10-10,15263.0,actual
27,2022-10-17,14567.0,actual
27,2022-10-24,12611.0,actual
27,2022-10-31,13776.0,actual
27,2022-11-07,16381.0,actual
27,2022-11-14,16893.0,actual
27,2022-11-21,15611.0,actual
27,2022-11-28,19072.0,actual
27,2022-12-05,17895.0,actual
27,2022-12-12,17976.0,actual
27,2022-12-19,14554.0,actual
27,2022-12-26,18320.0,actual
27,2023-01-02,22265.0,actual
27,2023-01-09,13919.0,actual
27,2023-01-16,16360.0,actual
27,2023-01-23,15874.0,actual
27,2023-01-30,19720.0,actual
27,2023-02-06,17194.0,actual
27,2023-02-13,17207.0,actual
27,2023-02-20,20328.0,actual
27,2023-02-27,18541.0,actual
27,2023-03-06,6736.0,actual
27,2023-03-13,15144.0,actual
27,2023-03-20,15216.0,actual
27,2023-03-27,15943.0,actual
27,2023-04-03,13883.0,actual
27,2023-04-10,14643.0,actual
27,2023-04-17,17593.0,actual
27,2023-04-24,16940.0,actual
27,2023-05-01,16264.0,actual
27,2023-05-08,16346.0,actual
27,2023-05-15,14364.0,actual
27,2023-05-22,13388.0,actual
27,2023-05-29,15213.0,actual
27,2023-06-05,18025.0,actual
27,2023-06-12,17652.0,actual
27,2023-06-19,16221.0,actual
27,2023-06-26,16199.0,actual
27,2023-07-03,17645.0,actual
27,2023-07-10,12619.0,actual
27,2023-07-17,13945.0,actual
27,2023-07-24,14673.0,actual
27,2023-07-31,17602.0,actual
27,2023-08-07,15708.0,actual
27,2023-08-14,16584.0,actual
27,2023-08-21,16288.0,actual
27,2023-08-28,15777.0,actual
27,2023-09-04,14342.0,actual
27,2023-09-11,13598.0,actual
27,2023-09-18,14687.0,actual
27,2023-09-25,16289.0,actual
27,2023-10-02,17706.0,actual
27,2023-10-09,18523.0,actual
27,2023-10-16,15873.0,actual
27,2023-10-23,17366.0,actual
27,2023-10-30,14052.0,actual
27,2023-11-06,11509.0,actual
27,2023-11-13,18041.0,actual
27,2023-11-20,16049.0,actual
27,2023-11-27,21253.0,actual
27,2023-12-04,20520.0,actual
27,2023-12-11,17136.0,actual
27,2023-12-18,15562.0,actual
27,2023-12-25,12950.0,actual
27,2024-01-01,16710.0,actual
27,2024-01-08,15715.0,actual
27,2024-01-15,14604.0,actual
27,2024-01-22,17104.0,actual
27,2024-01-29,20015.0,actual
27,2024-02-05,16896.0,actual
27,2024-02-12,16963.0,actual
27,2024-02-19,16035.0,actual
27,2024-02-26,16678.0,actual
27,2024-03-04,16597.0,actual
27,2024-03-11,15252.0,actual
27,2024-03-18,16923.0,actual
27,2024-03-25,14602.0,actual
27,2024-04-01,12339.0,actual
27,2024-04-08,15851.0,actual
27,2024-04-15,15345.0,actual
27,2024-04-22,18433.0,actual
27,2024-04-29,17042.0,actual
27,2024-05-06,15917.0,actual
27,2024-05-13,14614.0,actual
27,2024-05-20,13876.0,actual
27,2024-05-27,15858.0,actual
27,2024-06-03,14143.0,actual
27,2024-06-10,16808.0,actual
27,2024-06-17,17803.0,actual
27,2024-06-24,18569.0,actual
27,2024-07-01,16845.0,actual
27,2024-07-08,18412.0,actual
27,2024-07-15,16076.0,actual
27,2024-07-22,17804.0,actual
27,2024-07-29,14182.0,actual
27,2024-08-05,15656.0,actual
27,2024-08-12,13464.0,actual
27,2024-08-19,12527.0,actual
27,2024-08-26,13491.0,actual
27,2024-09-02,15940.0,actual
27,2024-09-09,14623.0,actual
27,2024-09-16,14092.0,actual
27,2024-09-23,14415.0,actual
27,2024-09-30,15288.0,actual
27,2024-10-07,13744.0,actual
29,2022-01-03,6693.0,actual
29,2022-01-10,6466.0,actual
29,2022-01-17,4670.0,actual
29,2022-01-24,5787.0,actual
29,2022-01-31,10612.0,actual
29,2022-02-07,9705.0,actual
29,2022-02-14,9659.0,actual
29,2022-02-21,6922.0,actual
29,2022-02-28,6007.0,actual
29,2022-03-07,7858.0,actual
29,2022-03-14,5877.0,actual
29,2022-03-21,5519.0,actual
29,2022-03-28,4914.0,actual
29,2022-04-04,4666.0,actual
29,2022-04-11,5380.0,actual
29,2022-04-18,5325.0,actual
29,2022-04-25,8294.0,actual
29,2022-05-02,10723.0,actual
29,2022-05-09,6063.0,actual
29,2022-05-16,5758.0,actual
29,2022-05-23,7521.0,actual
29,2022-05-30,9853.0,actual
29,2022-06-06,8445.0,actual
29,2022-06-13,6639.0,actual
29,2022-06-20,8102.0,actual
29,2022-06-27,8166.0,actual
29,2022-07-04,6647.0,actual
29,2022-07-11,5678.0,actual
29,2022-07-18,6723.0,actual
29,2022-07-25,7499.0,actual
29,2022-08-01,9318.0,actual
29,2022-08-08,13149.0,actual
29,2022-08-15,6378.0,actual
29,2022-08-22,6598.0,actual
29,2022-08-29,6582.0,actual
29,2022-09-05,6619.0,actual
29,2022-09-12,10104.0,actual
29,2022-09-19,9343.0,actual
29,2022-09-26,7741.0,actual
29,2022-10-03,7387.0,actual
29,2022-10-10,7526.0,actual
29,2022-10-17,8160.0,actual
29,2022-10-24,6802.0,actual
29,2022-10-31,7493.0,actual
29,2022-11-07,7496.0,actual
29,2022-11-14,10498.0,actual
29,2022-11-21,9286.0,actual
29,2022-11-28,16865.0,actual
29,2022-12-05,7946.0,actual
29,2022-12-12,8647.0,actual
29,2022-12-19,8091.0,actual
29,2022-12-26,9368.0,actual
29,2023-01-02,8175.0,actual
29,2023-01-09,6718.0,actual
29,2023-01-16,7598.0,actual
29,2023-01-23,9836.0,actual
29,2023-01-30,10054.0,actual
29,2023-02-06,8003.0,actual
29,2023-02-13,6675.0,actual
29,2023-02-20,15674.0,actual
29,2023-02-27,7853.0,actual
29,2023-03-06,4785.0,actual
29,2023-03-13,6722.0,actual
29,2023-03-20,6560.0,actual
29,2023-03-27,8708.0,actual
29,2023-04-03,6651.0,actual
29,2023-04-10,7721.0,actual
29,2023-04-17,11068.0,actual
29,2023-04-24,11473.0,actual
29,2023-05-01,10721.0,actual
29,2023-05-08,11875.0,actual
29,2023-05-15,6705.0,actual
29,2023-05-22,6229.0,actual
29,2023-05-29,8403.0,actual
29,2023-06-05,11240.0,actual
29,2023-06-12,9297.0,actual
29,2023-06-19,8534.0,actual
29,2023-06-26,9541.0,actual
29,2023-07-03,9796.0,actual
29,2023-07-10,6152.0,actual
29,2023-07-17,5860.0,actual
29,2023-07-24,9484.0,actual
29,2023-07-31,6634.0,actual
29,2023-08-07,7022.0,actual
29,2023-08-14,6869.0,actual
29,2023-08-21,7334.0,actual
29,2023-08-28,7139.0,actual
29,2023-09-04,6545.0,actual
29,2023-09-11,6884.0,actual
29,2023-09-18,6881.0,actual
29,2023-09-25,7104.0,actual
29,2023-10-02,8711.0,actual
29,2023-10-09,8418.0,actual
29,2023-10-16,6434.0,actual
29,2023-10-23,8512.0,actual
29,2023-10-30,6340.0,actual
29,2023-11-06,5368.0,actual
29,2023-11-13,7555.0,actual
29,2023-11-20,7720.0,actual
29,2023-11-27,7155.0,actual
29,2023-12-04,7715.0,actual
29,2023-12-11,6875.0,actual
29,2023-12-18,5002.0,actual
29,2023-12-25,7568.0,actual
29,2024-01-01,7184.0,actual
29,2024-01-08,7342.0,actual
29,2024-01-15,6187.0,actual
29,2024-01-22,8128.0,actual
29,2024-01-29,8130.0,actual
29,2024-02-05,7471.0,actual
29,2024-02-12,8356.0,actual
29,2024-02-19,8873.0,actual
29,2024-02-26,7622.0,actual
29,2024-03-04,6775.0,actual
29,2024-03-11,7506.0,actual
29,2024-03-18,9216.0,actual
29,2024-03-25,6285.0,actual
29,2024-04-01,5054.0,actual
29,2024-04-08,6270.0,actual
29,2024-04-15,5369.0,actual
29,2024-04-22,8457.0,actual
29,2024-04-29,7655.0,actual
29,2024-05-06,7788.0,actual
29,2024-05-13,7079.0,actual
29,2024-05-20,6304.0,actual
29,2024-05-27,7413.0,actual
29,2024-06-03,6277.0,actual
29,2024-06-10,8655.0,actual
29,2024-06-17,6904.0,actual
29,2024-06-24,8436.0,actual
29,2024-07-01,8546.0,actual
29,2024-07-08,7563.0,actual
29,2024-07-15,7086.0,actual
29,2024-07-22,10674.0,actual
29,2024-07-29,7124.0,actual
29,2024-08-05,7150.0,actual
29,2024-08-12,5795.0,actual
29,2024-08-19,5252.0,actual
29,2024-08-26,7153.0,actual
29,2024-09-02,6934.0,actual
29,2024-09-09,5801.0,actual
29,2024-09-16,6052.0,actual
29,2024-09-23,6695.0,actual
29,2024-09-30,6394.0,actual
29,2024-10-07,5166.0,actual
30,2022-01-03,11654.0,actual
30,2022-01-10,12166.0,actual
30,2022-01-17,11466.0,actual
30,2022-01-24,12262.0,actual
30,2022-01-31,17741.0,actual
30,2022-02-07,14958.0,actual
30,2022-02-14,12521.0,actual
30,2022-02-21,8932.0,actual
30,2022-02-28,12139.0,actual
30,2022-03-07,11726.0,actual
30,2022-03-14,12503.0,actual
30,2022-03-21,11090.0,actual
30,2022-03-28,10545.0,actual
30,2022-04-04,11746.0,actual
30,2022-04-11,10275.0,actual
30,2022-04-18,9379.0,actual
30,2022-04-25,11233.0,actual
30,2022-05-02,13303.0,actual
30,2022-05-09,11901.0,actual
30,2022-05-16,10845.0,actual
30,2022-05-23,11159.0,actual
30,2022-05-30,13206.0,actual
30,2022-06-06,11981.0,actual
30,2022-06-13,10339.0,actual
30,2022-06-20,11679.0,actual
30,2022-06-27,13025.0,actual
30,2022-07-04,11474.0,actual
30,2022-07-11,10600.0,actual
30,2022-07-18,11015.0,actual
30,2022-07-25,18573.0,actual
30,2022-08-01,11637.0,actual
30,2022-08-08,12886.0,actual
30,2022-08-15,10933.0,actual
30,2022-08-22,10681.0,actual
30,2022-08-29,8534.0,actual
30,2022-09-05,9897.0,actual
30,2022-09-12,13257.0,actual
30,2022-09-19,13664.0,actual
30,2022-09-26,11193.0,actual
30,2022-10-03,13031.0,actual
30,2022-10-10,12419.0,actual
30,2022-10-17,10798.0,actual
30,2022-10-24,10231.0,actual
30,2022-10-31,11343.0,actual
30,2022-11-07,14037.0,actual
30,2022-11-14,12355.0,actual
30,2022-11-21,12533.0,actual
30,2022-11-28,16863.0,actual
30,2022-12-05,13391.0,actual
30,2022-12-12,14278.0,actual
30,2022-12-19,10942.0,actual
30,2022-12-26,15656.0,actual
30,2023-01-02,19870.0,actual
30,2023-01-09,12460.0,actual
30,2023-01-16,12885.0,actual
30,2023-01-23,11756.0,actual
30,2023-01-30,13830.0,actual
30,2023-02-06,11590.0,actual
30,2023-02-13,10396.0,actual
30,2023-02-20,16906.0,actual
30,2023-02-27,12359.0,actual
30,2023-03-06,4794.0,actual
30,2023-03-13,12494.0,actual
30,2023-03-20,12765.0,actual
30,2023-03-27,13046.0,actual
30,2023-04-03,9594.0,actual
30,2023-04-10,10898.0,actual
30,2023-04-17,14030.0,actual
30,2023-04-24,15585.0,actual
30,2023-05-01,13632.0,actual
30,2023-05-08,14825.0,actual
30,2023-05-15,10803.0,actual
30,2023-05-22,10241.0,actual
30,2023-05-29,12015.0,actual
30,2023-06-05,13201.0,actual
30,2023-06-12,14164.0,actual
30,2023-06-19,14168.0,actual
30,2023-06-26,13066.0,actual
30,2023-07-03,15518.0,actual
30,2023-07-10,9547.0,actual
30,2023-07-17,9941.0,actual
30,2023-07-24,12377.0,actual
30,2023-07-31,13882.0,actual
30,2023-08-07,11181.0,actual
30,2023-08-14,13409.0,actual
30,2023-08-21,12211.0,actual
30,2023-08-28,12118.0,actual
30,2023-09-04,10726.0,actual
30,2023-09-11,11061.0,actual
30,2023-09-18,12678.0,actual
30,2023-09-25,13457.0,actual
30,2023-10-02,11964.0,actual
30,2023-10-09,13296.0,actual
30,2023-10-16,12962.0,actual
30,2023-10-23,14694.0,actual
30,2023-10-30,12698.0,actual
30,2023-11-06,10203.0,actual
30,2023-11-13,13261.0,actual
30,2023-11-20,11700.0,actual
30,2023-11-27,16792.0,actual
30,2023-12-04,16658.0,actual
30,2023-12-11,15616.0,actual
30,2023-12-18,12807.0,actual
30,2023-12-25,11390.0,actual
30,2024-01-01,14016.0,actual
30,2024-01-08,12077.0,actual
30,2024-01-15,12157.0,actual
30,2024-01-22,12836.0,actual
30,2024-01-29,15811.0,actual
30,2024-02-05,14287.0,actual
30,2024-02-12,15227.0,actual
30,2024-02-19,13359.0,actual
30,2024-02-26,13894.0,actual
30,2024-03-04,12866.0,actual
30,2024-03-11,11745.0,actual
30,2024-03-18,11945.0,actual
30,2024-03-25,12618.0,actual
30,2024-04-01,10862.0,actual
30,2024-04-08,11881.0,actual
30,2024-04-15,11103.0,actual
30,2024-04-22,14820.0,actual
30,2024-04-29,13808.0,actual
30,2024-05-06,12908.0,actual
30,2024-05-13,11226.0,actual
30,2024-05-20,11665.0,actual
30,2024-05-27,12813.0,actual
30,2024-06-03,11269.0,actual
30,2024-06-10,15424.0,actual
30,2024-06-17,12837.0,actual
30,2024-06-24,14205.0,actual
30,2024-07-01,13526.0,actual
30,2024-07-08,13824.0,actual
30,2024-07-15,12953.0,actual
30,2024-07-22,13005.0,actual
30,2024-07-29,11521.0,actual
30,2024-08-05,10365.0,actual
30,2024-08-12,10647.0,actual
30,2024-08-19,11250.0,actual
30,2024-08-26,10850.0,actual
30,2024-09-02,12539.0,actual
30,2024-09-09,11886.0,actual
30,2024-09-16,12971.0,actual
30,2024-09-23,11441.0,actual
30,2024-09-30,12157.0,actual
30,2024-10-07,10058.0,actual
32,2022-01-03,6610.0,actual
32,2022-01-10,7021.0,actual
32,2022-01-17,6888.0,actual
32,2022-01-24,6301.0,actual
32,2022-01-31,11102.0,actual
32,2022-02-07,10206.0,actual
32,2022-02-14,9592.0,actual
32,2022-02-21,8161.0,actual
32,2022-02-28,6748.0,actual
32,2022-03-07,9200.0,actual
32,2022-03-14,8753.0,actual
32,2022-03-21,7124.0,actual
32,2022-03-28,6319.0,actual
32,2022-04-04,5976.0,actual
32,2022-04-11,7715.0,actual
32,2022-04-18,7571.0,actual
32,2022-04-25,9148.0,actual
32,2022-05-02,10472.0,actual
32,2022-05-09,7957.0,actual
32,2022-05-16,7931.0,actual
32,2022-05-23,8195.0,actual
32,2022-05-30,8667.0,actual
32,2022-06-06,8201.0,actual
32,2022-06-13,6798.0,actual
32,2022-06-20,7687.0,actual
32,2022-06-27,7887.0,actual
32,2022-07-04,7959.0,actual
32,2022-07-11,6991.0,actual
32,2022-07-18,6815.0,actual
32,2022-07-25,7880.0,actual
32,2022-08-01,8043.0,actual
32,2022-08-08,12952.0,actual
32,2022-08-15,8647.0,actual
32,2022-08-22,7470.0,actual
32,2022-08-29,7139.0,actual
32,2022-09-05,8374.0,actual
32,2022-09-12,9188.0,actual
32,2022-09-19,9953.0,actual
32,2022-09-26,8006.0,actual
32,2022-10-03,8117.0,actual
32,2022-10-10,8278.0,actual
32,2022-10-17,8329.0,actual
32,2022-10-24,7565.0,actual
32,2022-10-31,7905.0,actual
32,2022-11-07,9558.0,actual
32,2022-11-14,8349.0,actual
32,2022-11-21,8069.0,actual
32,2022-11-28,12966.0,actual
32,2022-12-05,9182.0,actual
32,2022-12-12,7461.0,actual
32,2022-12-19,10243.0,actual
32,2022-12-26,9649.0,actual
32,2023-01-02,9074.0,actual
32,2023-01-09,7878.0,actual
32,2023-01-16,8564.0,actual
32,2023-01-23,9679.0,actual
32,2023-01-30,9518.0,actual
32,2023-02-06,7867.0,actual
32,2023-02-13,8231.0,actual
32,2023-02-20,12742.0,actual
32,2023-02-27,8839.0,actual
32,2023-03-06,4664.0,actual
32,2023-03-13,8529.0,actual
32,2023-03-20,7745.0,actual
32,2023-03-27,8171.0,actual
32,2023-04-03,7306.0,actual
32,2023-04-10,8463.0,actual
32,2023-04-17,9488.0,actual
32,2023-04-24,11067.0,actual
32,2023-05-01,10914.0,actual
32,2023-05-08,12167.0,actual
32,2023-05-15,7454.0,actual
32,2023-05-22,7782.0,actual
32,2023-05-29,8422.0,actual
32,2023-06-05,9985.0,actual
32,2023-06-12,9499.0,actual
32,2023-06-19,7972.0,actual
32,2023-06-26,8303.0,actual
32,2023-07-03,9625.0,actual
32,2023-07-10,7172.0,actual
32,2023-07-17,6575.0,actual
32,2023-07-24,9676.0,actual
32,2023-07-31,8484.0,actual
32,2023-08-07,8547.0,actual
32,2023-08-14,9534.0,actual
32,2023-08-21,9021.0,actual
32,2023-08-28,8198.0,actual
32,2023-09-04,7833.0,actual
32,2023-09-11,7913.0,actual
32,2023-09-18,7543.0,actual
32,2023-09-25,7752.0,actual
32,2023-10-02,9140.0,actual
32,2023-10-09,9150.0,actual
32,2023-10-16,7780.0,actual
32,2023-10-23,9297.0,actual
32,2023-10-30,7322.0,actual
32,2023-11-06,6957.0,actual
32,2023-11-13,8431.0,actual
32,2023-11-20,8090.0,actual
32,2023-11-27,9710.0,actual
32,2023-12-04,8918.0,actual
32,2023-12-11,8092.0,actual
32,2023-12-18,7034.0,actual
32,2023-12-25,8944.0,actual
32,2024-01-01,9089.0,actual
32,2024-01-08,9250.0,actual
32,2024-01-15,8185.0,actual
32,2024-01-22,10363.0,actual
32,2024-01-29,10055.0,actual
32,2024-02-05,9216.0,actual
32,2024-02-12,9180.0,actual
32,2024-02-19,9314.0,actual
32,2024-02-26,9131.0,actual
32,2024-03-04,8735.0,actual
32,2024-03-11,8793.0,actual
32,2024-03-18,10148.0,actual
32,2024-03-25,8739.0,actual
32,2024-04-01,8038.0,actual
32,2024-04-08,8458.0,actual
32,2024-04-15,8400.0,actual
32,2024-04-22,9417.0,actual
32,2024-04-29,8722.0,actual
32,2024-05-06,9525.0,actual
32,2024-05-13,9247.0,actual
32,2024-05-20,8837.0,actual
32,2024-05-27,9048.0,actual
32,2024-06-03,8337.0,actual
32,2024-06-10,9069.0,actual
32,2024-06-17,8651.0,actual
32,2024-06-24,9633.0,actual
32,2024-07-01,9048.0,actual
32,2024-07-08,8810.0,actual
32,2024-07-15,9180.0,actual
32,2024-07-22,11756.0,actual
32,2024-07-29,7952.0,actual
32,2024-08-05,8727.0,actual
32,2024-08-12,8739.0,actual
32,2024-08-19,7218.0,actual
32,2024-08-26,8460.0,actual
32,2024-09-02,8213.0,actual
32,2024-09-09,8975.0,actual
32,2024-09-16,8356.0,actual
32,2024-09-23,8298.0,actual
32,2024-09-30,9556.0,actual
32,2024-10-07,7948.0,actual
34,2022-01-03,7517.0,actual
34,2022-01-10,7369.0,actual
34,2022-01-17,7006.0,actual
34,2022-01-24,6778.0,actual
34,2022-01-31,10546.0,actual
34,2022-02-07,9032.0,actual
34,2022-02-14,9180.0,actual
34,2022-02-21,8305.0,actual
34,2022-02-28,8078.0,actual
34,2022-03-07,7640.0,actual
34,2022-03-14,7594.0,actual
34,2022-03-21,7757.0,actual
34,2022-03-28,6761.0,actual
34,2022-04-04,6659.0,actual
34,2022-04-11,6789.0,actual
34,2022-04-18,7634.0,actual
34,2022-04-25,9352.0,actual
34,2022-05-02,10423.0,actual
34,2022-05-09,8723.0,actual
34,2022-05-16,8078.0,actual
34,2022-05-23,8240.0,actual
34,2022-05-30,8202.0,actual
34,2022-06-06,8240.0,actual
34,2022-06-13,6393.0,actual
34,2022-06-20,7959.0,actual
34,2022-06-27,7671.0,actual
34,2022-07-04,7829.0,actual
34,2022-07-11,7424.0,actual
34,2022-07-18,6892.0,actual
34,2022-07-25,7928.0,actual
34,2022-08-01,7208.0,actual
34,2022-08-08,11906.0,actual
34,2022-08-15,8746.0,actual
34,2022-08-22,7345.0,actual
34,2022-08-29,6235.0,actual
34,2022-09-05,8705.0,actual
34,2022-09-12,8967.0,actual
34,2022-09-19,10260.0,actual
34,2022-09-26,8436.0,actual
34,2022-10-03,8607.0,actual
34,2022-10-10,8417.0,actual
34,2022-10-17,8923.0,actual
34,2022-10-24,8652.0,actual
34,2022-10-31,8283.0,actual
34,2022-11-07,9548.0,actual
34,2022-11-14,7987.0,actual
34,2022-11-21,7224.0,actual
34,2022-11-28,11321.0,actual
34,2022-12-05,9123.0,actual
34,2022-12-12,8828.0,actual
34,2022-12-19,7045.0,actual
34,2022-12-26,9528.0,actual
34,2023-01-02,8640.0,actual
34,2023-01-09,7404.0,actual
34,2023-01-16,9381.0,actual
34,2023-01-23,9806.0,actual
34,2023-01-30,8165.0,actual
34,2023-02-06,8778.0,actual
34,2023-02-13,9045.0,actual
34,2023-02-20,10468.0,actual
34,2023-02-27,8730.0,actual
34,2023-03-06,4358.0,actual
34,2023-03-13,9557.0,actual
34,2023-03-20,7972.0,actual
34,2023-03-27,8606.0,actual
34,2023-04-03,7436.0,actual
34,2023-04-10,8648.0,actual
34,2023-04-17,9138.0,actual
34,2023-04-24,10073.0,actual
34,2023-05-01,9450.0,actual
34,2023-05-08,9169.0,actual
34,2023-05-15,8528.0,actual
34,2023-05-22,8395.0,actual
34,2023-05-29,7790.0,actual
34,2023-06-05,9729.0,actual
34,2023-06-12,8005.0,actual
34,2023-06-19,7905.0,actual
34,2023-06-26,7488.0,actual
34,2023-07-03,7866.0,actual
34,2023-07-10,6832.0,actual
34,2023-07-17,7641.0,actual
34,2023-07-24,9150.0,actual
34,2023-07-31,7666.0,actual
34,2023-08-07,7924.0,actual
34,2023-08-14,8965.0,actual
34,2023-08-21,7803.0,actual
34,2023-08-28,7539.0,actual
34,2023-09-04,7319.0,actual
34,2023-09-11,7471.0,actual
34,2023-09-18,8587.0,actual
34,2023-09-25,8077.0,actual
34,2023-10-02,8494.0,actual
34,2023-10-09,8897.0,actual
34,2023-10-16,8198.0,actual
34,2023-10-23,8084.0,actual
34,2023-10-30,7230.0,actual
34,2023-11-06,6678.0,actual
34,2023-11-13,8514.0,actual
34,2023-11-20,7221.0,actual
34,2023-11-27,10379.0,actual
34,2023-12-04,9358.0,actual
34,2023-12-11,7712.0,actual
34,2023-12-18,5960.0,actual
34,2023-12-25,8621.0,actual
34,2024-01-01,8691.0,actual
34,2024-01-08,9140.0,actual
34,2024-01-15,7889.0,actual
34,2024-01-22,9673.0,actual
34,2024-01-29,9714.0,actual
34,2024-02-05,8676.0,actual
34,2024-02-12,8448.0,actual
34,2024-02-19,7651.0,actual
34,2024-02-26,8642.0,actual
34,2024-03-04,8061.0,actual
34,2024-03-11,8115.0,actual
34,2024-03-18,7761.0,actual
34,2024-03-25,8795.0,actual
34,2024-04-01,7328.0,actual
34,2024-04-08,8128.0,actual
34,2024-04-15,8415.0,actual
34,2024-04-22,8180.0,actual
34,2024-04-29,8255.0,actual
34,2024-05-06,9406.0,actual
34,2024-05-13,9324.0,actual
34,2024-05-20,7337.0,actual
34,2024-05-27,7453.0,actual
34,2024-06-03,6935.0,actual
34,2024-06-10,8013.0,actual
34,2024-06-17,7890.0,actual
34,2024-06-24,7336.0,actual
34,2024-07-01,7188.0,actual
34,2024-07-08,8178.0,actual
34,2024-07-15,6915.0,actual
34,2024-07-22,8991.0,actual
34,2024-07-29,6648.0,actual
34,2024-08-05,7071.0,actual
34,2024-08-12,7186.0,actual
34,2024-08-19,6988.0,actual
34,2024-08-26,6039.0,actual
34,2024-09-02,6132.0,actual
34,2024-09-09,7125.0,actual
34,2024-09-16,6258.0,actual
34,2024-09-23,6396.0,actual
34,2024-09-30,6783.0,actual
34,2024-10-07,5600.0,actual
36,2022-01-03,12570.0,actual
36,2022-01-10,11438.0,actual
36,2022-01-17,10695.0,actual
36,2022-01-24,13611.0,actual
36,2022-01-31,19340.0,actual
36,2022-02-07,14828.0,actual
36,2022-02-14,15743.0,actual
36,2022-02-21,11144.0,actual
36,2022-02-28,11673.0,actual
36,2022-03-07,14334.0,actual
36,2022-03-14,13441.0,actual
36,2022-03-21,13204.0,actual
36,2022-03-28,11294.0,actual
36,2022-04-04,10733.0,actual
36,2022-04-11,11333.0,actual
36,2022-04-18,10907.0,actual
36,2022-04-25,13415.0,actual
36,2022-05-02,14924.0,actual
36,2022-05-09,15205.0,actual
36,2022-05-16,13911.0,actual
36,2022-05-23,14058.0,actual
36,2022-05-30,14478.0,actual
36,2022-06-06,12872.0,actual
36,2022-06-13,11980.0,actual
36,2022-06-20,13001.0,actual
36,2022-06-27,13238.0,actual
36,2022-07-04,12204.0,actual
36,2022-07-11,11110.0,actual
36,2022-07-18,11813.0,actual
36,2022-07-25,17849.0,actual
36,2022-08-01,12737.0,actual
36,2022-08-08,13240.0,actual
36,2022-08-15,13731.0,actual
36,2022-08-22,12722.0,actual
36,2022-08-29,9838.0,actual
36,2022-09-05,11719.0,actual
36,2022-09-12,14306.0,actual
36,2022-09-19,17149.0,actual
36,2022-09-26,13338.0,actual
36,2022-10-03,14598.0,actual
36,2022-10-10,14160.0,actual
36,2022-10-17,12769.0,actual
36,2022-10-24,12744.0,actual
36,2022-10-31,13140.0,actual
36,2022-11-07,15675.0,actual
36,2022-11-14,14298.0,actual
36,2022-11-21,13934.0,actual
36,2022-11-28,18503.0,actual
36,2022-12-05,16301.0,actual
36,2022-12-12,14857.0,actual
36,2022-12-19,10274.0,actual
36,2022-12-26,16213.0,actual
36,2023-01-02,17011.0,actual
36,2023-01-09,15611.0,actual
36,2023-01-16,17603.0,actual
36,2023-01-23,13247.0,actual
36,2023-01-30,14950.0,actual
36,2023-02-06,12420.0,actual
36,2023-02-13,11697.0,actual
36,2023-02-20,15569.0,actual
36,2023-02-27,13312.0,actual
36,2023-03-06,5088.0,actual
36,2023-03-13,13070.0,actual
36,2023-03-20,12900.0,actual
36,2023-03-27,11890.0,actual
36,2023-04-03,11414.0,actual
36,2023-04-10,12027.0,actual
36,2023-04-17,15689.0,actual
36,2023-04-24,16452.0,actual
36,2023-05-01,13988.0,actual
36,2023-05-08,16480.0,actual
36,2023-05-15,12053.0,actual
36,2023-05-22,11982.0,actual
36,2023-05-29,11882.0,actual
36,2023-06-05,14738.0,actual
36,2023-06-12,15666.0,actual
36,2023-06-19,12960.0,actual
36,2023-06-26,13494.0,actual
36,2023-07-03,14566.0,actual
36,2023-07-10,11923.0,actual
36,2023-07-17,10632.0,actual
36,2023-07-24,13183.0,actual
36,2023-07-31,16436.0,actual
36,2023-08-07,12651.0,actual
36,2023-08-14,13916.0,actual
36,2023-08-21,15458.0,actual
36,2023-08-28,12735.0,actual
36,2023-09-04,12488.0,actual
36,2023-09-11,11524.0,actual
36,2023-09-18,13594.0,actual
36,2023-09-25,13659.0,actual
36,2023-10-02,14189.0,actual
36,2023-10-09,14336.0,actual
36,2023-10-16,14225.0,actual
36,2023-10-23,14994.0,actual
36,2023-10-30,11373.0,actual
36,2023-11-06,10611.0,actual
36,2023-11-13,15464.0,actual
36,2023-11-20,12301.0,actual
36,2023-11-27,17823.0,actual
36,2023-12-04,18223.0,actual
36,2023-12-11,14943.0,actual
36,2023-12-18,13616.0,actual
36,2023-12-25,10856.0,actual
36,2024-01-01,14217.0,actual
36,2024-01-08,13888.0,actual
36,2024-01-15,15105.0,actual
36,2024-01-22,14407.0,actual
36,2024-01-29,17037.0,actual
36,2024-02-05,15001.0,actual
36,2024-02-12,15083.0,actual
36,2024-02-19,14305.0,actual
36,2024-02-26,14046.0,actual
36,2024-03-04,12294.0,actual
36,2024-03-11,12931.0,actual
36,2024-03-18,13490.0,actual
36,2024-03-25,11638.0,actual
36,2024-04-01,12903.0,actual
36,2024-04-08,13788.0,actual
36,2024-04-15,13042.0,actual
36,2024-04-22,14655.0,actual
36,2024-04-29,14916.0,actual
36,2024-05-06,15190.0,actual
36,2024-05-13,14861.0,actual
36,2024-05-20,13732.0,actual
36,2024-05-27,14318.0,actual
36,2024-06-03,12480.0,actual
36,2024-06-10,17843.0,actual
36,2024-06-17,14695.0,actual
36,2024-06-24,15165.0,actual
36,2024-07-01,15178.0,actual
36,2024-07-08,18628.0,actual
36,2024-07-15,15953.0,actual
36,2024-07-22,14688.0,actual
36,2024-07-29,11862.0,actual
36,2024-08-05,13340.0,actual
36,2024-08-12,13636.0,actual
36,2024-08-19,12564.0,actual
36,2024-08-26,12644.0,actual
36,2024-09-02,14023.0,actual
36,2024-09-09,13289.0,actual
36,2024-09-16,12575.0,actual
36,2024-09-23,12483.0,actual
36,2024-09-30,12666.0,actual
36,2024-10-07,11187.0,actual
39,2022-01-03,6750.0,actual
39,2022-01-10,6642.0,actual
39,2022-01-17,4829.0,actual
39,2022-01-24,5034.0,actual
39,2022-01-31,11938.0,actual
39,2022-02-07,9340.0,actual
39,2022-02-14,8825.0,actual
39,2022-02-21,5970.0,actual
39,2022-02-28,5482.0,actual
39,2022-03-07,8445.0,actual
39,2022-03-14,7056.0,actual
39,2022-03-21,5975.0,actual
39,2022-03-28,4992.0,actual
39,2022-04-04,4607.0,actual
39,2022-04-11,6785.0,actual
39,2022-04-18,7425.0,actual
39,2022-04-25,9998.0,actual
39,2022-05-02,11208.0,actual
39,2022-05-09,6475.0,actual
39,2022-05-16,6786.0,actual
39,2022-05-23,6502.0,actual
39,2022-05-30,7528.0,actual
39,2022-06-06,7583.0,actual
39,2022-06-13,5248.0,actual
39,2022-06-20,6712.0,actual
39,2022-06-27,6666.0,actual
39,2022-07-04,6844.0,actual
39,2022-07-11,5231.0,actual
39,2022-07-18,5682.0,actual
39,2022-07-25,6318.0,actual
39,2022-08-01,7519.0,actual
39,2022-08-08,15836.0,actual
39,2022-08-15,6566.0,actual
39,2022-08-22,6134.0,actual
39,2022-08-29,6201.0,actual
39,2022-09-05,6983.0,actual
39,2022-09-12,8579.0,actual
39,2022-09-19,9489.0,actual
39,2022-09-26,7534.0,actual
39,2022-10-03,7259.0,actual
39,2022-10-10,7198.0,actual
39,2022-10-17,8247.0,actual
39,2022-10-24,6713.0,actual
39,2022-10-31,7290.0,actual
39,2022-11-07,10041.0,actual
39,2022-11-14,7862.0,actual
39,2022-11-21,9015.0,actual
39,2022-11-28,19113.0,actual
39,2022-12-05,9487.0,actual
39,2022-12-12,8895.0,actual
39,2022-12-19,9611.0,actual
39,2022-12-26,11343.0,actual
39,2023-01-02,10600.0,actual
39,2023-01-09,8005.0,actual
39,2023-01-16,8441.0,actual
39,2023-01-23,10448.0,actual
39,2023-01-30,9426.0,actual
39,2023-02-06,8130.0,actual
39,2023-02-13,7385.0,actual
39,2023-02-20,12060.0,actual
39,2023-02-27,8596.0,actual
39,2023-03-06,4683.0,actual
39,2023-03-13,8130.0,actual
39,2023-03-20,8082.0,actual
39,2023-03-27,9014.0,actual
39,2023-04-03,7492.0,actual
39,2023-04-10,7098.0,actual
39,2023-04-17,13089.0,actual
39,2023-04-24,14310.0,actual
39,2023-05-01,11679.0,actual
39,2023-05-08,12022.0,actual
39,2023-05-15,7656.0,actual
39,2023-05-22,7514.0,actual
39,2023-05-29,8466.0,actual
39,2023-06-05,9885.0,actual
39,2023-06-12,9150.0,actual
39,2023-06-19,8965.0,actual
39,2023-06-26,10661.0,actual
39,2023-07-03,11864.0,actual
39,2023-07-10,6450.0,actual
39,2023-07-17,5810.0,actual
39,2023-07-24,11001.0,actual
39,2023-07-31,8060.0,actual
39,2023-08-07,8402.0,actual
39,2023-08-14,8027.0,actual
39,2023-08-21,8114.0,actual
39,2023-08-28,8334.0,actual
39,2023-09-04,7228.0,actual
39,2023-09-11,7839.0,actual
39,2023-09-18,10119.0,actual
39,2023-09-25,8601.0,actual
39,2023-10-02,8544.0,actual
39,2023-10-09,9414.0,actual
39,2023-10-16,7345.0,actual
39,2023-10-23,9415.0,actual
39,2023-10-30,7003.0,actual
39,2023-11-06,6348.0,actual
39,2023-11-13,7355.0,actual
39,2023-11-20,8796.0,actual
39,2023-11-27,9871.0,actual
39,2023-12-04,9550.0,actual
39,2023-12-11,7848.0,actual
39,2023-12-18,6376.0,actual
39,2023-12-25,8755.0,actual
39,2024-01-01,8850.0,actual
39,2024-01-08,7595.0,actual
39,2024-01-15,7445.0,actual
39,2024-01-22,9372.0,actual
39,2024-01-29,10991.0,actual
39,2024-02-05,8341.0,actual
39,2024-02-12,7931.0,actual
39,2024-02-19,8538.0,actual
39,2024-02-26,8420.0,actual
39,2024-03-04,7993.0,actual
39,2024-03-11,7802.0,actual
39,2024-03-18,8423.0,actual
39,2024-03-25,8989.0,actual
39,2024-04-01,6890.0,actual
39,2024-04-08,5830.0,actual
39,2024-04-15,5461.0,actual
39,2024-04-22,9662.0,actual
39,2024-04-29,9180.0,actual
39,2024-05-06,9168.0,actual
39,2024-05-13,8419.0,actual
39,2024-05-20,6776.0,actual
39,2024-05-27,8905.0,actual
39,2024-06-03,7748.0,actual
39,2024-06-10,7438.0,actual
39,2024-06-17,7382.0,actual
39,2024-06-24,8923.0,actual
39,2024-07-01,9196.0,actual
39,2024-07-08,9159.0,actual
39,2024-07-15,7950.0,actual
39,2024-07-22,12158.0,actual
39,2024-07-29,9104.0,actual
39,2024-08-05,8555.0,actual
39,2024-08-12,6812.0,actual
39,2024-08-19,6599.0,actual
39,2024-08-26,8396.0,actual
39,2024-09-02,8353.0,actual
39,2024-09-09,7965.0,actual
39,2024-09-16,8096.0,actual
39,2024-09-23,9790.0,actual
39,2024-09-30,8007.0,actual
39,2024-10-07,7123.0,actual
41,2022-01-03,4273.0,actual
41,2022-01-10,2760.0,actual
41,2022-01-17,2533.0,actual
41,2022-01-24,3548.0,actual
41,2022-01-31,6111.0,actual
41,2022-02-07,3855.0,actual
41,2022-02-14,3235.0,actual
41,2022-02-21,1642.0,actual
41,2022-02-28,3455.0,actual
41,2022-03-07,3790.0,actual
41,2022-03-14,2991.0,actual
41,2022-03-21,2602.0,actual
41,2022-03-28,3019.0,actual
41,2022-04-04,3031.0,actual
41,2022-04-11,2409.0,actual
41,2022-04-18,2248.0,actual
41,2022-04-25,2854.0,actual
41,2022-05-02,4328.0,actual
41,2022-05-09,4380.0,actual
41,2022-05-16,2802.0,actual
41,2022-05-23,2135.0,actual
41,2022-05-30,4100.0,actual
41,2022-06-06,3366.0,actual
41,2022-06-13,2050.0,actual
41,2022-06-20,2440.0,actual
41,2022-06-27,3516.0,actual
41,2022-07-04,3247.0,actual
41,2022-07-11,1954.0,actual
41,2022-07-18,1975.0,actual
41,2022-07-25,3309.0,actual
41,2022-08-01,4562.0,actual
41,2022-08-08,4148.0,actual
41,2022-08-15,3353.0,actual
41,2022-08-22,1862.0,actual
41,2022-08-29,2583.0,actual
41,2022-09-05,3002.0,actual
41,2022-09-12,3339.0,actual
41,2022-09-19,3263.0,actual
41,2022-09-26,3320.0,actual
41,2022-10-03,3767.0,actual
41,2022-10-10,2721.0,actual
41,2022-10-17,3131.0,actual
41,2022-10-24,2665.0,actual
41,2022-10-31,3694.0,actual
41,2022-11-07,2988.0,actual
41,2022-11-14,2227.0,actual
41,2022-11-21,2391.0,actual
41,2022-11-28,5719.0,actual
41,2022-12-05,4681.0,actual
41,2022-12-12,2608.0,actual
41,2022-12-19,1455.0,actual
41,2022-12-26,4244.0,actual
41,2023-01-02,6162.0,actual
41,2023-01-09,2476.0,actual
41,2023-01-16,2599.0,actual
41,2023-01-23,2158.0,actual
41,2023-01-30,4127.0,actual
41,2023-02-06,3988.0,actual
41,2023-02-13,2716.0,actual
41,2023-02-20,3627.0,actual
41,2023-02-27,3853.0,actual
41,2023-03-06,1014.0,actual
41,2023-03-13,2273.0,actual
41,2023-03-20,2217.0,actual
41,2023-03-27,3716.0,actual
41,2023-04-03,4113.0,actual
41,2023-04-10,2639.0,actual
41,2023-04-17,5008.0,actual
41,2023-04-24,4796.0,actual
41,2023-05-01,6471.0,actual
41,2023-05-08,5817.0,actual
41,2023-05-15,2629.0,actual
41,2023-05-22,2050.0,actual
41,2023-05-29,3228.0,actual
41,2023-06-05,4693.0,actual
41,2023-06-12,3709.0,actual
41,2023-06-19,3439.0,actual
41,2023-06-26,4803.0,actual
41,2023-07-03,6459.0,actual
41,2023-07-10,2272.0,actual
41,2023-07-17,2354.0,actual
41,2023-07-24,2789.0,actual
41,2023-07-31,3978.0,actual
41,2023-08-07,2771.0,actual
41,2023-08-14,2545.0,actual
41,2023-08-21,2492.0,actual
41,2023-08-28,3833.0,actual
41,2023-09-04,3370.0,actual
41,2023-09-11,2277.0,actual
41,2023-09-18,3226.0,actual
41,2023-09-25,3952.0,actual
41,2023-10-02,5781.0,actual
41,2023-10-09,3664.0,actual
41,2023-10-16,3168.0,actual
41,2023-10-23,2710.0,actual
41,2023-10-30,4462.0,actual
41,2023-11-06,2746.0,actual
41,2023-11-13,2916.0,actual
41,2023-11-20,2506.0,actual
41,2023-11-27,4842.0,actual
41,2023-12-04,4497.0,actual
41,2023-12-11,3391.0,actual
41,2023-12-18,1868.0,actual
41,2023-12-25,2746.0,actual
41,2024-01-01,5009.0,actual
41,2024-01-08,3244.0,actual
41,2024-01-15,2431.0,actual
41,2024-01-22,2928.0,actual
41,2024-01-29,5925.0,actual
41,2024-02-05,4485.0,actual
41,2024-02-12,3416.0,actual
41,2024-02-19,3100.0,actual
41,2024-02-26,4622.0,actual
41,2024-03-04,4741.0,actual
41,2024-03-11,2915.0,actual
41,2024-03-18,2623.0,actual
41,2024-03-25,4181.0,actual
41,2024-04-01,5952.0,actual
41,2024-04-08,3025.0,actual
41,2024-04-15,2465.0,actual
41,2024-04-22,4249.0,actual
41,2024-04-29,5677.0,actual
41,2024-05-06,3933.0,actual
41,2024-05-13,3631.0,actual
41,2024-05-20,2775.0,actual
41,2024-05-27,3653.0,actual
41,2024-06-03,4074.0,actual
41,2024-06-10,3025.0,actual
41,2024-06-17,2767.0,actual
41,2024-06-24,3046.0,actual
41,2024-07-01,4596.0,actual
41,2024-07-08,5707.0,actual
41,2024-07-15,3492.0,actual
41,2024-07-22,2849.0,actual
41,2024-07-29,3973.0,actual
41,2024-08-05,3345.0,actual
41,2024-08-12,2532.0,actual
41,2024-08-19,2058.0,actual
41,2024-08-26,3316.0,actual
41,2024-09-02,4626.0,actual
41,2024-09-09,2623.0,actual
41,2024-09-16,2634.0,actual
41,2024-09-23,3460.0,actual
41,2024-09-30,3596.0,actual
41,2024-10-07,3022.0,actual
42,2022-01-03,6685.0,actual
42,2022-01-10,7193.0,actual
42,2022-01-17,7661.0,actual
42,2022-01-24,6643.0,actual
42,2022-01-31,9708.0,actual
42,2022-02-07,7322.0,actual
42,2022-02-14,7890.0,actual
42,2022-02-21,7565.0,actual
42,2022-02-28,6878.0,actual
42,2022-03-07,6957.0,actual
42,2022-03-14,7422.0,actual
42,2022-03-21,6062.0,actual
42,2022-03-28,6096.0,actual
42,2022-04-04,5518.0,actual
42,2022-04-11,6418.0,actual
42,2022-04-18,6732.0,actual
42,2022-04-25,6914.0,actual
42,2022-05-02,8743.0,actual
42,2022-05-09,7400.0,actual
42,2022-05-16,6551.0,actual
42,2022-05-23,6440.0,actual
42,2022-05-30,7330.0,actual
42,2022-06-06,6787.0,actual
42,2022-06-13,5697.0,actual
42,2022-06-20,6911.0,actual
42,2022-06-27,6551.0,actual
42,2022-07-04,7007.0,actual
42,2022-07-11,6230.0,actual
42,2022-07-18,5571.0,actual
42,2022-07-25,6346.0,actual
42,2022-08-01,6665.0,actual
42,2022-08-08,11487.0,actual
42,2022-08-15,6043.0,actual
42,2022-08-22,5858.0,actual
42,2022-08-29,5749.0,actual
42,2022-09-05,6835.0,actual
42,2022-09-12,7097.0,actual
42,2022-09-19,7013.0,actual
42,2022-09-26,6337.0,actual
42,2022-10-03,6661.0,actual
42,2022-10-10,7196.0,actual
42,2022-10-17,6499.0,actual
42,2022-10-24,6623.0,actual
42,2022-10-31,6508.0,actual
42,2022-11-07,7548.0,actual
42,2022-11-14,7403.0,actual
42,2022-11-21,6745.0,actual
42,2022-11-28,11336.0,actual
42,2022-12-05,9352.0,actual
42,2022-12-12,9058.0,actual
42,2022-12-19,7305.0,actual
42,2022-12-26,8341.0,actual
42,2023-01-02,7867.0,actual
42,2023-01-09,6285.0,actual
42,2023-01-16,7315.0,actual
42,2023-01-23,8273.0,actual
42,2023-01-30,6672.0,actual
42,2023-02-06,7300.0,actual
42,2023-02-13,6823.0,actual
42,2023-02-20,10874.0,actual
42,2023-02-27,7870.0,actual
42,2023-03-06,4049.0,actual
42,2023-03-13,8790.0,actual
42,2023-03-20,7680.0,actual
42,2023-03-27,6604.0,actual
42,2023-04-03,5528.0,actual
42,2023-04-10,6545.0,actual
42,2023-04-17,7626.0,actual
42,2023-04-24,8578.0,actual
42,2023-05-01,7122.0,actual
42,2023-05-08,7534.0,actual
42,2023-05-15,6237.0,actual
42,2023-05-22,6668.0,actual
42,2023-05-29,6760.0,actual
42,2023-06-05,7545.0,actual
42,2023-06-12,6367.0,actual
42,2023-06-19,6559.0,actual
42,2023-06-26,5854.0,actual
42,2023-07-03,6893.0,actual
42,2023-07-10,7196.0,actual
42,2023-07-17,5434.0,actual
42,2023-07-24,7317.0,actual
42,2023-07-31,6597.0,actual
42,2023-08-07,6224.0,actual
42,2023-08-14,7376.0,actual
42,2023-08-21,7357.0,actual
42,2023-08-28,6505.0,actual
42,2023-09-04,5790.0,actual
42,2023-09-11,6324.0,actual
42,2023-09-18,6350.0,actual
42,2023-09-25,6218.0,actual
42,2023-10-02,6576.0,actual
42,2023-10-09,7319.0,actual
42,2023-10-16,6343.0,actual
42,2023-10-23,9827.0,actual
42,2023-10-30,6913.0,actual
42,2023-11-06,6694.0,actual
42,2023-11-13,8859.0,actual
42,2023-11-20,6794.0,actual
42,2023-11-27,9341.0,actual
42,2023-12-04,9353.0,actual
42,2023-12-11,8295.0,actual
42,2023-12-18,5885.0,actual
42,2023-12-25,6763.0,actual
42,2024-01-01,7534.0,actual
42,2024-01-08,6721.0,actual
42,2024-01-15,7455.0,actual
42,2024-01-22,8166.0,actual
42,2024-01-29,9661.0,actual
42,2024-02-05,6455.0,actual
42,2024-02-12,8126.0,actual
42,2024-02-19,7317.0,actual
42,2024-02-26,6637.0,actual
42,2024-03-04,6054.0,actual
42,2024-03-11,6795.0,actual
42,2024-03-18,7643.0,actual
42,2024-03-25,8209.0,actual
42,2024-04-01,6411.0,actual
42,2024-04-08,7566.0,actual
42,2024-04-15,7443.0,actual
42,2024-04-22,8018.0,actual
42,2024-04-29,7837.0,actual
42,2024-05-06,8550.0,actual
42,2024-05-13,7483.0,actual
42,2024-05-20,6895.0,actual
42,2024-05-27,6837.0,actual
42,2024-06-03,5902.0,actual
42,2024-06-10,6805.0,actual
42,2024-06-17,6807.0,actual
42,2024-06-24,6731.0,actual
42,2024-07-01,6113.0,actual
42,2024-07-08,6691.0,actual
42,2024-07-15,5882.0,actual
42,2024-07-22,7583.0,actual
42,2024-07-29,6563.0,actual
42,2024-08-05,6509.0,actual
42,2024-08-12,7280.0,actual
42,2024-08-19,6616.0,actual
42,2024-08-26,6873.0,actual
42,2024-09-02,6641.0,actual
42,2024-09-09,6263.0,actual
42,2024-09-16,6567.0,actual
42,2024-09-23,6352.0,actual
42,2024-09-30,6004.0,actual
42,2024-10-07,5964.0,actual
43,2022-01-03,25595.0,actual
43,2022-01-10,27744.0,actual
43,2022-01-17,24379.0,actual
43,2022-01-24,27540.0,actual
43,2022-01-31,47732.0,actual
43,2022-02-07,34439.0,actual
43,2022-02-14,34488.0,actual
43,2022-02-21,22020.0,actual
43,2022-02-28,22681.0,actual
43,2022-03-07,25237.0,actual
43,2022-03-14,25118.0,actual
43,2022-03-21,23378.0,actual
43,2022-03-28,21168.0,actual
43,2022-04-04,22732.0,actual
43,2022-04-11,19824.0,actual
43,2022-04-18,18794.0,actual
43,2022-04-25,25807.0,actual
43,2022-05-02,27105.0,actual
43,2022-05-09,26894.0,actual
43,2022-05-16,22553.0,actual
43,2022-05-23,22298.0,actual
43,2022-05-30,28082.0,actual
43,2022-06-06,25020.0,actual
43,2022-06-13,19229.0,actual
43,2022-06-20,23784.0,actual
43,2022-06-27,27485.0,actual
43,2022-07-04,24117.0,actual
43,2022-07-11,19871.0,actual
43,2022-07-18,18811.0,actual
43,2022-07-25,34510.0,actual
43,2022-08-01,25196.0,actual
43,2022-08-08,27905.0,actual
43,2022-08-15,21140.0,actual
43,2022-08-22,19098.0,actual
43,2022-08-29,17834.0,actual
43,2022-09-05,20981.0,actual
43,2022-09-12,23671.0,actual
43,2022-09-19,27925.0,actual
43,2022-09-26,24374.0,actual
43,2022-10-03,25852.0,actual
43,2022-10-10,24560.0,actual
43,2022-10-17,24340.0,actual
43,2022-10-24,21046.0,actual
43,2022-10-31,24140.0,actual
43,2022-11-07,33231.0,actual
43,2022-11-14,26079.0,actual
43,2022-11-21,27863.0,actual
43,2022-11-28,42733.0,actual
43,2022-12-05,28965.0,actual
43,2022-12-12,25345.0,actual
43,2022-12-19,21043.0,actual
43,2022-12-26,30700.0,actual
43,2023-01-02,36493.0,actual
43,2023-01-09,23026.0,actual
43,2023-01-16,27189.0,actual
43,2023-01-23,24036.0,actual
43,2023-01-30,30586.0,actual
43,2023-02-06,27535.0,actual
43,2023-02-13,24587.0,actual
43,2023-02-20,32034.0,actual
43,2023-02-27,26931.0,actual
43,2023-03-06,9563.0,actual
43,2023-03-13,21855.0,actual
43,2023-03-20,21443.0,actual
43,2023-03-27,28956.0,actual
43,2023-04-03,23486.0,actual
43,2023-04-10,23561.0,actual
43,2023-04-17,38641.0,actual
43,2023-04-24,40886.0,actual
43,2023-05-01,40075.0,actual
43,2023-05-08,36433.0,actual
43,2023-05-15,23761.0,actual
43,2023-05-22,23014.0,actual
43,2023-05-29,24924.0,actual
43,2023-06-05,32478.0,actual
43,2023-06-12,32167.0,actual
43,2023-06-19,29703.0,actual
43,2023-06-26,30357.0,actual
43,2023-07-03,38458.0,actual
43,2023-07-10,22030.0,actual
43,2023-07-17,20708.0,actual
43,2023-07-24,25824.0,actual
43,2023-07-31,34697.0,actual
43,2023-08-07,22206.0,actual
43,2023-08-14,27133.0,actual
43,2023-08-21,26453.0,actual
43,2023-08-28,24370.0,actual
43,2023-09-04,25447.0,actual
43,2023-09-11,21758.0,actual
43,2023-09-18,28078.0,actual
43,2023-09-25,26247.0,actual
43,2023-10-02,29631.0,actual
43,2023-10-09,27777.0,actual
43,2023-10-16,27201.0,actual
43,2023-10-23,28023.0,actual
43,2023-10-30,24881.0,actual
43,2023-11-06,16900.0,actual
43,2023-11-13,27351.0,actual
43,2023-11-20,23447.0,actual
43,2023-11-27,36565.0,actual
43,2023-12-04,33339.0,actual
43,2023-12-11,31235.0,actual
43,2023-12-18,23423.0,actual
43,2023-12-25,22843.0,actual
43,2024-01-01,28523.0,actual
43,2024-01-08,27838.0,actual
43,2024-01-15,25582.0,actual
43,2024-01-22,26335.0,actual
43,2024-01-29,30878.0,actual
43,2024-02-05,31076.0,actual
43,2024-02-12,29023.0,actual
43,2024-02-19,27531.0,actual
43,2024-02-26,30332.0,actual
43,2024-03-04,31312.0,actual
43,2024-03-11,29522.0,actual
43,2024-03-18,29891.0,actual
43,2024-03-25,30997.0,actual
43,2024-04-01,33610.0,actual
43,2024-04-08,32916.0,actual
43,2024-04-15,28416.0,actual
43,2024-04-22,34500.0,actual
43,2024-04-29,36088.0,actual
43,2024-05-06,29912.0,actual
43,2024-05-13,26172.0,actual
43,2024-05-20,25647.0,actual
43,2024-05-27,25292.0,actual
43,2024-06-03,25063.0,actual
43,2024-06-10,28409.0,actual
43,2024-06-17,25789.0,actual
43,2024-06-24,29830.0,actual
43,2024-07-01,31453.0,actual
43,2024-07-08,35574.0,actual
43,2024-07-15,27740.0,actual
43,2024-07-22,28523.0,actual
43,2024-07-29,27093.0,actual
43,2024-08-05,27654.0,actual
43,2024-08-12,21630.0,actual
43,2024-08-19,21541.0,actual
43,2024-08-26,24059.0,actual
43,2024-09-02,27249.0,actual
43,2024-09-09,24507.0,actual
43,2024-09-16,23221.0,actual
43,2024-09-23,25143.0,actual
43,2024-09-30,29294.0,actual
43,2024-10-07,22928.0,actual
50,2022-01-03,9442.0,actual
50,2022-01-10,11749.0,actual
50,2022-01-17,9790.0,actual
50,2022-01-24,9307.0,actual
50,2022-01-31,14490.0,actual
50,2022-02-07,11876.0,actual
50,2022-02-14,11463.0,actual
50,2022-02-21,10533.0,actual
50,2022-02-28,9832.0,actual
50,2022-03-07,10507.0,actual
50,2022-03-14,10724.0,actual
50,2022-03-21,10010.0,actual
50,2022-03-28,9103.0,actual
50,2022-04-04,7840.0,actual
50,2022-04-11,9372.0,actual
50,2022-04-18,9220.0,actual
50,2022-04-25,11781.0,actual
50,2022-05-02,11895.0,actual
50,2022-05-09,10293.0,actual
50,2022-05-16,9121.0,actual
50,2022-05-23,10095.0,actual
50,2022-05-30,11052.0,actual
50,2022-06-06,10427.0,actual
50,2022-06-13,9299.0,actual
50,2022-06-20,10048.0,actual
50,2022-06-27,10612.0,actual
50,2022-07-04,9485.0,actual
50,2022-07-11,9180.0,actual
50,2022-07-18,8490.0,actual
50,2022-07-25,9695.0,actual
50,2022-08-01,11857.0,actual
50,2022-08-08,14361.0,actual
50,2022-08-15,10782.0,actual
50,2022-08-22,9219.0,actual
50,2022-08-29,9442.0,actual
50,2022-09-05,9483.0,actual
50,2022-09-12,10882.0,actual
50,2022-09-19,12165.0,actual
50,2022-09-26,11184.0,actual
50,2022-10-03,9201.0,actual
50,2022-10-10,10887.0,actual
50,2022-10-17,9392.0,actual
50,2022-10-24,8113.0,actual
50,2022-10-31,8552.0,actual
50,2022-11-07,11763.0,actual
50,2022-11-14,11134.0,actual
50,2022-11-21,8908.0,actual
50,2022-11-28,14923.0,actual
50,2022-12-05,10664.0,actual
50,2022-12-12,10178.0,actual
50,2022-12-19,8981.0,actual
50,2022-12-26,12762.0,actual
50,2023-01-02,10846.0,actual
50,2023-01-09,8675.0,actual
50,2023-01-16,10553.0,actual
50,2023-01-23,9760.0,actual
50,2023-01-30,9679.0,actual
50,2023-02-06,10066.0,actual
50,2023-02-13,10042.0,actual
50,2023-02-20,13217.0,actual
50,2023-02-27,9456.0,actual
50,2023-03-06,4901.0,actual
50,2023-03-13,9308.0,actual
50,2023-03-20,9443.0,actual
50,2023-03-27,9163.0,actual
50,2023-04-03,8349.0,actual
50,2023-04-10,9974.0,actual
50,2023-04-17,11296.0,actual
50,2023-04-24,11597.0,actual
50,2023-05-01,9790.0,actual
50,2023-05-08,11378.0,actual
50,2023-05-15,9444.0,actual
50,2023-05-22,8815.0,actual
50,2023-05-29,9038.0,actual
50,2023-06-05,10234.0,actual
50,2023-06-12,8730.0,actual
50,2023-06-19,8884.0,actual
50,2023-06-26,8487.0,actual
50,2023-07-03,10124.0,actual
50,2023-07-10,9639.0,actual
50,2023-07-17,8573.0,actual
50,2023-07-24,10002.0,actual
50,2023-07-31,9248.0,actual
50,2023-08-07,8579.0,actual
50,2023-08-14,10607.0,actual
50,2023-08-21,10751.0,actual
50,2023-08-28,9589.0,actual
50,2023-09-04,9156.0,actual
50,2023-09-11,8747.0,actual
50,2023-09-18,10951.0,actual
50,2023-09-25,9255.0,actual
50,2023-10-02,10281.0,actual
50,2023-10-09,10667.0,actual
50,2023-10-16,8888.0,actual
50,2023-10-23,10044.0,actual
50,2023-10-30,8707.0,actual
50,2023-11-06,8243.0,actual
50,2023-11-13,10352.0,actual
50,2023-11-20,8423.0,actual
50,2023-11-27,11216.0,actual
50,2023-12-04,10777.0,actual
50,2023-12-11,9485.0,actual
50,2023-12-18,7970.0,actual
50,2023-12-25,10251.0,actual
50,2024-01-01,9976.0,actual
50,2024-01-08,9860.0,actual
50,2024-01-15,9735.0,actual
50,2024-01-22,11152.0,actual
50,2024-01-29,12985.0,actual
50,2024-02-05,8284.0,actual
50,2024-02-12,9559.0,actual
50,2024-02-19,8654.0,actual
50,2024-02-26,8897.0,actual
50,2024-03-04,7980.0,actual
50,2024-03-11,8528.0,actual
50,2024-03-18,8564.0,actual
50,2024-03-25,8790.0,actual
50,2024-04-01,7613.0,actual
50,2024-04-08,8521.0,actual
50,2024-04-15,7603.0,actual
50,2024-04-22,10412.0,actual
50,2024-04-29,9818.0,actual
50,2024-05-06,11018.0,actual
50,2024-05-13,10235.0,actual
50,2024-05-20,8671.0,actual
50,2024-05-27,8277.0,actual
50,2024-06-03,7978.0,actual
50,2024-06-10,8898.0,actual
50,2024-06-17,9024.0,actual
50,2024-06-24,9739.0,actual
50,2024-07-01,7698.0,actual
50,2024-07-08,8575.0,actual
50,2024-07-15,8396.0,actual
50,2024-07-22,9996.0,actual
50,2024-07-29,6852.0,actual
50,2024-08-05,8833.0,actual
50,2024-08-12,7907.0,actual
50,2024-08-19,7553.0,actual
50,2024-08-26,7480.0,actual
50,2024-09-02,7591.0,actual
50,2024-09-09,7859.0,actual
50,2024-09-16,7120.0,actual
50,2024-09-23,8303.0,actual
50,2024-09-30,8608.0,actual
50,2024-10-07,7476.0,actual
51,2022-01-03,17025.0,actual
51,2022-01-10,14290.0,actual
51,2022-01-17,12663.0,actual
51,2022-01-24,14007.0,actual
51,2022-01-31,25915.0,actual
51,2022-02-07,19182.0,actual
51,2022-02-14,20545.0,actual
51,2022-02-21,12953.0,actual
51,2022-02-28,14109.0,actual
51,2022-03-07,14047.0,actual
51,2022-03-14,12314.0,actual
51,2022-03-21,11133.0,actual
51,2022-03-28,12354.0,actual
51,2022-04-04,11366.0,actual
51,2022-04-11,10615.0,actual
51,2022-04-18,10487.0,actual
51,2022-04-25,16106.0,actual
51,2022-05-02,14324.0,actual
51,2022-05-09,13831.0,actual
51,2022-05-16,11064.0,actual
51,2022-05-23,12961.0,actual
51,2022-05-30,15145.0,actual
51,2022-06-06,13511.0,actual
51,2022-06-13,11792.0,actual
51,2022-06-20,15391.0,actual
51,2022-06-27,16625.0,actual
51,2022-07-04,12839.0,actual
51,2022-07-11,10371.0,actual
51,2022-07-18,10359.0,actual
51,2022-07-25,19724.0,actual
51,2022-08-01,13500.0,actual
51,2022-08-08,14583.0,actual
51,2022-08-15,12059.0,actual
51,2022-08-22,11644.0,actual
51,2022-08-29,10769.0,actual
51,2022-09-05,10317.0,actual
51,2022-09-12,14403.0,actual
51,2022-09-19,15755.0,actual
51,2022-09-26,14330.0,actual
51,2022-10-03,14422.0,actual
51,2022-10-10,13678.0,actual
51,2022-10-17,12050.0,actual
51,2022-10-24,11906.0,actual
51,2022-10-31,13758.0,actual
51,2022-11-07,18737.0,actual
51,2022-11-14,16006.0,actual
51,2022-11-21,14086.0,actual
51,2022-11-28,22710.0,actual
51,2022-12-05,15735.0,actual
51,2022-12-12,14959.0,actual
51,2022-12-19,12540.0,actual
51,2022-12-26,19775.0,actual
51,2023-01-02,21374.0,actual
51,2023-01-09,13251.0,actual
51,2023-01-16,17231.0,actual
51,2023-01-23,15284.0,actual
51,2023-01-30,18379.0,actual
51,2023-02-06,16283.0,actual
51,2023-02-13,15894.0,actual
51,2023-02-20,21609.0,actual
51,2023-02-27,17810.0,actual
51,2023-03-06,5877.0,actual
51,2023-03-13,14466.0,actual
51,2023-03-20,13985.0,actual
51,2023-03-27,17236.0,actual
51,2023-04-03,13272.0,actual
51,2023-04-10,13110.0,actual
51,2023-04-17,17907.0,actual
51,2023-04-24,19982.0,actual
51,2023-05-01,17796.0,actual
51,2023-05-08,16289.0,actual
51,2023-05-15,13320.0,actual
51,2023-05-22,13047.0,actual
51,2023-05-29,14969.0,actual
51,2023-06-05,16703.0,actual
51,2023-06-12,16427.0,actual
51,2023-06-19,15682.0,actual
51,2023-06-26,17057.0,actual
51,2023-07-03,18947.0,actual
51,2023-07-10,12850.0,actual
51,2023-07-17,12901.0,actual
51,2023-07-24,14325.0,actual
51,2023-07-31,19347.0,actual
51,2023-08-07,13662.0,actual
51,2023-08-14,16763.0,actual
51,2023-08-21,14721.0,actual
51,2023-08-28,15741.0,actual
51,2023-09-04,12324.0,actual
51,2023-09-11,12130.0,actual
51,2023-09-18,16156.0,actual
51,2023-09-25,16506.0,actual
51,2023-10-02,17525.0,actual
51,2023-10-09,16297.0,actual
51,2023-10-16,16255.0,actual
51,2023-10-23,16911.0,actual
51,2023-10-30,15523.0,actual
51,2023-11-06,10412.0,actual
51,2023-11-13,16729.0,actual
51,2023-11-20,13638.0,actual
51,2023-11-27,22985.0,actual
51,2023-12-04,19582.0,actual
51,2023-12-11,18931.0,actual
51,2023-12-18,16115.0,actual
51,2023-12-25,15510.0,actual
51,2024-01-01,17976.0,actual
51,2024-01-08,15778.0,actual
51,2024-01-15,15013.0,actual
51,2024-01-22,16966.0,actual
51,2024-01-29,21298.0,actual
51,2024-02-05,16579.0,actual
51,2024-02-12,18281.0,actual
51,2024-02-19,16589.0,actual
51,2024-02-26,20095.0,actual
51,2024-03-04,16107.0,actual
51,2024-03-11,15467.0,actual
51,2024-03-18,15164.0,actual
51,2024-03-25,16886.0,actual
51,2024-04-01,14711.0,actual
51,2024-04-08,14382.0,actual
51,2024-04-15,15351.0,actual
51,2024-04-22,18609.0,actual
51,2024-04-29,22008.0,actual
51,2024-05-06,17355.0,actual
51,2024-05-13,14726.0,actual
51,2024-05-20,15231.0,actual
51,2024-05-27,16940.0,actual
51,2024-06-03,13812.0,actual
51,2024-06-10,18501.0,actual
51,2024-06-17,17376.0,actual
51,2024-06-24,19656.0,actual
51,2024-07-01,18480.0,actual
51,2024-07-08,19651.0,actual
51,2024-07-15,17350.0,actual
51,2024-07-22,18530.0,actual
51,2024-07-29,16064.0,actual
51,2024-08-05,15039.0,actual
51,2024-08-12,14104.0,actual
51,2024-08-19,12354.0,actual
51,2024-08-26,14945.0,actual
51,2024-09-02,16418.0,actual
51,2024-09-09,14739.0,actual
51,2024-09-16,14639.0,actual
51,2024-09-23,16174.0,actual
51,2024-09-30,15466.0,actual
51,2024-10-07,12563.0,actual
52,2022-01-03,18453.0,actual
52,2022-01-10,19280.0,actual
52,2022-01-17,17420.0,actual
52,2022-01-24,17608.0,actual
52,2022-01-31,28963.0,actual
52,2022-02-07,21386.0,actual
52,2022-02-14,21870.0,actual
52,2022-02-21,15677.0,actual
52,2022-02-28,17399.0,actual
52,2022-03-07,20759.0,actual
52,2022-03-14,18566.0,actual
52,2022-03-21,17597.0,actual
52,2022-03-28,16642.0,actual
52,2022-04-04,17235.0,actual
52,2022-04-11,16717.0,actual
52,2022-04-18,13697.0,actual
52,2022-04-25,20466.0,actual
52,2022-05-02,21365.0,actual
52,2022-05-09,20781.0,actual
52,2022-05-16,15866.0,actual
52,2022-05-23,17437.0,actual
52,2022-05-30,20228.0,actual
52,2022-06-06,17481.0,actual
52,2022-06-13,17546.0,actual
52,2022-06-20,18482.0,actual
52,2022-06-27,18385.0,actual
52,2022-07-04,18217.0,actual
52,2022-07-11,16288.0,actual
52,2022-07-18,16007.0,actual
52,2022-07-25,24227.0,actual
52,2022-08-01,18218.0,actual
52,2022-08-08,20368.0,actual
52,2022-08-15,17470.0,actual
52,2022-08-22,17201.0,actual
52,2022-08-29,13782.0,actual
52,2022-09-05,16159.0,actual
52,2022-09-12,19344.0,actual
52,2022-09-19,23114.0,actual
52,2022-09-26,17759.0,actual
52,2022-10-03,20748.0,actual
52,2022-10-10,20875.0,actual
52,2022-10-17,18806.0,actual
52,2022-10-24,16738.0,actual
52,2022-10-31,17344.0,actual
52,2022-11-07,24442.0,actual
52,2022-11-14,21188.0,actual
52,2022-11-21,19944.0,actual
52,2022-11-28,24204.0,actual
52,2022-12-05,21744.0,actual
52,2022-12-12,20841.0,actual
52,2022-12-19,15324.0,actual
52,2022-12-26,24328.0,actual
52,2023-01-02,29340.0,actual
52,2023-01-09,18989.0,actual
52,2023-01-16,22638.0,actual
52,2023-01-23,18673.0,actual
52,2023-01-30,21524.0,actual
52,2023-02-06,20363.0,actual
52,2023-02-13,18274.0,actual
52,2023-02-20,25250.0,actual
52,2023-02-27,21290.0,actual
52,2023-03-06,8531.0,actual
52,2023-03-13,19042.0,actual
52,2023-03-20,19324.0,actual
52,2023-03-27,19005.0,actual
52,2023-04-03,17463.0,actual
52,2023-04-10,20192.0,actual
52,2023-04-17,22925.0,actual
52,2023-04-24,23102.0,actual
52,2023-05-01,23093.0,actual
52,2023-05-08,22708.0,actual
52,2023-05-15,17383.0,actual
52,2023-05-22,17742.0,actual
52,2023-05-29,20202.0,actual
52,2023-06-05,24678.0,actual
52,2023-06-12,23486.0,actual
52,2023-06-19,22488.0,actual
52,2023-06-26,22070.0,actual
52,2023-07-03,23996.0,actual
52,2023-07-10,19909.0,actual
52,2023-07-17,20666.0,actual
52,2023-07-24,22587.0,actual
52,2023-07-31,27789.0,actual
52,2023-08-07,21506.0,actual
52,2023-08-14,22591.0,actual
52,2023-08-21,24185.0,actual
52,2023-08-28,21837.0,actual
52,2023-09-04,21465.0,actual
52,2023-09-11,21382.0,actual
52,2023-09-18,24328.0,actual
52,2023-09-25,22190.0,actual
52,2023-10-02,23587.0,actual
52,2023-10-09,23445.0,actual
52,2023-10-16,22908.0,actual
52,2023-10-23,24177.0,actual
52,2023-10-30,21082.0,actual
52,2023-11-06,16112.0,actual
52,2023-11-13,26056.0,actual
52,2023-11-20,22206.0,actual
52,2023-11-27,30593.0,actual
52,2023-12-04,30214.0,actual
52,2023-12-11,27332.0,actual
52,2023-12-18,20228.0,actual
52,2023-12-25,20535.0,actual
52,2024-01-01,24323.0,actual
52,2024-01-08,22748.0,actual
52,2024-01-15,23349.0,actual
52,2024-01-22,24275.0,actual
52,2024-01-29,29915.0,actual
52,2024-02-05,26524.0,actual
52,2024-02-12,25482.0,actual
52,2024-02-19,25396.0,actual
52,2024-02-26,28780.0,actual
52,2024-03-04,25123.0,actual
52,2024-03-11,26824.0,actual
52,2024-03-18,25534.0,actual
52,2024-03-25,22903.0,actual
52,2024-04-01,22890.0,actual
52,2024-04-08,24766.0,actual
52,2024-04-15,22783.0,actual
52,2024-04-22,26032.0,actual
52,2024-04-29,26664.0,actual
52,2024-05-06,24719.0,actual
52,2024-05-13,22302.0,actual
52,2024-05-20,21150.0,actual
52,2024-05-27,23467.0,actual
52,2024-06-03,23733.0,actual
52,2024-06-10,25296.0,actual
52,2024-06-17,22726.0,actual
52,2024-06-24,26972.0,actual
52,2024-07-01,26395.0,actual
52,2024-07-08,26148.0,actual
52,2024-07-15,23534.0,actual
52,2024-07-22,25515.0,actual
52,2024-07-29,21300.0,actual
52,2024-08-05,21632.0,actual
52,2024-08-12,21877.0,actual
52,2024-08-19,21329.0,actual
52,2024-08-26,22514.0,actual
52,2024-09-02,24362.0,actual
52,2024-09-09,24336.0,actual
52,2024-09-16,23052.0,actual
52,2024-09-23,22013.0,actual
52,2024-09-30,24017.0,actual
52,2024-10-07,18468.0,actual
53,2022-01-03,7779.0,actual
53,2022-01-10,8196.0,actual
53,2022-01-17,6818.0,actual
53,2022-01-24,8424.0,actual
53,2022-01-31,11545.0,actual
53,2022-02-07,8763.0,actual
53,2022-02-14,9572.0,actual
53,2022-02-21,5439.0,actual
53,2022-02-28,6831.0,actual
53,2022-03-07,7268.0,actual
53,2022-03-14,7275.0,actual
53,2022-03-21,6444.0,actual
53,2022-03-28,6080.0,actual
53,2022-04-04,5874.0,actual
53,2022-04-11,5466.0,actual
53,2022-04-18,5791.0,actual
53,2022-04-25,7211.0,actual
53,2022-05-02,8193.0,actual
53,2022-05-09,8149.0,actual
53,2022-05-16,6025.0,actual
53,2022-05-23,6547.0,actual
53,2022-05-30,6231.0,actual
53,2022-06-06,5972.0,actual
53,2022-06-13,6341.0,actual
53,2022-06-20,7113.0,actual
53,2022-06-27,8352.0,actual
53,2022-07-04,7054.0,actual
53,2022-07-11,5533.0,actual
53,2022-07-18,5730.0,actual
53,2022-07-25,8592.0,actual
53,2022-08-01,6670.0,actual
53,2022-08-08,6894.0,actual
53,2022-08-15,6404.0,actual
53,2022-08-22,6117.0,actual
53,2022-08-29,5562.0,actual
53,2022-09-05,6246.0,actual
53,2022-09-12,7541.0,actual
53,2022-09-19,9044.0,actual
53,2022-09-26,7048.0,actual
53,2022-10-03,7893.0,actual
53,2022-10-10,6558.0,actual
53,2022-10-17,6628.0,actual
53,2022-10-24,6749.0,actual
53,2022-10-31,6962.0,actual
53,2022-11-07,9118.0,actual
53,2022-11-14,8966.0,actual
53,2022-11-21,7985.0,actual
53,2022-11-28,11147.0,actual
53,2022-12-05,9067.0,actual
53,2022-12-12,8938.0,actual
53,2022-12-19,6723.0,actual
53,2022-12-26,9602.0,actual
53,2023-01-02,11677.0,actual
53,2023-01-09,7578.0,actual
53,2023-01-16,8146.0,actual
53,2023-01-23,7531.0,actual
53,2023-01-30,10478.0,actual
53,2023-02-06,8407.0,actual
53,2023-02-13,7759.0,actual
53,2023-02-20,11012.0,actual
53,2023-02-27,7789.0,actual
53,2023-03-06,2942.0,actual
53,2023-03-13,9153.0,actual
53,2023-03-20,8921.0,actual
53,2023-03-27,10105.0,actual
53,2023-04-03,7651.0,actual
53,2023-04-10,8116.0,actual
53,2023-04-17,9739.0,actual
53,2023-04-24,11698.0,actual
53,2023-05-01,9092.0,actual
53,2023-05-08,11265.0,actual
53,2023-05-15,7613.0,actual
53,2023-05-22,7316.0,actual
53,2023-05-29,7618.0,actual
53,2023-06-05,9515.0,actual
53,2023-06-12,9026.0,actual
53,2023-06-19,8979.0,actual
53,2023-06-26,8595.0,actual
53,2023-07-03,8649.0,actual
53,2023-07-10,6901.0,actual
53,2023-07-17,6620.0,actual
53,2023-07-24,7691.0,actual
53,2023-07-31,10322.0,actual
53,2023-08-07,6391.0,actual
53,2023-08-14,7720.0,actual
53,2023-08-21,8831.0,actual
53,2023-08-28,7265.0,actual
53,2023-09-04,6675.0,actual
53,2023-09-11,6695.0,actual
53,2023-09-18,8543.0,actual
53,2023-09-25,8006.0,actual
53,2023-10-02,8918.0,actual
53,2023-10-09,9007.0,actual
53,2023-10-16,8689.0,actual
53,2023-10-23,9179.0,actual
53,2023-10-30,7257.0,actual
53,2023-11-06,5684.0,actual
53,2023-11-13,8635.0,actual
53,2023-11-20,6990.0,actual
53,2023-11-27,11234.0,actual
53,2023-12-04,10047.0,actual
53,2023-12-11,8568.0,actual
53,2023-12-18,7903.0,actual
53,2023-12-25,7762.0,actual
53,2024-01-01,8511.0,actual
53,2024-01-08,8099.0,actual
53,2024-01-15,8556.0,actual
53,2024-01-22,7963.0,actual
53,2024-01-29,9739.0,actual
53,2024-02-05,8251.0,actual
53,2024-02-12,8435.0,actual
53,2024-02-19,7738.0,actual
53,2024-02-26,9213.0,actual
53,2024-03-04,8101.0,actual
53,2024-03-11,8141.0,actual
53,2024-03-18,8227.0,actual
53,2024-03-25,7375.0,actual
53,2024-04-01,8401.0,actual
53,2024-04-08,8882.0,actual
53,2024-04-15,6928.0,actual
53,2024-04-22,9080.0,actual
53,2024-04-29,9152.0,actual
53,2024-05-06,7763.0,actual
53,2024-05-13,9058.0,actual
53,2024-05-20,6828.0,actual
53,2024-05-27,8152.0,actual
53,2024-06-03,7286.0,actual
53,2024-06-10,9035.0,actual
53,2024-06-17,7463.0,actual
53,2024-06-24,8467.0,actual
53,2024-07-01,8381.0,actual
53,2024-07-08,9215.0,actual
53,2024-07-15,7734.0,actual
53,2024-07-22,7877.0,actual
53,2024-07-29,7136.0,actual
53,2024-08-05,7275.0,actual
53,2024-08-12,6443.0,actual
53,2024-08-19,6676.0,actual
53,2024-08-26,7488.0,actual
53,2024-09-02,7666.0,actual
53,2024-09-09,7478.0,actual
53,2024-09-16,7315.0,actual
53,2024-09-23,7471.0,actual
53,2024-09-30,6746.0,actual
53,2024-10-07,5845.0,actual
55,2022-01-03,8382.0,actual
55,2022-01-10,6558.0,actual
55,2022-01-17,5005.0,actual
55,2022-01-24,6618.0,actual
55,2022-01-31,9138.0,actual
55,2022-02-07,6195.0,actual
55,2022-02-14,5624.0,actual
55,2022-02-21,3432.0,actual
55,2022-02-28,5445.0,actual
55,2022-03-07,5633.0,actual
55,2022-03-14,4708.0,actual
55,2022-03-21,4298.0,actual
55,2022-03-28,4836.0,actual
55,2022-04-04,4747.0,actual
55,2022-04-11,4571.0,actual
55,2022-04-18,3773.0,actual
55,2022-04-25,5770.0,actual
55,2022-05-02,7851.0,actual
55,2022-05-09,6007.0,actual
55,2022-05-16,4559.0,actual
55,2022-05-23,4034.0,actual
55,2022-05-30,8366.0,actual
55,2022-06-06,6429.0,actual
55,2022-06-13,4337.0,actual
55,2022-06-20,6178.0,actual
55,2022-06-27,5937.0,actual
55,2022-07-04,6126.0,actual
55,2022-07-11,4113.0,actual
55,2022-07-18,3942.0,actual
55,2022-07-25,6852.0,actual
55,2022-08-01,8284.0,actual
55,2022-08-08,6573.0,actual
55,2022-08-15,4666.0,actual
55,2022-08-22,3867.0,actual
55,2022-08-29,4282.0,actual
55,2022-09-05,5446.0,actual
55,2022-09-12,5719.0,actual
55,2022-09-19,6867.0,actual
55,2022-09-26,5749.0,actual
55,2022-10-03,6233.0,actual
55,2022-10-10,4927.0,actual
55,2022-10-17,5039.0,actual
55,2022-10-24,3997.0,actual
55,2022-10-31,5902.0,actual
55,2022-11-07,6405.0,actual
55,2022-11-14,4998.0,actual
55,2022-11-21,6621.0,actual
55,2022-11-28,8450.0,actual
55,2022-12-05,6959.0,actual
55,2022-12-12,5251.0,actual
55,2022-12-19,4556.0,actual
55,2022-12-26,8688.0,actual
55,2023-01-02,11273.0,actual
55,2023-01-09,6285.0,actual
55,2023-01-16,6342.0,actual
55,2023-01-23,5117.0,actual
55,2023-01-30,7040.0,actual
55,2023-02-06,5516.0,actual
55,2023-02-13,4843.0,actual
55,2023-02-20,6218.0,actual
55,2023-02-27,6098.0,actual
55,2023-03-06,1824.0,actual
55,2023-03-13,4522.0,actual
55,2023-03-20,5433.0,actual
55,2023-03-27,6392.0,actual
55,2023-04-03,5945.0,actual
55,2023-04-10,5811.0,actual
55,2023-04-17,8115.0,actual
55,2023-04-24,8058.0,actual
55,2023-05-01,9101.0,actual
55,2023-05-08,8136.0,actual
55,2023-05-15,4742.0,actual
55,2023-05-22,3937.0,actual
55,2023-05-29,5333.0,actual
55,2023-06-05,7874.0,actual
55,2023-06-12,7780.0,actual
55,2023-06-19,5603.0,actual
55,2023-06-26,7768.0,actual
55,2023-07-03,10809.0,actual
55,2023-07-10,4622.0,actual
55,2023-07-17,4171.0,actual
55,2023-07-24,4700.0,actual
55,2023-07-31,6590.0,actual
55,2023-08-07,4818.0,actual
55,2023-08-14,4595.0,actual
55,2023-08-21,4739.0,actual
55,2023-08-28,5630.0,actual
55,2023-09-04,5831.0,actual
55,2023-09-11,5172.0,actual
55,2023-09-18,5915.0,actual
55,2023-09-25,6533.0,actual
55,2023-10-02,8994.0,actual
55,2023-10-09,6517.0,actual
55,2023-10-16,5593.0,actual
55,2023-10-23,5267.0,actual
55,2023-10-30,6931.0,actual
55,2023-11-06,3654.0,actual
55,2023-11-13,4906.0,actual
55,2023-11-20,4028.0,actual
55,2023-11-27,6852.0,actual
55,2023-12-04,7082.0,actual
55,2023-12-11,5192.0,actual
55,2023-12-18,3980.0,actual
55,2023-12-25,4624.0,actual
55,2024-01-01,7977.0,actual
55,2024-01-08,5613.0,actual
55,2024-01-15,4406.0,actual
55,2024-01-22,5110.0,actual
55,2024-01-29,7581.0,actual
55,2024-02-05,6522.0,actual
55,2024-02-12,5474.0,actual
55,2024-02-19,5243.0,actual
55,2024-02-26,5841.0,actual
55,2024-03-04,5310.0,actual
55,2024-03-11,4606.0,actual
55,2024-03-18,4560.0,actual
55,2024-03-25,5830.0,actual
55,2024-04-01,6405.0,actual
55,2024-04-08,4843.0,actual
55,2024-04-15,4384.0,actual
55,2024-04-22,5986.0,actual
55,2024-04-29,7812.0,actual
55,2024-05-06,6104.0,actual
55,2024-05-13,5750.0,actual
55,2024-05-20,5279.0,actual
55,2024-05-27,5329.0,actual
55,2024-06-03,5609.0,actual
55,2024-06-10,4878.0,actual
55,2024-06-17,5998.0,actual
55,2024-06-24,5475.0,actual
55,2024-07-01,7907.0,actual
55,2024-07-08,7545.0,actual
55,2024-07-15,6025.0,actual
55,2024-07-22,5473.0,actual
55,2024-07-29,6262.0,actual
55,2024-08-05,5312.0,actual
55,2024-08-12,3590.0,actual
55,2024-08-19,3774.0,actual
55,2024-08-26,5082.0,actual
55,2024-09-02,5989.0,actual
55,2024-09-09,4769.0,actual
55,2024-09-16,4857.0,actual
55,2024-09-23,4869.0,actual
55,2024-09-30,5846.0,actual
55,2024-10-07,4227.0,actual
57,2022-01-03,4538.0,actual
57,2022-01-10,4764.0,actual
57,2022-01-17,3642.0,actual
57,2022-01-24,4029.0,actual
57,2022-01-31,7996.0,actual
57,2022-02-07,5757.0,actual
57,2022-02-14,6939.0,actual
57,2022-02-21,4416.0,actual
57,2022-02-28,4947.0,actual
57,2022-03-07,5188.0,actual
57,2022-03-14,4237.0,actual
57,2022-03-21,3610.0,actual
57,2022-03-28,4076.0,actual
57,2022-04-04,3104.0,actual
57,2022-04-11,3253.0,actual
57,2022-04-18,2772.0,actual
57,2022-04-25,4034.0,actual
57,2022-05-02,6763.0,actual
57,2022-05-09,3639.0,actual
57,2022-05-16,3977.0,actual
57,2022-05-23,3929.0,actual
57,2022-05-30,5552.0,actual
57,2022-06-06,7162.0,actual
57,2022-06-13,2870.0,actual
57,2022-06-20,4147.0,actual
57,2022-06-27,5018.0,actual
57,2022-07-04,4627.0,actual
57,2022-07-11,3559.0,actual
57,2022-07-18,3453.0,actual
57,2022-07-25,4518.0,actual
57,2022-08-01,5083.0,actual
57,2022-08-08,8706.0,actual
57,2022-08-15,3467.0,actual
57,2022-08-22,3164.0,actual
57,2022-08-29,4017.0,actual
57,2022-09-05,5810.0,actual
57,2022-09-12,5534.0,actual
57,2022-09-19,5354.0,actual
57,2022-09-26,4849.0,actual
57,2022-10-03,4273.0,actual
57,2022-10-10,4161.0,actual
57,2022-10-17,4802.0,actual
57,2022-10-24,3924.0,actual
57,2022-10-31,3937.0,actual
57,2022-11-07,6166.0,actual
57,2022-11-14,4553.0,actual
57,2022-11-21,5246.0,actual
57,2022-11-28,8399.0,actual
57,2022-12-05,5714.0,actual
57,2022-12-12,4293.0,actual
57,2022-12-19,5641.0,actual
57,2022-12-26,9585.0,actual
57,2023-01-02,8046.0,actual
57,2023-01-09,5249.0,actual
57,2023-01-16,5174.0,actual
57,2023-01-23,5015.0,actual
57,2023-01-30,5089.0,actual
57,2023-02-06,5449.0,actual
57,2023-02-13,5366.0,actual
57,2023-02-20,8045.0,actual
57,2023-02-27,5719.0,actual
57,2023-03-06,3236.0,actual
57,2023-03-13,5287.0,actual
57,2023-03-20,5122.0,actual
57,2023-03-27,6237.0,actual
57,2023-04-03,4144.0,actual
57,2023-04-10,4401.0,actual
57,2023-04-17,5780.0,actual
57,2023-04-24,8594.0,actual
57,2023-05-01,7355.0,actual
57,2023-05-08,8188.0,actual
57,2023-05-15,3769.0,actual
57,2023-05-22,4556.0,actual
57,2023-05-29,5005.0,actual
57,2023-06-05,7289.0,actual
57,2023-06-12,7571.0,actual
57,2023-06-19,5626.0,actual
57,2023-06-26,5896.0,actual
57,2023-07-03,8821.0,actual
57,2023-07-10,4162.0,actual
57,2023-07-17,4459.0,actual
57,2023-07-24,6457.0,actual
57,2023-07-31,4888.0,actual
57,2023-08-07,4981.0,actual
57,2023-08-14,4953.0,actual
57,2023-08-21,4405.0,actual
57,2023-08-28,4527.0,actual
57,2023-09-04,4977.0,actual
57,2023-09-11,4958.0,actual
57,2023-09-18,6301.0,actual
57,2023-09-25,7323.0,actual
57,2023-10-02,6621.0,actual
57,2023-10-09,6016.0,actual
57,2023-10-16,4745.0,actual
57,2023-10-23,5269.0,actual
57,2023-10-30,5223.0,actual
57,2023-11-06,4274.0,actual
57,2023-11-13,5401.0,actual
57,2023-11-20,4356.0,actual
57,2023-11-27,6514.0,actual
57,2023-12-04,6473.0,actual
57,2023-12-11,5205.0,actual
57,2023-12-18,3621.0,actual
57,2023-12-25,6125.0,actual
57,2024-01-01,5847.0,actual
57,2024-01-08,6030.0,actual
57,2024-01-15,4335.0,actual
57,2024-01-22,6542.0,actual
57,2024-01-29,8124.0,actual
57,2024-02-05,6467.0,actual
57,2024-02-12,5504.0,actual
57,2024-02-19,5379.0,actual
57,2024-02-26,5471.0,actual
57,2024-03-04,5380.0,actual
57,2024-03-11,5402.0,actual
57,2024-03-18,5169.0,actual
57,2024-03-25,5648.0,actual
57,2024-04-01,4664.0,actual
57,2024-04-08,4261.0,actual
57,2024-04-15,3640.0,actual
57,2024-04-22,7401.0,actual
57,2024-04-29,5736.0,actual
57,2024-05-06,6329.0,actual
57,2024-05-13,5462.0,actual
57,2024-05-20,5142.0,actual
57,2024-05-27,5727.0,actual
57,2024-06-03,5119.0,actual
57,2024-06-10,5322.0,actual
57,2024-06-17,6318.0,actual
57,2024-06-24,6119.0,actual
57,2024-07-01,6153.0,actual
57,2024-07-08,6168.0,actual
57,2024-07-15,5101.0,actual
57,2024-07-22,6653.0,actual
57,2024-07-29,5532.0,actual
57,2024-08-05,5159.0,actual
57,2024-08-12,3776.0,actual
57,2024-08-19,3542.0,actual
57,2024-08-26,5317.0,actual
57,2024-09-02,5021.0,actual
57,2024-09-09,4742.0,actual
57,2024-09-16,4165.0,actual
57,2024-09-23,5240.0,actual
57,2024-09-30,5084.0,actual
57,2024-10-07,4365.0,actual
58,2022-01-03,6462.0,actual
58,2022-01-10,7199.0,actual
58,2022-01-17,4921.0,actual
58,2022-01-24,5113.0,actual
58,2022-01-31,10285.0,actual
58,2022-02-07,7691.0,actual
58,2022-02-14,7420.0,actual
58,2022-02-21,6212.0,actual
58,2022-02-28,5645.0,actual
58,2022-03-07,7074.0,actual
58,2022-03-14,7017.0,actual
58,2022-03-21,5031.0,actual
58,2022-03-28,4108.0,actual
58,2022-04-04,3981.0,actual
58,2022-04-11,4551.0,actual
58,2022-04-18,4738.0,actual
58,2022-04-25,7566.0,actual
58,2022-05-02,9164.0,actual
58,2022-05-09,6256.0,actual
58,2022-05-16,5077.0,actual
58,2022-05-23,5375.0,actual
58,2022-05-30,7545.0,actual
58,2022-06-06,8113.0,actual
58,2022-06-13,5469.0,actual
58,2022-06-20,5598.0,actual
58,2022-06-27,6210.0,actual
58,2022-07-04,6066.0,actual
58,2022-07-11,4689.0,actual
58,2022-07-18,3925.0,actual
58,2022-07-25,5493.0,actual
58,2022-08-01,6568.0,actual
58,2022-08-08,13975.0,actual
58,2022-08-15,4765.0,actual
58,2022-08-22,4821.0,actual
58,2022-08-29,4978.0,actual
58,2022-09-05,6404.0,actual
58,2022-09-12,7519.0,actual
58,2022-09-19,7300.0,actual
58,2022-09-26,5608.0,actual
58,2022-10-03,5473.0,actual
58,2022-10-10,5446.0,actual
58,2022-10-17,7016.0,actual
58,2022-10-24,5297.0,actual
58,2022-10-31,5337.0,actual
58,2022-11-07,8541.0,actual
58,2022-11-14,6124.0,actual
58,2022-11-21,6651.0,actual
58,2022-11-28,17115.0,actual
58,2022-12-05,6687.0,actual
58,2022-12-12,9540.0,actual
58,2022-12-19,7991.0,actual
58,2022-12-26,9730.0,actual
58,2023-01-02,9189.0,actual
58,2023-01-09,7419.0,actual
58,2023-01-16,8635.0,actual
58,2023-01-23,9576.0,actual
58,2023-01-30,7847.0,actual
58,2023-02-06,7822.0,actual
58,2023-02-13,6165.0,actual
58,2023-02-20,13456.0,actual
58,2023-02-27,6615.0,actual
58,2023-03-06,3869.0,actual
58,2023-03-13,6583.0,actual
58,2023-03-20,5535.0,actual
58,2023-03-27,7894.0,actual
58,2023-04-03,5308.0,actual
58,2023-04-10,5559.0,actual
58,2023-04-17,9338.0,actual
58,2023-04-24,10556.0,actual
58,2023-05-01,9531.0,actual
58,2023-05-08,9892.0,actual
58,2023-05-15,5487.0,actual
58,2023-05-22,5846.0,actual
58,2023-05-29,5769.0,actual
58,2023-06-05,10021.0,actual
58,2023-06-12,8086.0,actual
58,2023-06-19,7522.0,actual
58,2023-06-26,7473.0,actual
58,2023-07-03,10397.0,actual
58,2023-07-10,5668.0,actual
58,2023-07-17,5378.0,actual
58,2023-07-24,8844.0,actual
58,2023-07-31,6226.0,actual
58,2023-08-07,6496.0,actual
58,2023-08-14,6847.0,actual
58,2023-08-21,6799.0,actual
58,2023-08-28,6111.0,actual
58,2023-09-04,6545.0,actual
58,2023-09-11,5843.0,actual
58,2023-09-18,7206.0,actual
58,2023-09-25,8322.0,actual
58,2023-10-02,8437.0,actual
58,2023-10-09,8611.0,actual
58,2023-10-16,6724.0,actual
58,2023-10-23,7727.0,actual
58,2023-10-30,6257.0,actual
58,2023-11-06,5464.0,actual
58,2023-11-13,8609.0,actual
58,2023-11-20,6362.0,actual
58,2023-11-27,9009.0,actual
58,2023-12-04,7653.0,actual
58,2023-12-11,6135.0,actual
58,2023-12-18,4558.0,actual
58,2023-12-25,7393.0,actual
58,2024-01-01,7297.0,actual
58,2024-01-08,7433.0,actual
58,2024-01-15,6342.0,actual
58,2024-01-22,9155.0,actual
58,2024-01-29,10029.0,actual
58,2024-02-05,7717.0,actual
58,2024-02-12,7709.0,actual
58,2024-02-19,7822.0,actual
58,2024-02-26,6320.0,actual
58,2024-03-04,6311.0,actual
58,2024-03-11,5997.0,actual
58,2024-03-18,7810.0,actual
58,2024-03-25,6950.0,actual
58,2024-04-01,6223.0,actual
58,2024-04-08,5891.0,actual
58,2024-04-15,5572.0,actual
58,2024-04-22,9391.0,actual
58,2024-04-29,7728.0,actual
58,2024-05-06,7582.0,actual
58,2024-05-13,7200.0,actual
58,2024-05-20,5423.0,actual
58,2024-05-27,6966.0,actual
58,2024-06-03,5891.0,actual
58,2024-06-10,7562.0,actual
58,2024-06-17,7155.0,actual
58,2024-06-24,8524.0,actual
58,2024-07-01,6745.0,actual
58,2024-07-08,7929.0,actual
58,2024-07-15,6646.0,actual
58,2024-07-22,9011.0,actual
58,2024-07-29,6201.0,actual
58,2024-08-05,6953.0,actual
58,2024-08-12,4968.0,actual
58,2024-08-19,4201.0,actual
58,2024-08-26,6342.0,actual
58,2024-09-02,5773.0,actual
58,2024-09-09,6257.0,actual
58,2024-09-16,6029.0,actual
58,2024-09-23,7037.0,actual
58,2024-09-30,6979.0,actual
58,2024-10-07,5355.0,actual
59,2022-01-03,14012.0,actual
59,2022-01-10,11926.0,actual
59,2022-01-17,11843.0,actual
59,2022-01-24,14507.0,actual
59,2022-01-31,21655.0,actual
59,2022-02-07,17035.0,actual
59,2022-02-14,16624.0,actual
59,2022-02-21,11247.0,actual
59,2022-02-28,13328.0,actual
59,2022-03-07,12994.0,actual
59,2022-03-14,14304.0,actual
59,2022-03-21,13330.0,actual
59,2022-03-28,11980.0,actual
59,2022-04-04,10825.0,actual
59,2022-04-11,11041.0,actual
59,2022-04-18,11331.0,actual
59,2022-04-25,13701.0,actual
59,2022-05-02,13276.0,actual
59,2022-05-09,14277.0,actual
59,2022-05-16,12339.0,actual
59,2022-05-23,13462.0,actual
59,2022-05-30,12675.0,actual
59,2022-06-06,12444.0,actual
59,2022-06-13,11016.0,actual
59,2022-06-20,13521.0,actual
59,2022-06-27,13077.0,actual
59,2022-07-04,12301.0,actual
59,2022-07-11,12997.0,actual
59,2022-07-18,10458.0,actual
59,2022-07-25,16847.0,actual
59,2022-08-01,11411.0,actual
59,2022-08-08,13370.0,actual
59,2022-08-15,11376.0,actual
59,2022-08-22,12142.0,actual
59,2022-08-29,9076.0,actual
59,2022-09-05,11379.0,actual
59,2022-09-12,15741.0,actual
59,2022-09-19,14729.0,actual
59,2022-09-26,12244.0,actual
59,2022-10-03,13957.0,actual
59,2022-10-10,13635.0,actual
59,2022-10-17,13062.0,actual
59,2022-10-24,12540.0,actual
59,2022-10-31,11964.0,actual
59,2022-11-07,16339.0,actual
59,2022-11-14,15281.0,actual
59,2022-11-21,15360.0,actual
59,2022-11-28,17681.0,actual
59,2022-12-05,15519.0,actual
59,2022-12-12,14668.0,actual
59,2022-12-19,11127.0,actual
59,2022-12-26,15911.0,actual
59,2023-01-02,18724.0,actual
59,2023-01-09,10714.0,actual
59,2023-01-16,14146.0,actual
59,2023-01-23,14574.0,actual
59,2023-01-30,14998.0,actual
59,2023-02-06,14440.0,actual
59,2023-02-13,13277.0,actual
59,2023-02-20,16373.0,actual
59,2023-02-27,12362.0,actual
59,2023-03-06,5117.0,actual
59,2023-03-13,13499.0,actual
59,2023-03-20,13256.0,actual
59,2023-03-27,12922.0,actual
59,2023-04-03,11157.0,actual
59,2023-04-10,13085.0,actual
59,2023-04-17,14257.0,actual
59,2023-04-24,14228.0,actual
59,2023-05-01,13087.0,actual
59,2023-05-08,14010.0,actual
59,2023-05-15,12216.0,actual
59,2023-05-22,10939.0,actual
59,2023-05-29,12833.0,actual
59,2023-06-05,13612.0,actual
59,2023-06-12,14001.0,actual
59,2023-06-19,12773.0,actual
59,2023-06-26,13218.0,actual
59,2023-07-03,15292.0,actual
59,2023-07-10,11316.0,actual
59,2023-07-17,11401.0,actual
59,2023-07-24,12954.0,actual
59,2023-07-31,16102.0,actual
59,2023-08-07,11652.0,actual
59,2023-08-14,13965.0,actual
59,2023-08-21,12595.0,actual
59,2023-08-28,12810.0,actual
59,2023-09-04,12193.0,actual
59,2023-09-11,11212.0,actual
59,2023-09-18,14255.0,actual
59,2023-09-25,12995.0,actual
59,2023-10-02,13398.0,actual
59,2023-10-09,14091.0,actual
59,2023-10-16,13772.0,actual
59,2023-10-23,15775.0,actual
59,2023-10-30,11369.0,actual
59,2023-11-06,9661.0,actual
59,2023-11-13,13649.0,actual
59,2023-11-20,11400.0,actual
59,2023-11-27,16997.0,actual
59,2023-12-04,16767.0,actual
59,2023-12-11,14866.0,actual
59,2023-12-18,12757.0,actual
59,2023-12-25,11878.0,actual
59,2024-01-01,14095.0,actual
59,2024-01-08,12581.0,actual
59,2024-01-15,13933.0,actual
59,2024-01-22,13831.0,actual
59,2024-01-29,15250.0,actual
59,2024-02-05,14254.0,actual
59,2024-02-12,13190.0,actual
59,2024-02-19,12419.0,actual
59,2024-02-26,13635.0,actual
59,2024-03-04,12132.0,actual
59,2024-03-11,12481.0,actual
59,2024-03-18,13508.0,actual
59,2024-03-25,11969.0,actual
59,2024-04-01,12026.0,actual
59,2024-04-08,14326.0,actual
59,2024-04-15,13628.0,actual
59,2024-04-22,15084.0,actual
59,2024-04-29,14885.0,actual
59,2024-05-06,14872.0,actual
59,2024-05-13,13877.0,actual
59,2024-05-20,12865.0,actual
59,2024-05-27,13027.0,actual
59,2024-06-03,13059.0,actual
59,2024-06-10,15138.0,actual
59,2024-06-17,13538.0,actual
59,2024-06-24,15038.0,actual
59,2024-07-01,14006.0,actual
59,2024-07-08,15164.0,actual
59,2024-07-15,13661.0,actual
59,2024-07-22,15040.0,actual
59,2024-07-29,11567.0,actual
59,2024-08-05,12295.0,actual
59,2024-08-12,11285.0,actual
59,2024-08-19,12291.0,actual
59,2024-08-26,13339.0,actual
59,2024-09-02,13225.0,actual
59,2024-09-09,12739.0,actual
59,2024-09-16,13316.0,actual
59,2024-09-23,12761.0,actual
59,2024-09-30,13282.0,actual
59,2024-10-07,10784.0,actual
61,2022-01-03,6937.0,actual
61,2022-01-10,7154.0,actual
61,2022-01-17,7071.0,actual
61,2022-01-24,6105.0,actual
61,2022-01-31,12576.0,actual
61,2022-02-07,10485.0,actual
61,2022-02-14,10549.0,actual
61,2022-02-21,8534.0,actual
61,2022-02-28,6639.0,actual
61,2022-03-07,8226.0,actual
61,2022-03-14,8777.0,actual
61,2022-03-21,6142.0,actual
61,2022-03-28,6130.0,actual
61,2022-04-04,5357.0,actual
61,2022-04-11,6244.0,actual
61,2022-04-18,6252.0,actual
61,2022-04-25,8587.0,actual
61,2022-05-02,11136.0,actual
61,2022-05-09,7182.0,actual
61,2022-05-16,6531.0,actual
61,2022-05-23,7457.0,actual
61,2022-05-30,8400.0,actual
61,2022-06-06,8311.0,actual
61,2022-06-13,6631.0,actual
61,2022-06-20,8139.0,actual
61,2022-06-27,7311.0,actual
61,2022-07-04,8209.0,actual
61,2022-07-11,6705.0,actual
61,2022-07-18,6500.0,actual
61,2022-07-25,7212.0,actual
61,2022-08-01,7384.0,actual
61,2022-08-08,14504.0,actual
61,2022-08-15,8133.0,actual
61,2022-08-22,6686.0,actual
61,2022-08-29,6646.0,actual
61,2022-09-05,7322.0,actual
61,2022-09-12,10417.0,actual
61,2022-09-19,10442.0,actual
61,2022-09-26,7229.0,actual
61,2022-10-03,7681.0,actual
61,2022-10-10,7537.0,actual
61,2022-10-17,8024.0,actual
61,2022-10-24,7310.0,actual
61,2022-10-31,6862.0,actual
61,2022-11-07,10730.0,actual
61,2022-11-14,8781.0,actual
61,2022-11-21,8615.0,actual
61,2022-11-28,13503.0,actual
61,2022-12-05,10093.0,actual
61,2022-12-12,8776.0,actual
61,2022-12-19,7012.0,actual
61,2022-12-26,8996.0,actual
61,2023-01-02,8586.0,actual
61,2023-01-09,6451.0,actual
61,2023-01-16,7987.0,actual
61,2023-01-23,9775.0,actual
61,2023-01-30,7582.0,actual
61,2023-02-06,8424.0,actual
61,2023-02-13,8049.0,actual
61,2023-02-20,14730.0,actual
61,2023-02-27,8798.0,actual
61,2023-03-06,5271.0,actual
61,2023-03-13,8908.0,actual
61,2023-03-20,8135.0,actual
61,2023-03-27,8321.0,actual
61,2023-04-03,6399.0,actual
61,2023-04-10,7378.0,actual
61,2023-04-17,10201.0,actual
61,2023-04-24,10855.0,actual
61,2023-05-01,10151.0,actual
61,2023-05-08,10333.0,actual
61,2023-05-15,7506.0,actual
61,2023-05-22,7233.0,actual
61,2023-05-29,7010.0,actual
61,2023-06-05,8966.0,actual
61,2023-06-12,8014.0,actual
61,2023-06-19,7495.0,actual
61,2023-06-26,7216.0,actual
61,2023-07-03,8657.0,actual
61,2023-07-10,6878.0,actual
61,2023-07-17,6283.0,actual
61,2023-07-24,9889.0,actual
61,2023-07-31,6920.0,actual
61,2023-08-07,7117.0,actual
61,2023-08-14,8164.0,actual
61,2023-08-21,9785.0,actual
61,2023-08-28,7580.0,actual
61,2023-09-04,6566.0,actual
61,2023-09-11,7705.0,actual
61,2023-09-18,7697.0,actual
61,2023-09-25,8206.0,actual
61,2023-10-02,8718.0,actual
61,2023-10-09,9155.0,actual
61,2023-10-16,7590.0,actual
61,2023-10-23,9285.0,actual
61,2023-10-30,6879.0,actual
61,2023-11-06,7043.0,actual
61,2023-11-13,9529.0,actual
61,2023-11-20,8023.0,actual
61,2023-11-27,10577.0,actual
61,2023-12-04,10921.0,actual
61,2023-12-11,7363.0,actual
61,2023-12-18,6989.0,actual
61,2023-12-25,8877.0,actual
61,2024-01-01,9913.0,actual
61,2024-01-08,8023.0,actual
61,2024-01-15,8038.0,actual
61,2024-01-22,10744.0,actual
61,2024-01-29,14181.0,actual
61,2024-02-05,9074.0,actual
61,2024-02-12,9908.0,actual
61,2024-02-19,9752.0,actual
61,2024-02-26,8962.0,actual
61,2024-03-04,8286.0,actual
61,2024-03-11,9343.0,actual
61,2024-03-18,9784.0,actual
61,2024-03-25,7969.0,actual
61,2024-04-01,7197.0,actual
61,2024-04-08,8917.0,actual
61,2024-04-15,7629.0,actual
61,2024-04-22,9796.0,actual
61,2024-04-29,8293.0,actual
61,2024-05-06,10434.0,actual
61,2024-05-13,9165.0,actual
61,2024-05-20,8395.0,actual
61,2024-05-27,7957.0,actual
61,2024-06-03,8386.0,actual
61,2024-06-10,9644.0,actual
61,2024-06-17,8754.0,actual
61,2024-06-24,9197.0,actual
61,2024-07-01,7694.0,actual
61,2024-07-08,8297.0,actual
61,2024-07-15,8497.0,actual
61,2024-07-22,11384.0,actual
61,2024-07-29,7519.0,actual
61,2024-08-05,7821.0,actual
61,2024-08-12,7895.0,actual
61,2024-08-19,6427.0,actual
61,2024-08-26,8020.0,actual
61,2024-09-02,7797.0,actual
61,2024-09-09,7557.0,actual
61,2024-09-16,7706.0,actual
61,2024-09-23,8166.0,actual
61,2024-09-30,8517.0,actual
61,2024-10-07,7602.0,actual
64,2022-01-03,6620.0,actual
64,2022-01-10,7641.0,actual
64,2022-01-17,6200.0,actual
64,2022-01-24,5561.0,actual
64,2022-01-31,9601.0,actual
64,2022-02-07,7810.0,actual
64,2022-02-14,8676.0,actual
64,2022-02-21,7244.0,actual
64,2022-02-28,6323.0,actual
64,2022-03-07,6368.0,actual
64,2022-03-14,7339.0,actual
64,2022-03-21,5329.0,actual
64,2022-03-28,5499.0,actual
64,2022-04-04,4961.0,actual
64,2022-04-11,5254.0,actual
64,2022-04-18,5245.0,actual
64,2022-04-25,7641.0,actual
64,2022-05-02,7599.0,actual
64,2022-05-09,6220.0,actual
64,2022-05-16,6202.0,actual
64,2022-05-23,6406.0,actual
64,2022-05-30,6796.0,actual
64,2022-06-06,6218.0,actual
64,2022-06-13,6005.0,actual
64,2022-06-20,6870.0,actual
64,2022-06-27,6759.0,actual
64,2022-07-04,6389.0,actual
64,2022-07-11,5472.0,actual
64,2022-07-18,5222.0,actual
64,2022-07-25,6320.0,actual
64,2022-08-01,7595.0,actual
64,2022-08-08,8848.0,actual
64,2022-08-15,7205.0,actual
64,2022-08-22,5949.0,actual
64,2022-08-29,6441.0,actual
64,2022-09-05,7385.0,actual
64,2022-09-12,8869.0,actual
64,2022-09-19,9264.0,actual
64,2022-09-26,6319.0,actual
64,2022-10-03,6234.0,actual
64,2022-10-10,7378.0,actual
64,2022-10-17,7205.0,actual
64,2022-10-24,6922.0,actual
64,2022-10-31,6502.0,actual
64,2022-11-07,8364.0,actual
64,2022-11-14,7485.0,actual
64,2022-11-21,6182.0,actual
64,2022-11-28,11093.0,actual
64,2022-12-05,6658.0,actual
64,2022-12-12,7121.0,actual
64,2022-12-19,6617.0,actual
64,2022-12-26,8500.0,actual
64,2023-01-02,7310.0,actual
64,2023-01-09,6047.0,actual
64,2023-01-16,7378.0,actual
64,2023-01-23,7328.0,actual
64,2023-01-30,6842.0,actual
64,2023-02-06,6394.0,actual
64,2023-02-13,7366.0,actual
64,2023-02-20,8965.0,actual
64,2023-02-27,6695.0,actual
64,2023-03-06,3872.0,actual
64,2023-03-13,7131.0,actual
64,2023-03-20,6912.0,actual
64,2023-03-27,6298.0,actual
64,2023-04-03,5951.0,actual
64,2023-04-10,5927.0,actual
64,2023-04-17,8055.0,actual
64,2023-04-24,8064.0,actual
64,2023-05-01,8230.0,actual
64,2023-05-08,8630.0,actual
64,2023-05-15,6297.0,actual
64,2023-05-22,6099.0,actual
64,2023-05-29,6430.0,actual
64,2023-06-05,7534.0,actual
64,2023-06-12,5889.0,actual
64,2023-06-19,6421.0,actual
64,2023-06-26,6649.0,actual
64,2023-07-03,7066.0,actual
64,2023-07-10,6100.0,actual
64,2023-07-17,6317.0,actual
64,2023-07-24,8028.0,actual
64,2023-07-31,6684.0,actual
64,2023-08-07,6763.0,actual
64,2023-08-14,7207.0,actual
64,2023-08-21,7139.0,actual
64,2023-08-28,6383.0,actual
64,2023-09-04,6217.0,actual
64,2023-09-11,6775.0,actual
64,2023-09-18,7098.0,actual
64,2023-09-25,6689.0,actual
64,2023-10-02,7981.0,actual
64,2023-10-09,7314.0,actual
64,2023-10-16,7271.0,actual
64,2023-10-23,7398.0,actual
64,2023-10-30,6472.0,actual
64,2023-11-06,5816.0,actual
64,2023-11-13,8969.0,actual
64,2023-11-20,6314.0,actual
64,2023-11-27,9106.0,actual
64,2023-12-04,8060.0,actual
64,2023-12-11,8501.0,actual
64,2023-12-18,5925.0,actual
64,2023-12-25,6191.0,actual
64,2024-01-01,7711.0,actual
64,2024-01-08,7054.0,actual
64,2024-01-15,6732.0,actual
64,2024-01-22,7879.0,actual
64,2024-01-29,9152.0,actual
64,2024-02-05,7063.0,actual
64,2024-02-12,7010.0,actual
64,2024-02-19,7580.0,actual
64,2024-02-26,6567.0,actual
64,2024-03-04,6589.0,actual
64,2024-03-11,6706.0,actual
64,2024-03-18,8094.0,actual
64,2024-03-25,6430.0,actual
64,2024-04-01,6046.0,actual
64,2024-04-08,6523.0,actual
64,2024-04-15,6524.0,actual
64,2024-04-22,7298.0,actual
64,2024-04-29,7064.0,actual
64,2024-05-06,7530.0,actual
64,2024-05-13,7455.0,actual
64,2024-05-20,5883.0,actual
64,2024-05-27,6974.0,actual
64,2024-06-03,6511.0,actual
64,2024-06-10,6929.0,actual
64,2024-06-17,6626.0,actual
64,2024-06-24,7611.0,actual
64,2024-07-01,5581.0,actual
64,2024-07-08,7651.0,actual
64,2024-07-15,6082.0,actual
64,2024-07-22,8564.0,actual
64,2024-07-29,6159.0,actual
64,2024-08-05,5837.0,actual
64,2024-08-12,6026.0,actual
64,2024-08-19,5164.0,actual
64,2024-08-26,6553.0,actual
64,2024-09-02,6334.0,actual
64,2024-09-09,5814.0,actual
64,2024-09-16,5550.0,actual
64,2024-09-23,5758.0,actual
64,2024-09-30,6204.0,actual
64,2024-10-07,5821.0,actual
65,2022-01-03,10334.0,actual
65,2022-01-10,12471.0,actual
65,2022-01-17,10186.0,actual
65,2022-01-24,9805.0,actual
65,2022-01-31,17846.0,actual
65,2022-02-07,14559.0,actual
65,2022-02-14,14532.0,actual
65,2022-02-21,11500.0,actual
65,2022-02-28,11532.0,actual
65,2022-03-07,13101.0,actual
65,2022-03-14,12759.0,actual
65,2022-03-21,10447.0,actual
65,2022-03-28,9567.0,actual
65,2022-04-04,9345.0,actual
65,2022-04-11,9560.0,actual
65,2022-04-18,9695.0,actual
65,2022-04-25,13327.0,actual
65,2022-05-02,14823.0,actual
65,2022-05-09,11135.0,actual
65,2022-05-16,10619.0,actual
65,2022-05-23,10942.0,actual
65,2022-05-30,12908.0,actual
65,2022-06-06,11908.0,actual
65,2022-06-13,9354.0,actual
65,2022-06-20,11280.0,actual
65,2022-06-27,11468.0,actual
65,2022-07-04,10320.0,actual
65,2022-07-11,9916.0,actual
65,2022-07-18,9621.0,actual
65,2022-07-25,10122.0,actual
65,2022-08-01,11224.0,actual
65,2022-08-08,17522.0,actual
65,2022-08-15,12303.0,actual
65,2022-08-22,11328.0,actual
65,2022-08-29,11091.0,actual
65,2022-09-05,11756.0,actual
65,2022-09-12,14584.0,actual
65,2022-09-19,15604.0,actual
65,2022-09-26,12090.0,actual
65,2022-10-03,13133.0,actual
65,2022-10-10,12494.0,actual
65,2022-10-17,12252.0,actual
65,2022-10-24,10665.0,actual
65,2022-10-31,11907.0,actual
65,2022-11-07,16480.0,actual
65,2022-11-14,14187.0,actual
65,2022-11-21,11265.0,actual
65,2022-11-28,19529.0,actual
65,2022-12-05,14152.0,actual
65,2022-12-12,13533.0,actual
65,2022-12-19,12161.0,actual
65,2022-12-26,15965.0,actual
65,2023-01-02,13405.0,actual
65,2023-01-09,11814.0,actual
65,2023-01-16,14294.0,actual
65,2023-01-23,14401.0,actual
65,2023-01-30,13181.0,actual
65,2023-02-06,12539.0,actual
65,2023-02-13,12104.0,actual
65,2023-02-20,19667.0,actual
65,2023-02-27,13006.0,actual
65,2023-03-06,6738.0,actual
65,2023-03-13,14631.0,actual
65,2023-03-20,12745.0,actual
65,2023-03-27,13063.0,actual
65,2023-04-03,10803.0,actual
65,2023-04-10,12386.0,actual
65,2023-04-17,14980.0,actual
65,2023-04-24,16307.0,actual
65,2023-05-01,15596.0,actual
65,2023-05-08,15939.0,actual
65,2023-05-15,12123.0,actual
65,2023-05-22,10649.0,actual
65,2023-05-29,11983.0,actual
65,2023-06-05,16830.0,actual
65,2023-06-12,13409.0,actual
65,2023-06-19,12536.0,actual
65,2023-06-26,12102.0,actual
65,2023-07-03,13875.0,actual
65,2023-07-10,10609.0,actual
65,2023-07-17,10309.0,actual
65,2023-07-24,14118.0,actual
65,2023-07-31,11166.0,actual
65,2023-08-07,11366.0,actual
65,2023-08-14,13576.0,actual
65,2023-08-21,13249.0,actual
65,2023-08-28,11999.0,actual
65,2023-09-04,10616.0,actual
65,2023-09-11,12005.0,actual
65,2023-09-18,12242.0,actual
65,2023-09-25,12006.0,actual
65,2023-10-02,13455.0,actual
65,2023-10-09,14067.0,actual
65,2023-10-16,12421.0,actual
65,2023-10-23,14409.0,actual
65,2023-10-30,10785.0,actual
65,2023-11-06,10906.0,actual
65,2023-11-13,14864.0,actual
65,2023-11-20,11038.0,actual
65,2023-11-27,16840.0,actual
65,2023-12-04,14863.0,actual
65,2023-12-11,14801.0,actual
65,2023-12-18,12059.0,actual
65,2023-12-25,15241.0,actual
65,2024-01-01,14722.0,actual
65,2024-01-08,14103.0,actual
65,2024-01-15,13384.0,actual
65,2024-01-22,16302.0,actual
65,2024-01-29,15490.0,actual
65,2024-02-05,12625.0,actual
65,2024-02-12,14957.0,actual
65,2024-02-19,13929.0,actual
65,2024-02-26,13152.0,actual
65,2024-03-04,11858.0,actual
65,2024-03-11,13321.0,actual
65,2024-03-18,15388.0,actual
65,2024-03-25,13098.0,actual
65,2024-04-01,11956.0,actual
65,2024-04-08,12852.0,actual
65,2024-04-15,12245.0,actual
65,2024-04-22,15040.0,actual
65,2024-04-29,15065.0,actual
65,2024-05-06,15065.0,actual
65,2024-05-13,14236.0,actual
65,2024-05-20,12392.0,actual
65,2024-05-27,11790.0,actual
65,2024-06-03,10227.0,actual
65,2024-06-10,13559.0,actual
65,2024-06-17,12365.0,actual
65,2024-06-24,13678.0,actual
65,2024-07-01,13683.0,actual
65,2024-07-08,14798.0,actual
65,2024-07-15,12970.0,actual
65,2024-07-22,18583.0,actual
65,2024-07-29,11533.0,actual
65,2024-08-05,11596.0,actual
65,2024-08-12,11500.0,actual
65,2024-08-19,9951.0,actual
65,2024-08-26,11623.0,actual
65,2024-09-02,12041.0,actual
65,2024-09-09,12905.0,actual
65,2024-09-16,12432.0,actual
65,2024-09-23,12516.0,actual
65,2024-09-30,13477.0,actual
65,2024-10-07,10900.0,actual
66,2022-01-03,11958.0,actual
66,2022-01-10,13951.0,actual
66,2022-01-17,8901.0,actual
66,2022-01-24,9215.0,actual
66,2022-01-31,15987.0,actual
66,2022-02-07,13771.0,actual
66,2022-02-14,12409.0,actual
66,2022-02-21,10930.0,actual
66,2022-02-28,10888.0,actual
66,2022-03-07,11600.0,actual
66,2022-03-14,11519.0,actual
66,2022-03-21,10523.0,actual
66,2022-03-28,9399.0,actual
66,2022-04-04,8554.0,actual
66,2022-04-11,10163.0,actual
66,2022-04-18,9497.0,actual
66,2022-04-25,12016.0,actual
66,2022-05-02,14166.0,actual
66,2022-05-09,12214.0,actual
66,2022-05-16,10256.0,actual
66,2022-05-23,11433.0,actual
66,2022-05-30,11130.0,actual
66,2022-06-06,11141.0,actual
66,2022-06-13,9746.0,actual
66,2022-06-20,11312.0,actual
66,2022-06-27,10928.0,actual
66,2022-07-04,9663.0,actual
66,2022-07-11,9759.0,actual
66,2022-07-18,8476.0,actual
66,2022-07-25,9957.0,actual
66,2022-08-01,10552.0,actual
66,2022-08-08,15329.0,actual
66,2022-08-15,10359.0,actual
66,2022-08-22,10274.0,actual
66,2022-08-29,8674.0,actual
66,2022-09-05,11821.0,actual
66,2022-09-12,13780.0,actual
66,2022-09-19,15539.0,actual
66,2022-09-26,10478.0,actual
66,2022-10-03,11763.0,actual
66,2022-10-10,11605.0,actual
66,2022-10-17,11075.0,actual
66,2022-10-24,10502.0,actual
66,2022-10-31,10415.0,actual
66,2022-11-07,14421.0,actual
66,2022-11-14,11497.0,actual
66,2022-11-21,9649.0,actual
66,2022-11-28,18781.0,actual
66,2022-12-05,14985.0,actual
66,2022-12-12,13429.0,actual
66,2022-12-19,10014.0,actual
66,2022-12-26,15126.0,actual
66,2023-01-02,13417.0,actual
66,2023-01-09,11803.0,actual
66,2023-01-16,12630.0,actual
66,2023-01-23,14115.0,actual
66,2023-01-30,12281.0,actual
66,2023-02-06,12357.0,actual
66,2023-02-13,12247.0,actual
66,2023-02-20,18673.0,actual
66,2023-02-27,11768.0,actual
66,2023-03-06,6132.0,actual
66,2023-03-13,12639.0,actual
66,2023-03-20,11783.0,actual
66,2023-03-27,11726.0,actual
66,2023-04-03,10486.0,actual
66,2023-04-10,10745.0,actual
66,2023-04-17,14361.0,actual
66,2023-04-24,14096.0,actual
66,2023-05-01,12649.0,actual
66,2023-05-08,13930.0,actual
66,2023-05-15,10749.0,actual
66,2023-05-22,10138.0,actual
66,2023-05-29,11058.0,actual
66,2023-06-05,12909.0,actual
66,2023-06-12,10257.0,actual
66,2023-06-19,10663.0,actual
66,2023-06-26,11175.0,actual
66,2023-07-03,11530.0,actual
66,2023-07-10,9457.0,actual
66,2023-07-17,8864.0,actual
66,2023-07-24,13135.0,actual
66,2023-07-31,10243.0,actual
66,2023-08-07,10757.0,actual
66,2023-08-14,12990.0,actual
66,2023-08-21,11696.0,actual
66,2023-08-28,10429.0,actual
66,2023-09-04,8882.0,actual
66,2023-09-11,11143.0,actual
66,2023-09-18,10972.0,actual
66,2023-09-25,11473.0,actual
66,2023-10-02,12010.0,actual
66,2023-10-09,12289.0,actual
66,2023-10-16,11110.0,actual
66,2023-10-23,12654.0,actual
66,2023-10-30,9775.0,actual
66,2023-11-06,9281.0,actual
66,2023-11-13,12420.0,actual
66,2023-11-20,10416.0,actual
66,2023-11-27,12611.0,actual
66,2023-12-04,12545.0,actual
66,2023-12-11,12165.0,actual
66,2023-12-18,9654.0,actual
66,2023-12-25,13048.0,actual
66,2024-01-01,11911.0,actual
66,2024-01-08,11811.0,actual
66,2024-01-15,10563.0,actual
66,2024-01-22,12797.0,actual
66,2024-01-29,13991.0,actual
66,2024-02-05,11874.0,actual
66,2024-02-12,11986.0,actual
66,2024-02-19,11764.0,actual
66,2024-02-26,12130.0,actual
66,2024-03-04,10338.0,actual
66,2024-03-11,11843.0,actual
66,2024-03-18,13946.0,actual
66,2024-03-25,10620.0,actual
66,2024-04-01,10020.0,actual
66,2024-04-08,10740.0,actual
66,2024-04-15,10824.0,actual
66,2024-04-22,13062.0,actual
66,2024-04-29,12255.0,actual
66,2024-05-06,12496.0,actual
66,2024-05-13,11538.0,actual
66,2024-05-20,10113.0,actual
66,2024-05-27,10230.0,actual
66,2024-06-03,10489.0,actual
66,2024-06-10,10273.0,actual
66,2024-06-17,11377.0,actual
66,2024-06-24,12910.0,actual
66,2024-07-01,11139.0,actual
66,2024-07-08,10876.0,actual
66,2024-07-15,10609.0,actual
66,2024-07-22,14338.0,actual
66,2024-07-29,9508.0,actual
66,2024-08-05,10293.0,actual
66,2024-08-12,10859.0,actual
66,2024-08-19,9300.0,actual
66,2024-08-26,9950.0,actual
66,2024-09-02,10222.0,actual
66,2024-09-09,10604.0,actual
66,2024-09-16,10466.0,actual
66,2024-09-23,10525.0,actual
66,2024-09-30,11470.0,actual
66,2024-10-07,9815.0,actual
67,2022-01-03,17168.0,actual
67,2022-01-10,16857.0,actual
67,2022-01-17,16392.0,actual
67,2022-01-24,16892.0,actual
67,2022-01-31,25057.0,actual
67,2022-02-07,19594.0,actual
67,2022-02-14,22113.0,actual
67,2022-02-21,12598.0,actual
67,2022-02-28,16642.0,actual
67,2022-03-07,20323.0,actual
67,2022-03-14,18091.0,actual
67,2022-03-21,17486.0,actual
67,2022-03-28,12992.0,actual
67,2022-04-04,14372.0,actual
67,2022-04-11,15880.0,actual
67,2022-04-18,15090.0,actual
67,2022-04-25,17612.0,actual
67,2022-05-02,19351.0,actual
67,2022-05-09,19428.0,actual
67,2022-05-16,16259.0,actual
67,2022-05-23,18132.0,actual
67,2022-05-30,19246.0,actual
67,2022-06-06,16142.0,actual
67,2022-06-13,15390.0,actual
67,2022-06-20,17292.0,actual
67,2022-06-27,17032.0,actual
67,2022-07-04,16984.0,actual
67,2022-07-11,15308.0,actual
67,2022-07-18,14350.0,actual
67,2022-07-25,23522.0,actual
67,2022-08-01,15520.0,actual
67,2022-08-08,18130.0,actual
67,2022-08-15,16013.0,actual
67,2022-08-22,17599.0,actual
67,2022-08-29,14436.0,actual
67,2022-09-05,16077.0,actual
67,2022-09-12,18659.0,actual
67,2022-09-19,22258.0,actual
67,2022-09-26,17463.0,actual
67,2022-10-03,17835.0,actual
67,2022-10-10,19003.0,actual
67,2022-10-17,17455.0,actual
67,2022-10-24,16376.0,actual
67,2022-10-31,16759.0,actual
67,2022-11-07,23914.0,actual
67,2022-11-14,21246.0,actual
67,2022-11-21,20002.0,actual
67,2022-11-28,26412.0,actual
67,2022-12-05,22189.0,actual
67,2022-12-12,20104.0,actual
67,2022-12-19,16561.0,actual
67,2022-12-26,24617.0,actual
67,2023-01-02,26699.0,actual
67,2023-01-09,16778.0,actual
67,2023-01-16,20853.0,actual
67,2023-01-23,17876.0,actual
67,2023-01-30,19844.0,actual
67,2023-02-06,18857.0,actual
67,2023-02-13,18322.0,actual
67,2023-02-20,23434.0,actual
67,2023-02-27,19344.0,actual
67,2023-03-06,8859.0,actual
67,2023-03-13,19153.0,actual
67,2023-03-20,19687.0,actual
67,2023-03-27,18879.0,actual
67,2023-04-03,15626.0,actual
67,2023-04-10,18146.0,actual
67,2023-04-17,22500.0,actual
67,2023-04-24,25021.0,actual
67,2023-05-01,22367.0,actual
67,2023-05-08,22954.0,actual
67,2023-05-15,18507.0,actual
67,2023-05-22,17571.0,actual
67,2023-05-29,18715.0,actual
67,2023-06-05,21164.0,actual
67,2023-06-12,20070.0,actual
67,2023-06-19,18358.0,actual
67,2023-06-26,17639.0,actual
67,2023-07-03,20425.0,actual
67,2023-07-10,17261.0,actual
67,2023-07-17,16270.0,actual
67,2023-07-24,19748.0,actual
67,2023-07-31,22231.0,actual
67,2023-08-07,18187.0,actual
67,2023-08-14,19680.0,actual
67,2023-08-21,19980.0,actual
67,2023-08-28,18100.0,actual
67,2023-09-04,17401.0,actual
67,2023-09-11,17786.0,actual
67,2023-09-18,20668.0,actual
67,2023-09-25,19649.0,actual
67,2023-10-02,19301.0,actual
67,2023-10-09,22911.0,actual
67,2023-10-16,23568.0,actual
67,2023-10-23,24034.0,actual
67,2023-10-30,17536.0,actual
67,2023-11-06,14799.0,actual
67,2023-11-13,20687.0,actual
67,2023-11-20,19305.0,actual
67,2023-11-27,26759.0,actual
67,2023-12-04,28038.0,actual
67,2023-12-11,23086.0,actual
67,2023-12-18,19345.0,actual
67,2023-12-25,17710.0,actual
67,2024-01-01,20502.0,actual
67,2024-01-08,20730.0,actual
67,2024-01-15,19677.0,actual
67,2024-01-22,22128.0,actual
67,2024-01-29,25009.0,actual
67,2024-02-05,21421.0,actual
67,2024-02-12,21848.0,actual
67,2024-02-19,21136.0,actual
67,2024-02-26,21328.0,actual
67,2024-03-04,19476.0,actual
67,2024-03-11,20052.0,actual
67,2024-03-18,21131.0,actual
67,2024-03-25,19224.0,actual
67,2024-04-01,19286.0,actual
67,2024-04-08,21083.0,actual
67,2024-04-15,19112.0,actual
67,2024-04-22,24181.0,actual
67,2024-04-29,22996.0,actual
67,2024-05-06,22992.0,actual
67,2024-05-13,20239.0,actual
67,2024-05-20,20571.0,actual
67,2024-05-27,19644.0,actual
67,2024-06-03,21280.0,actual
67,2024-06-10,23007.0,actual
67,2024-06-17,21454.0,actual
67,2024-06-24,21840.0,actual
67,2024-07-01,23498.0,actual
67,2024-07-08,27510.0,actual
67,2024-07-15,26230.0,actual
67,2024-07-22,22981.0,actual
67,2024-07-29,18671.0,actual
67,2024-08-05,18918.0,actual
67,2024-08-12,18539.0,actual
67,2024-08-19,18222.0,actual
67,2024-08-26,19657.0,actual
67,2024-09-02,22146.0,actual
67,2024-09-09,19546.0,actual
67,2024-09-16,20929.0,actual
67,2024-09-23,19473.0,actual
67,2024-09-30,20054.0,actual
67,2024-10-07,17861.0,actual
68,2022-01-03,7189.0,actual
68,2022-01-10,7710.0,actual
68,2022-01-17,6383.0,actual
68,2022-01-24,7488.0,actual
68,2022-01-31,11918.0,actual
68,2022-02-07,9868.0,actual
68,2022-02-14,10622.0,actual
68,2022-02-21,10344.0,actual
68,2022-02-28,7615.0,actual
68,2022-03-07,8322.0,actual
68,2022-03-14,8003.0,actual
68,2022-03-21,7782.0,actual
68,2022-03-28,6494.0,actual
68,2022-04-04,6005.0,actual
68,2022-04-11,6729.0,actual
68,2022-04-18,6595.0,actual
68,2022-04-25,7622.0,actual
68,2022-05-02,10206.0,actual
68,2022-05-09,7614.0,actual
68,2022-05-16,7911.0,actual
68,2022-05-23,7806.0,actual
68,2022-05-30,8505.0,actual
68,2022-06-06,7950.0,actual
68,2022-06-13,6540.0,actual
68,2022-06-20,7518.0,actual
68,2022-06-27,7133.0,actual
68,2022-07-04,7131.0,actual
68,2022-07-11,6368.0,actual
68,2022-07-18,5949.0,actual
68,2022-07-25,6953.0,actual
68,2022-08-01,7339.0,actual
68,2022-08-08,11078.0,actual
68,2022-08-15,7493.0,actual
68,2022-08-22,6953.0,actual
68,2022-08-29,6864.0,actual
68,2022-09-05,8725.0,actual
68,2022-09-12,9151.0,actual
68,2022-09-19,10205.0,actual
68,2022-09-26,7383.0,actual
68,2022-10-03,7496.0,actual
68,2022-10-10,8212.0,actual
68,2022-10-17,7741.0,actual
68,2022-10-24,6221.0,actual
68,2022-10-31,7062.0,actual
68,2022-11-07,9524.0,actual
68,2022-11-14,8702.0,actual
68,2022-11-21,7621.0,actual
68,2022-11-28,12662.0,actual
68,2022-12-05,8426.0,actual
68,2022-12-12,8759.0,actual
68,2022-12-19,6414.0,actual
68,2022-12-26,8528.0,actual
68,2023-01-02,8255.0,actual
68,2023-01-09,6795.0,actual
68,2023-01-16,8592.0,actual
68,2023-01-23,8244.0,actual
68,2023-01-30,8758.0,actual
68,2023-02-06,7594.0,actual
68,2023-02-13,6484.0,actual
68,2023-02-20,9727.0,actual
68,2023-02-27,7847.0,actual
68,2023-03-06,4279.0,actual
68,2023-03-13,7836.0,actual
68,2023-03-20,7879.0,actual
68,2023-03-27,7326.0,actual
68,2023-04-03,6345.0,actual
68,2023-04-10,6357.0,actual
68,2023-04-17,7866.0,actual
68,2023-04-24,8976.0,actual
68,2023-05-01,8556.0,actual
68,2023-05-08,9438.0,actual
68,2023-05-15,7790.0,actual
68,2023-05-22,7612.0,actual
68,2023-05-29,7104.0,actual
68,2023-06-05,9300.0,actual
68,2023-06-12,7007.0,actual
68,2023-06-19,8817.0,actual
68,2023-06-26,7680.0,actual
68,2023-07-03,8398.0,actual
68,2023-07-10,6658.0,actual
68,2023-07-17,6970.0,actual
68,2023-07-24,8838.0,actual
68,2023-07-31,6861.0,actual
68,2023-08-07,7268.0,actual
68,2023-08-14,8095.0,actual
68,2023-08-21,7217.0,actual
68,2023-08-28,6972.0,actual
68,2023-09-04,7220.0,actual
68,2023-09-11,7477.0,actual
68,2023-09-18,8169.0,actual
68,2023-09-25,7431.0,actual
68,2023-10-02,7503.0,actual
68,2023-10-09,8820.0,actual
68,2023-10-16,7983.0,actual
68,2023-10-23,9460.0,actual
68,2023-10-30,6732.0,actual
68,2023-11-06,6103.0,actual
68,2023-11-13,9466.0,actual
68,2023-11-20,7249.0,actual
68,2023-11-27,9633.0,actual
68,2023-12-04,9126.0,actual
68,2023-12-11,7803.0,actual
68,2023-12-18,5823.0,actual
68,2023-12-25,7913.0,actual
68,2024-01-01,7941.0,actual
68,2024-01-08,7811.0,actual
68,2024-01-15,8306.0,actual
68,2024-01-22,9547.0,actual
68,2024-01-29,10011.0,actual
68,2024-02-05,8093.0,actual
68,2024-02-12,9675.0,actual
68,2024-02-19,8439.0,actual
68,2024-02-26,8046.0,actual
68,2024-03-04,6858.0,actual
68,2024-03-11,7951.0,actual
68,2024-03-18,9516.0,actual
68,2024-03-25,7988.0,actual
68,2024-04-01,7071.0,actual
68,2024-04-08,7245.0,actual
68,2024-04-15,7281.0,actual
68,2024-04-22,9149.0,actual
68,2024-04-29,7733.0,actual
68,2024-05-06,8803.0,actual
68,2024-05-13,7718.0,actual
68,2024-05-20,7018.0,actual
68,2024-05-27,7811.0,actual
68,2024-06-03,7236.0,actual
68,2024-06-10,7314.0,actual
68,2024-06-17,8156.0,actual
68,2024-06-24,7998.0,actual
68,2024-07-01,8156.0,actual
68,2024-07-08,8465.0,actual
68,2024-07-15,6708.0,actual
68,2024-07-22,10358.0,actual
68,2024-07-29,7298.0,actual
68,2024-08-05,7893.0,actual
68,2024-08-12,8491.0,actual
68,2024-08-19,6327.0,actual
68,2024-08-26,6913.0,actual
68,2024-09-02,7185.0,actual
68,2024-09-09,7564.0,actual
68,2024-09-16,8027.0,actual
68,2024-09-23,6761.0,actual
68,2024-09-30,7057.0,actual
68,2024-10-07,6499.0,actual
72,2022-01-03,11923.0,actual
72,2022-01-10,10431.0,actual
72,2022-01-17,8412.0,actual
72,2022-01-24,10288.0,actual
72,2022-01-31,16926.0,actual
72,2022-02-07,13147.0,actual
72,2022-02-14,10704.0,actual
72,2022-02-21,6479.0,actual
72,2022-02-28,10508.0,actual
72,2022-03-07,9754.0,actual
72,2022-03-14,9921.0,actual
72,2022-03-21,8736.0,actual
72,2022-03-28,10332.0,actual
72,2022-04-04,7690.0,actual
72,2022-04-11,7909.0,actual
72,2022-04-18,6707.0,actual
72,2022-04-25,12363.0,actual
72,2022-05-02,12402.0,actual
72,2022-05-09,10335.0,actual
72,2022-05-16,7971.0,actual
72,2022-05-23,7331.0,actual
72,2022-05-30,11923.0,actual
72,2022-06-06,9795.0,actual
72,2022-06-13,8183.0,actual
72,2022-06-20,9673.0,actual
72,2022-06-27,12135.0,actual
72,2022-07-04,10191.0,actual
72,2022-07-11,7813.0,actual
72,2022-07-18,6902.0,actual
72,2022-07-25,14116.0,actual
72,2022-08-01,10122.0,actual
72,2022-08-08,10376.0,actual
72,2022-08-15,8889.0,actual
72,2022-08-22,8096.0,actual
72,2022-08-29,8722.0,actual
72,2022-09-05,8420.0,actual
72,2022-09-12,11074.0,actual
72,2022-09-19,11221.0,actual
72,2022-09-26,11396.0,actual
72,2022-10-03,9718.0,actual
72,2022-10-10,9317.0,actual
72,2022-10-17,8821.0,actual
72,2022-10-24,7980.0,actual
72,2022-10-31,10052.0,actual
72,2022-11-07,11769.0,actual
72,2022-11-14,9650.0,actual
72,2022-11-21,9688.0,actual
72,2022-11-28,18481.0,actual
72,2022-12-05,10892.0,actual
72,2022-12-12,10197.0,actual
72,2022-12-19,7804.0,actual
72,2022-12-26,15800.0,actual
72,2023-01-02,20382.0,actual
72,2023-01-09,11377.0,actual
72,2023-01-16,11722.0,actual
72,2023-01-23,10979.0,actual
72,2023-01-30,16717.0,actual
72,2023-02-06,10073.0,actual
72,2023-02-13,8747.0,actual
72,2023-02-20,12127.0,actual
72,2023-02-27,12755.0,actual
72,2023-03-06,3358.0,actual
72,2023-03-13,9479.0,actual
72,2023-03-20,8841.0,actual
72,2023-03-27,13262.0,actual
72,2023-04-03,8015.0,actual
72,2023-04-10,9333.0,actual
72,2023-04-17,12757.0,actual
72,2023-04-24,15236.0,actual
72,2023-05-01,14238.0,actual
72,2023-05-08,12231.0,actual
72,2023-05-15,8835.0,actual
72,2023-05-22,7785.0,actual
72,2023-05-29,10474.0,actual
72,2023-06-05,11784.0,actual
72,2023-06-12,12224.0,actual
72,2023-06-19,11046.0,actual
72,2023-06-26,14044.0,actual
72,2023-07-03,14288.0,actual
72,2023-07-10,9532.0,actual
72,2023-07-17,8470.0,actual
72,2023-07-24,10972.0,actual
72,2023-07-31,14431.0,actual
72,2023-08-07,9031.0,actual
72,2023-08-14,9827.0,actual
72,2023-08-21,9668.0,actual
72,2023-08-28,12091.0,actual
72,2023-09-04,9759.0,actual
72,2023-09-11,8934.0,actual
72,2023-09-18,11074.0,actual
72,2023-09-25,12564.0,actual
72,2023-10-02,12385.0,actual
72,2023-10-09,11486.0,actual
72,2023-10-16,10596.0,actual
72,2023-10-23,10494.0,actual
72,2023-10-30,10087.0,actual
72,2023-11-06,6060.0,actual
72,2023-11-13,9768.0,actual
72,2023-11-20,8583.0,actual
72,2023-11-27,16574.0,actual
72,2023-12-04,12656.0,actual
72,2023-12-11,12660.0,actual
72,2023-12-18,9002.0,actual
72,2023-12-25,9587.0,actual
72,2024-01-01,11998.0,actual
72,2024-01-08,13354.0,actual
72,2024-01-15,10240.0,actual
72,2024-01-22,10240.0,actual
72,2024-01-29,16913.0,actual
72,2024-02-05,11192.0,actual
72,2024-02-12,11783.0,actual
72,2024-02-19,9932.0,actual
72,2024-02-26,13545.0,actual
72,2024-03-04,9930.0,actual
72,2024-03-11,10453.0,actual
72,2024-03-18,10649.0,actual
72,2024-03-25,11306.0,actual
72,2024-04-01,10214.0,actual
72,2024-04-08,9759.0,actual
72,2024-04-15,10435.0,actual
72,2024-04-22,13299.0,actual
72,2024-04-29,16028.0,actual
72,2024-05-06,12383.0,actual
72,2024-05-13,10790.0,actual
72,2024-05-20,9029.0,actual
72,2024-05-27,12764.0,actual
72,2024-06-03,10654.0,actual
72,2024-06-10,12320.0,actual
72,2024-06-17,10244.0,actual
72,2024-06-24,14109.0,actual
72,2024-07-01,13248.0,actual
72,2024-07-08,12303.0,actual
72,2024-07-15,12015.0,actual
72,2024-07-22,11148.0,actual
72,2024-07-29,12561.0,actual
72,2024-08-05,9823.0,actual
72,2024-08-12,9603.0,actual
72,2024-08-19,8092.0,actual
72,2024-08-26,11105.0,actual
72,2024-09-02,10850.0,actual
72,2024-09-09,10995.0,actual
72,2024-09-16,10635.0,actual
72,2024-09-23,11039.0,actual
72,2024-09-30,10769.0,actual
72,2024-10-07,8154.0,actual
73,2022-01-03,6112.0,actual
73,2022-01-10,6484.0,actual
73,2022-01-17,7170.0,actual
73,2022-01-24,6380.0,actual
73,2022-01-31,13826.0,actual
73,2022-02-07,10057.0,actual
73,2022-02-14,9100.0,actual
73,2022-02-21,7056.0,actual
73,2022-02-28,7099.0,actual
73,2022-03-07,7164.0,actual
73,2022-03-14,6885.0,actual
73,2022-03-21,6397.0,actual
73,2022-03-28,5618.0,actual
73,2022-04-04,4940.0,actual
73,2022-04-11,6297.0,actual
73,2022-04-18,5640.0,actual
73,2022-04-25,7183.0,actual
73,2022-05-02,7799.0,actual
73,2022-05-09,6499.0,actual
73,2022-05-16,6104.0,actual
73,2022-05-23,6098.0,actual
73,2022-05-30,7604.0,actual
73,2022-06-06,7366.0,actual
73,2022-06-13,5586.0,actual
73,2022-06-20,6284.0,actual
73,2022-06-27,7404.0,actual
73,2022-07-04,6521.0,actual
73,2022-07-11,5498.0,actual
73,2022-07-18,5667.0,actual
73,2022-07-25,6835.0,actual
73,2022-08-01,6127.0,actual
73,2022-08-08,11219.0,actual
73,2022-08-15,6870.0,actual
73,2022-08-22,6438.0,actual
73,2022-08-29,5578.0,actual
73,2022-09-05,7016.0,actual
73,2022-09-12,7768.0,actual
73,2022-09-19,10403.0,actual
73,2022-09-26,6642.0,actual
73,2022-10-03,6697.0,actual
73,2022-10-10,6940.0,actual
73,2022-10-17,7217.0,actual
73,2022-10-24,6482.0,actual
73,2022-10-31,6424.0,actual
73,2022-11-07,9623.0,actual
73,2022-11-14,7935.0,actual
73,2022-11-21,7877.0,actual
73,2022-11-28,14749.0,actual
73,2022-12-05,7882.0,actual
73,2022-12-12,8237.0,actual
73,2022-12-19,7507.0,actual
73,2022-12-26,9730.0,actual
73,2023-01-02,7212.0,actual
73,2023-01-09,6615.0,actual
73,2023-01-16,7906.0,actual
73,2023-01-23,9487.0,actual
73,2023-01-30,9187.0,actual
73,2023-02-06,7765.0,actual
73,2023-02-13,6748.0,actual
73,2023-02-20,11220.0,actual
73,2023-02-27,7210.0,actual
73,2023-03-06,4348.0,actual
73,2023-03-13,8107.0,actual
73,2023-03-20,7706.0,actual
73,2023-03-27,8095.0,actual
73,2023-04-03,5896.0,actual
73,2023-04-10,6848.0,actual
73,2023-04-17,10096.0,actual
73,2023-04-24,9407.0,actual
73,2023-05-01,8551.0,actual
73,2023-05-08,8719.0,actual
73,2023-05-15,6343.0,actual
73,2023-05-22,5868.0,actual
73,2023-05-29,6467.0,actual
73,2023-06-05,9004.0,actual
73,2023-06-12,8427.0,actual
73,2023-06-19,7108.0,actual
73,2023-06-26,6993.0,actual
73,2023-07-03,8993.0,actual
73,2023-07-10,5949.0,actual
73,2023-07-17,5748.0,actual
73,2023-07-24,8002.0,actual
73,2023-07-31,6408.0,actual
73,2023-08-07,6957.0,actual
73,2023-08-14,7475.0,actual
73,2023-08-21,6771.0,actual
73,2023-08-28,6008.0,actual
73,2023-09-04,5369.0,actual
73,2023-09-11,6804.0,actual
73,2023-09-18,7275.0,actual
73,2023-09-25,7377.0,actual
73,2023-10-02,8531.0,actual
73,2023-10-09,8567.0,actual
73,2023-10-16,7309.0,actual
73,2023-10-23,8396.0,actual
73,2023-10-30,5881.0,actual
73,2023-11-06,5703.0,actual
73,2023-11-13,8266.0,actual
73,2023-11-20,6942.0,actual
73,2023-11-27,8341.0,actual
73,2023-12-04,8036.0,actual
73,2023-12-11,7193.0,actual
73,2023-12-18,6053.0,actual
73,2023-12-25,7368.0,actual
73,2024-01-01,7452.0,actual
73,2024-01-08,8631.0,actual
73,2024-01-15,7876.0,actual
73,2024-01-22,11100.0,actual
73,2024-01-29,9527.0,actual
73,2024-02-05,8305.0,actual
73,2024-02-12,8824.0,actual
73,2024-02-19,8424.0,actual
73,2024-02-26,8590.0,actual
73,2024-03-04,6690.0,actual
73,2024-03-11,8691.0,actual
73,2024-03-18,9104.0,actual
73,2024-03-25,6794.0,actual
73,2024-04-01,5339.0,actual
73,2024-04-08,6926.0,actual
73,2024-04-15,6487.0,actual
73,2024-04-22,8158.0,actual
73,2024-04-29,8509.0,actual
73,2024-05-06,8451.0,actual
73,2024-05-13,7350.0,actual
73,2024-05-20,5943.0,actual
73,2024-05-27,6900.0,actual
73,2024-06-03,6637.0,actual
73,2024-06-10,6751.0,actual
73,2024-06-17,6981.0,actual
73,2024-06-24,7566.0,actual
73,2024-07-01,6925.0,actual
73,2024-07-08,7065.0,actual
73,2024-07-15,6531.0,actual
73,2024-07-22,9858.0,actual
73,2024-07-29,6272.0,actual
73,2024-08-05,6347.0,actual
73,2024-08-12,6420.0,actual
73,2024-08-19,5482.0,actual
73,2024-08-26,5896.0,actual
73,2024-09-02,6825.0,actual
73,2024-09-09,5694.0,actual
73,2024-09-16,5467.0,actual
73,2024-09-23,5414.0,actual
73,2024-09-30,6592.0,actual
73,2024-10-07,5797.0,actual
74,2022-01-03,3782.0,actual
74,2022-01-10,5818.0,actual
74,2022-01-17,4530.0,actual
74,2022-01-24,5149.0,actual
74,2022-01-31,7045.0,actual
74,2022-02-07,6084.0,actual
74,2022-02-14,6551.0,actual
74,2022-02-21,5555.0,actual
74,2022-02-28,5085.0,actual
74,2022-03-07,4978.0,actual
74,2022-03-14,5309.0,actual
74,2022-03-21,5405.0,actual
74,2022-03-28,5713.0,actual
74,2022-04-04,4374.0,actual
74,2022-04-11,5101.0,actual
74,2022-04-18,4342.0,actual
74,2022-04-25,5315.0,actual
74,2022-05-02,5938.0,actual
74,2022-05-09,4303.0,actual
74,2022-05-16,3986.0,actual
74,2022-05-23,4420.0,actual
74,2022-05-30,3999.0,actual
74,2022-06-06,4765.0,actual
74,2022-06-13,4267.0,actual
74,2022-06-20,4692.0,actual
74,2022-06-27,4440.0,actual
74,2022-07-04,4589.0,actual
74,2022-07-11,3789.0,actual
74,2022-07-18,3764.0,actual
74,2022-07-25,4090.0,actual
74,2022-08-01,4866.0,actual
74,2022-08-08,7271.0,actual
74,2022-08-15,6626.0,actual
74,2022-08-22,7046.0,actual
74,2022-08-29,5336.0,actual
74,2022-09-05,5666.0,actual
74,2022-09-12,7707.0,actual
74,2022-09-19,8028.0,actual
74,2022-09-26,6180.0,actual
74,2022-10-03,6825.0,actual
74,2022-10-10,5819.0,actual
74,2022-10-17,6059.0,actual
74,2022-10-24,5651.0,actual
74,2022-10-31,5177.0,actual
74,2022-11-07,6926.0,actual
74,2022-11-14,4976.0,actual
74,2022-11-21,5038.0,actual
74,2022-11-28,8611.0,actual
74,2022-12-05,5550.0,actual
74,2022-12-12,3627.0,actual
74,2022-12-19,3021.0,actual
74,2022-12-26,4846.0,actual
74,2023-01-02,5519.0,actual
74,2023-01-09,5862.0,actual
74,2023-01-16,5855.0,actual
74,2023-01-23,6788.0,actual
74,2023-01-30,6806.0,actual
74,2023-02-06,5820.0,actual
74,2023-02-13,6004.0,actual
74,2023-02-20,7071.0,actual
74,2023-02-27,6250.0,actual
74,2023-03-06,2613.0,actual
74,2023-03-13,6292.0,actual
74,2023-03-20,5573.0,actual
74,2023-03-27,5388.0,actual
74,2023-04-03,5152.0,actual
74,2023-04-10,5129.0,actual
74,2023-04-17,5866.0,actual
74,2023-04-24,6407.0,actual
74,2023-05-01,5172.0,actual
74,2023-05-08,5519.0,actual
74,2023-05-15,3090.0,actual
74,2023-05-22,3900.0,actual
74,2023-05-29,4504.0,actual
74,2023-06-05,5583.0,actual
74,2023-06-12,4310.0,actual
74,2023-06-19,3656.0,actual
74,2023-06-26,3954.0,actual
74,2023-07-03,4735.0,actual
74,2023-07-10,3013.0,actual
74,2023-07-17,3094.0,actual
74,2023-07-24,4250.0,actual
74,2023-07-31,3259.0,actual
74,2023-08-07,3675.0,actual
74,2023-08-14,5324.0,actual
74,2023-08-21,5682.0,actual
74,2023-08-28,4857.0,actual
74,2023-09-04,4115.0,actual
74,2023-09-11,4103.0,actual
74,2023-09-18,4961.0,actual
74,2023-09-25,4463.0,actual
74,2023-10-02,4283.0,actual
74,2023-10-09,4728.0,actual
74,2023-10-16,4704.0,actual
74,2023-10-23,5880.0,actual
74,2023-10-30,3525.0,actual
74,2023-11-06,3686.0,actual
74,2023-11-13,3679.0,actual
74,2023-11-20,3476.0,actual
74,2023-11-27,5315.0,actual
74,2023-12-04,4246.0,actual
74,2023-12-11,3686.0,actual
74,2023-12-18,1777.0,actual
74,2023-12-25,2848.0,actual
74,2024-01-01,3856.0,actual
74,2024-01-08,5360.0,actual
74,2024-01-15,3810.0,actual
74,2024-01-22,5549.0,actual
74,2024-01-29,5462.0,actual
74,2024-02-05,4401.0,actual
74,2024-02-12,5019.0,actual
74,2024-02-19,3898.0,actual
74,2024-02-26,4098.0,actual
74,2024-03-04,3414.0,actual
74,2024-03-11,4220.0,actual
74,2024-03-18,4734.0,actual
74,2024-03-25,4241.0,actual
74,2024-04-01,3764.0,actual
74,2024-04-08,4105.0,actual
74,2024-04-15,4082.0,actual
74,2024-04-22,4706.0,actual
74,2024-04-29,3947.0,actual
74,2024-05-06,3610.0,actual
74,2024-05-13,2981.0,actual
74,2024-05-20,3002.0,actual
74,2024-05-27,3714.0,actual
74,2024-06-03,3278.0,actual
74,2024-06-10,3109.0,actual
74,2024-06-17,3867.0,actual
74,2024-06-24,3849.0,actual
74,2024-07-01,4114.0,actual
74,2024-07-08,3865.0,actual
74,2024-07-15,3725.0,actual
74,2024-07-22,4853.0,actual
74,2024-07-29,3218.0,actual
74,2024-08-05,3580.0,actual
74,2024-08-12,4100.0,actual
74,2024-08-19,3634.0,actual
74,2024-08-26,3723.0,actual
74,2024-09-02,4534.0,actual
74,2024-09-09,4366.0,actual
74,2024-09-16,4909.0,actual
74,2024-09-23,4158.0,actual
74,2024-09-30,4531.0,actual
74,2024-10-07,4181.0,actual
75,2022-01-03,11405.0,actual
75,2022-01-10,11966.0,actual
75,2022-01-17,10710.0,actual
75,2022-01-24,9882.0,actual
75,2022-01-31,15304.0,actual
75,2022-02-07,13719.0,actual
75,2022-02-14,12935.0,actual
75,2022-02-21,11714.0,actual
75,2022-02-28,10929.0,actual
75,2022-03-07,12216.0,actual
75,2022-03-14,11807.0,actual
75,2022-03-21,11113.0,actual
75,2022-03-28,10757.0,actual
75,2022-04-04,10404.0,actual
75,2022-04-11,11338.0,actual
75,2022-04-18,10573.0,actual
75,2022-04-25,13420.0,actual
75,2022-05-02,13235.0,actual
75,2022-05-09,11945.0,actual
75,2022-05-16,10660.0,actual
75,2022-05-23,11839.0,actual
75,2022-05-30,12512.0,actual
75,2022-06-06,13886.0,actual
75,2022-06-13,10079.0,actual
75,2022-06-20,12316.0,actual
75,2022-06-27,12928.0,actual
75,2022-07-04,13192.0,actual
75,2022-07-11,12085.0,actual
75,2022-07-18,10262.0,actual
75,2022-07-25,11791.0,actual
75,2022-08-01,12576.0,actual
75,2022-08-08,16319.0,actual
75,2022-08-15,13215.0,actual
75,2022-08-22,12094.0,actual
75,2022-08-29,11164.0,actual
75,2022-09-05,12536.0,actual
75,2022-09-12,14128.0,actual
75,2022-09-19,15232.0,actual
75,2022-09-26,12142.0,actual
75,2022-10-03,13199.0,actual
75,2022-10-10,13172.0,actual
75,2022-10-17,13121.0,actual
75,2022-10-24,10656.0,actual
75,2022-10-31,12664.0,actual
75,2022-11-07,15294.0,actual
75,2022-11-14,12366.0,actual
75,2022-11-21,10894.0,actual
75,2022-11-28,18453.0,actual
75,2022-12-05,11937.0,actual
75,2022-12-12,12368.0,actual
75,2022-12-19,9991.0,actual
75,2022-12-26,15328.0,actual
75,2023-01-02,13266.0,actual
75,2023-01-09,12429.0,actual
75,2023-01-16,14779.0,actual
75,2023-01-23,15319.0,actual
75,2023-01-30,12412.0,actual
75,2023-02-06,14259.0,actual
75,2023-02-13,12827.0,actual
75,2023-02-20,14962.0,actual
75,2023-02-27,13886.0,actual
75,2023-03-06,7226.0,actual
75,2023-03-13,12929.0,actual
75,2023-03-20,13712.0,actual
75,2023-03-27,13055.0,actual
75,2023-04-03,11654.0,actual
75,2023-04-10,11003.0,actual
75,2023-04-17,12932.0,actual
75,2023-04-24,13165.0,actual
75,2023-05-01,13635.0,actual
75,2023-05-08,13911.0,actual
75,2023-05-15,11567.0,actual
75,2023-05-22,10883.0,actual
75,2023-05-29,11917.0,actual
75,2023-06-05,12730.0,actual
75,2023-06-12,12350.0,actual
75,2023-06-19,11787.0,actual
75,2023-06-26,12508.0,actual
75,2023-07-03,12667.0,actual
75,2023-07-10,10597.0,actual
75,2023-07-17,9968.0,actual
75,2023-07-24,12656.0,actual
75,2023-07-31,10673.0,actual
75,2023-08-07,11258.0,actual
75,2023-08-14,13832.0,actual
75,2023-08-21,12579.0,actual
75,2023-08-28,11091.0,actual
75,2023-09-04,10901.0,actual
75,2023-09-11,11741.0,actual
75,2023-09-18,12909.0,actual
75,2023-09-25,12311.0,actual
75,2023-10-02,11811.0,actual
75,2023-10-09,13417.0,actual
75,2023-10-16,12757.0,actual
75,2023-10-23,12778.0,actual
75,2023-10-30,11755.0,actual
75,2023-11-06,10405.0,actual
75,2023-11-13,12818.0,actual
75,2023-11-20,10304.0,actual
75,2023-11-27,13763.0,actual
75,2023-12-04,13154.0,actual
75,2023-12-11,11651.0,actual
75,2023-12-18,7681.0,actual
75,2023-12-25,11916.0,actual
75,2024-01-01,12914.0,actual
75,2024-01-08,13702.0,actual
75,2024-01-15,12108.0,actual
75,2024-01-22,12872.0,actual
75,2024-01-29,14467.0,actual
75,2024-02-05,10710.0,actual
75,2024-02-12,12192.0,actual
75,2024-02-19,11781.0,actual
75,2024-02-26,11300.0,actual
75,2024-03-04,9430.0,actual
75,2024-03-11,11167.0,actual
75,2024-03-18,10714.0,actual
75,2024-03-25,11444.0,actual
75,2024-04-01,10598.0,actual
75,2024-04-08,10164.0,actual
75,2024-04-15,10581.0,actual
75,2024-04-22,9931.0,actual
75,2024-04-29,11243.0,actual
75,2024-05-06,11661.0,actual
75,2024-05-13,10674.0,actual
75,2024-05-20,10116.0,actual
75,2024-05-27,10801.0,actual
75,2024-06-03,10196.0,actual
75,2024-06-10,10677.0,actual
75,2024-06-17,11201.0,actual
75,2024-06-24,11409.0,actual
75,2024-07-01,10199.0,actual
75,2024-07-08,10733.0,actual
75,2024-07-15,10529.0,actual
75,2024-07-22,12274.0,actual
75,2024-07-29,9438.0,actual
75,2024-08-05,10423.0,actual
75,2024-08-12,11186.0,actual
75,2024-08-19,10222.0,actual
75,2024-08-26,10755.0,actual
75,2024-09-02,10225.0,actual
75,2024-09-09,11268.0,actual
75,2024-09-16,10912.0,actual
75,2024-09-23,10859.0,actual
75,2024-09-30,11251.0,actual
75,2024-10-07,10487.0,actual
76,2022-01-03,7841.0,actual
76,2022-01-10,7941.0,actual
76,2022-01-17,6898.0,actual
76,2022-01-24,7812.0,actual
76,2022-01-31,13759.0,actual
76,2022-02-07,9284.0,actual
76,2022-02-14,10760.0,actual
76,2022-02-21,6923.0,actual
76,2022-02-28,8420.0,actual
76,2022-03-07,8570.0,actual
76,2022-03-14,9349.0,actual
76,2022-03-21,8077.0,actual
76,2022-03-28,8051.0,actual
76,2022-04-04,9717.0,actual
76,2022-04-11,8403.0,actual
76,2022-04-18,8123.0,actual
76,2022-04-25,10646.0,actual
76,2022-05-02,10270.0,actual
76,2022-05-09,10540.0,actual
76,2022-05-16,8581.0,actual
76,2022-05-23,9004.0,actual
76,2022-05-30,9423.0,actual
76,2022-06-06,8952.0,actual
76,2022-06-13,9187.0,actual
76,2022-06-20,9443.0,actual
76,2022-06-27,10218.0,actual
76,2022-07-04,8852.0,actual
76,2022-07-11,7974.0,actual
76,2022-07-18,7725.0,actual
76,2022-07-25,9224.0,actual
76,2022-08-01,7321.0,actual
76,2022-08-08,7933.0,actual
76,2022-08-15,7176.0,actual
76,2022-08-22,7475.0,actual
76,2022-08-29,6343.0,actual
76,2022-09-05,6901.0,actual
76,2022-09-12,8995.0,actual
76,2022-09-19,9200.0,actual
76,2022-09-26,7179.0,actual
76,2022-10-03,6833.0,actual
76,2022-10-10,7120.0,actual
76,2022-10-17,6646.0,actual
76,2022-10-24,6820.0,actual
76,2022-10-31,6699.0,actual
76,2022-11-07,8872.0,actual
76,2022-11-14,7519.0,actual
76,2022-11-21,8146.0,actual
76,2022-11-28,9922.0,actual
76,2022-12-05,9309.0,actual
76,2022-12-12,9585.0,actual
76,2022-12-19,7575.0,actual
76,2022-12-26,12467.0,actual
76,2023-01-02,12152.0,actual
76,2023-01-09,7625.0,actual
76,2023-01-16,8529.0,actual
76,2023-01-23,7476.0,actual
76,2023-01-30,9139.0,actual
76,2023-02-06,8589.0,actual
76,2023-02-13,7354.0,actual
76,2023-02-20,9444.0,actual
76,2023-02-27,8771.0,actual
76,2023-03-06,2730.0,actual
76,2023-03-13,7213.0,actual
76,2023-03-20,8797.0,actual
76,2023-03-27,6630.0,actual
76,2023-04-03,6924.0,actual
76,2023-04-10,7251.0,actual
76,2023-04-17,8322.0,actual
76,2023-04-24,8327.0,actual
76,2023-05-01,7740.0,actual
76,2023-05-08,8055.0,actual
76,2023-05-15,6623.0,actual
76,2023-05-22,6052.0,actual
76,2023-05-29,7540.0,actual
76,2023-06-05,8479.0,actual
76,2023-06-12,8039.0,actual
76,2023-06-19,7100.0,actual
76,2023-06-26,7575.0,actual
76,2023-07-03,8373.0,actual
76,2023-07-10,5960.0,actual
76,2023-07-17,6401.0,actual
76,2023-07-24,6395.0,actual
76,2023-07-31,8018.0,actual
76,2023-08-07,7776.0,actual
76,2023-08-14,8013.0,actual
76,2023-08-21,8175.0,actual
76,2023-08-28,7635.0,actual
76,2023-09-04,6847.0,actual
76,2023-09-11,7151.0,actual
76,2023-09-18,7420.0,actual
76,2023-09-25,7774.0,actual
76,2023-10-02,8568.0,actual
76,2023-10-09,7883.0,actual
76,2023-10-16,8780.0,actual
76,2023-10-23,8509.0,actual
76,2023-10-30,7394.0,actual
76,2023-11-06,5067.0,actual
76,2023-11-13,8724.0,actual
76,2023-11-20,7353.0,actual
76,2023-11-27,10711.0,actual
76,2023-12-04,9559.0,actual
76,2023-12-11,8591.0,actual
76,2023-12-18,6764.0,actual
76,2023-12-25,6434.0,actual
76,2024-01-01,7520.0,actual
76,2024-01-08,8124.0,actual
76,2024-01-15,7381.0,actual
76,2024-01-22,8540.0,actual
76,2024-01-29,10035.0,actual
76,2024-02-05,8526.0,actual
76,2024-02-12,7165.0,actual
76,2024-02-19,7831.0,actual
76,2024-02-26,8341.0,actual
76,2024-03-04,8814.0,actual
76,2024-03-11,7186.0,actual
76,2024-03-18,7912.0,actual
76,2024-03-25,6400.0,actual
76,2024-04-01,7574.0,actual
76,2024-04-08,7843.0,actual
76,2024-04-15,7460.0,actual
76,2024-04-22,9165.0,actual
76,2024-04-29,9847.0,actual
76,2024-05-06,8270.0,actual
76,2024-05-13,7343.0,actual
76,2024-05-20,6920.0,actual
76,2024-05-27,7999.0,actual
76,2024-06-03,7162.0,actual
76,2024-06-10,8260.0,actual
76,2024-06-17,7743.0,actual
76,2024-06-24,9060.0,actual
76,2024-07-01,7882.0,actual
76,2024-07-08,8793.0,actual
76,2024-07-15,7464.0,actual
76,2024-07-22,9044.0,actual
76,2024-07-29,7242.0,actual
76,2024-08-05,7278.0,actual
76,2024-08-12,7230.0,actual
76,2024-08-19,6994.0,actual
76,2024-08-26,7075.0,actual
76,2024-09-02,7476.0,actual
76,2024-09-09,7368.0,actual
76,2024-09-16,7061.0,actual
76,2024-09-23,7134.0,actual
76,2024-09-30,7470.0,actual
76,2024-10-07,6053.0,actual
77,2022-01-03,4738.0,actual
77,2022-01-10,4416.0,actual
77,2022-01-17,4479.0,actual
77,2022-01-24,5255.0,actual
77,2022-01-31,8797.0,actual
77,2022-02-07,7221.0,actual
77,2022-02-14,6641.0,actual
77,2022-02-21,5762.0,actual
77,2022-02-28,4846.0,actual
77,2022-03-07,6143.0,actual
77,2022-03-14,5529.0,actual
77,2022-03-21,4516.0,actual
77,2022-03-28,3728.0,actual
77,2022-04-04,3325.0,actual
77,2022-04-11,3850.0,actual
77,2022-04-18,3802.0,actual
77,2022-04-25,4933.0,actual
77,2022-05-02,6768.0,actual
77,2022-05-09,4701.0,actual
77,2022-05-16,4147.0,actual
77,2022-05-23,4865.0,actual
77,2022-05-30,6246.0,actual
77,2022-06-06,6517.0,actual
77,2022-06-13,4043.0,actual
77,2022-06-20,4924.0,actual
77,2022-06-27,4779.0,actual
77,2022-07-04,4600.0,actual
77,2022-07-11,3871.0,actual
77,2022-07-18,3924.0,actual
77,2022-07-25,4751.0,actual
77,2022-08-01,4798.0,actual
77,2022-08-08,9206.0,actual
77,2022-08-15,5684.0,actual
77,2022-08-22,4708.0,actual
77,2022-08-29,4663.0,actual
77,2022-09-05,6094.0,actual
77,2022-09-12,6820.0,actual
77,2022-09-19,6788.0,actual
77,2022-09-26,5356.0,actual
77,2022-10-03,4669.0,actual
77,2022-10-10,5356.0,actual
77,2022-10-17,5331.0,actual
77,2022-10-24,5884.0,actual
77,2022-10-31,5042.0,actual
77,2022-11-07,7083.0,actual
77,2022-11-14,5682.0,actual
77,2022-11-21,6007.0,actual
77,2022-11-28,11534.0,actual
77,2022-12-05,6493.0,actual
77,2022-12-12,6048.0,actual
77,2022-12-19,5429.0,actual
77,2022-12-26,6703.0,actual
77,2023-01-02,6251.0,actual
77,2023-01-09,4188.0,actual
77,2023-01-16,5030.0,actual
77,2023-01-23,6477.0,actual
77,2023-01-30,6253.0,actual
77,2023-02-06,4792.0,actual
77,2023-02-13,5245.0,actual
77,2023-02-20,10581.0,actual
77,2023-02-27,5547.0,actual
77,2023-03-06,3110.0,actual
77,2023-03-13,4968.0,actual
77,2023-03-20,4503.0,actual
77,2023-03-27,5855.0,actual
77,2023-04-03,4659.0,actual
77,2023-04-10,4920.0,actual
77,2023-04-17,8179.0,actual
77,2023-04-24,8361.0,actual
77,2023-05-01,8814.0,actual
77,2023-05-08,10759.0,actual
77,2023-05-15,5203.0,actual
77,2023-05-22,5196.0,actual
77,2023-05-29,5649.0,actual
77,2023-06-05,7075.0,actual
77,2023-06-12,6232.0,actual
77,2023-06-19,6478.0,actual
77,2023-06-26,6389.0,actual
77,2023-07-03,8712.0,actual
77,2023-07-10,4987.0,actual
77,2023-07-17,4248.0,actual
77,2023-07-24,6612.0,actual
77,2023-07-31,5358.0,actual
77,2023-08-07,4921.0,actual
77,2023-08-14,5468.0,actual
77,2023-08-21,5301.0,actual
77,2023-08-28,5931.0,actual
77,2023-09-04,4581.0,actual
77,2023-09-11,4213.0,actual
77,2023-09-18,5383.0,actual
77,2023-09-25,6269.0,actual
77,2023-10-02,5233.0,actual
77,2023-10-09,6129.0,actual
77,2023-10-16,4828.0,actual
77,2023-10-23,6292.0,actual
77,2023-10-30,4537.0,actual
77,2023-11-06,4589.0,actual
77,2023-11-13,6039.0,actual
77,2023-11-20,5231.0,actual
77,2023-11-27,6624.0,actual
77,2023-12-04,5749.0,actual
77,2023-12-11,5617.0,actual
77,2023-12-18,4259.0,actual
77,2023-12-25,5981.0,actual
77,2024-01-01,6142.0,actual
77,2024-01-08,5610.0,actual
77,2024-01-15,5499.0,actual
77,2024-01-22,7673.0,actual
77,2024-01-29,7573.0,actual
77,2024-02-05,6004.0,actual
77,2024-02-12,6693.0,actual
77,2024-02-19,6918.0,actual
77,2024-02-26,6172.0,actual
77,2024-03-04,6230.0,actual
77,2024-03-11,5900.0,actual
77,2024-03-18,7093.0,actual
77,2024-03-25,5717.0,actual
77,2024-04-01,5159.0,actual
77,2024-04-08,5496.0,actual
77,2024-04-15,4481.0,actual
77,2024-04-22,8206.0,actual
77,2024-04-29,5888.0,actual
77,2024-05-06,7184.0,actual
77,2024-05-13,6624.0,actual
77,2024-05-20,5731.0,actual
77,2024-05-27,5349.0,actual
77,2024-06-03,4747.0,actual
77,2024-06-10,5004.0,actual
77,2024-06-17,6053.0,actual
77,2024-06-24,6192.0,actual
77,2024-07-01,5665.0,actual
77,2024-07-08,7081.0,actual
77,2024-07-15,7441.0,actual
77,2024-07-22,9788.0,actual
77,2024-07-29,5912.0,actual
77,2024-08-05,5603.0,actual
77,2024-08-12,4982.0,actual
77,2024-08-19,5112.0,actual
77,2024-08-26,6325.0,actual
77,2024-09-02,7219.0,actual
77,2024-09-09,6348.0,actual
77,2024-09-16,5496.0,actual
77,2024-09-23,5857.0,actual
77,2024-09-30,6356.0,actual
77,2024-10-07,4696.0,actual
80,2022-01-03,10595.0,actual
80,2022-01-10,10095.0,actual
80,2022-01-17,9068.0,actual
80,2022-01-24,10262.0,actual
80,2022-01-31,18743.0,actual
80,2022-02-07,13214.0,actual
80,2022-02-14,11641.0,actual
80,2022-02-21,6619.0,actual
80,2022-02-28,10128.0,actual
80,2022-03-07,9595.0,actual
80,2022-03-14,7878.0,actual
80,2022-03-21,8285.0,actual
80,2022-03-28,9279.0,actual
80,2022-04-04,9599.0,actual
80,2022-04-11,7486.0,actual
80,2022-04-18,7561.0,actual
80,2022-04-25,11349.0,actual
80,2022-05-02,13701.0,actual
80,2022-05-09,10813.0,actual
80,2022-05-16,7786.0,actual
80,2022-05-23,7277.0,actual
80,2022-05-30,14011.0,actual
80,2022-06-06,10457.0,actual
80,2022-06-13,8390.0,actual
80,2022-06-20,7870.0,actual
80,2022-06-27,13330.0,actual
80,2022-07-04,11175.0,actual
80,2022-07-11,7928.0,actual
80,2022-07-18,7693.0,actual
80,2022-07-25,14691.0,actual
80,2022-08-01,11078.0,actual
80,2022-08-08,12532.0,actual
80,2022-08-15,9190.0,actual
80,2022-08-22,8342.0,actual
80,2022-08-29,10162.0,actual
80,2022-09-05,8904.0,actual
80,2022-09-12,11488.0,actual
80,2022-09-19,12420.0,actual
80,2022-09-26,13409.0,actual
80,2022-10-03,11891.0,actual
80,2022-10-10,9663.0,actual
80,2022-10-17,8520.0,actual
80,2022-10-24,8570.0,actual
80,2022-10-31,11365.0,actual
80,2022-11-07,12555.0,actual
80,2022-11-14,10929.0,actual
80,2022-11-21,11263.0,actual
80,2022-11-28,21673.0,actual
80,2022-12-05,12166.0,actual
80,2022-12-12,11154.0,actual
80,2022-12-19,9385.0,actual
80,2022-12-26,17071.0,actual
80,2023-01-02,17384.0,actual
80,2023-01-09,10720.0,actual
80,2023-01-16,11233.0,actual
80,2023-01-23,10561.0,actual
80,2023-01-30,16873.0,actual
80,2023-02-06,12176.0,actual
80,2023-02-13,9971.0,actual
80,2023-02-20,13456.0,actual
80,2023-02-27,13329.0,actual
80,2023-03-06,3805.0,actual
80,2023-03-13,10888.0,actual
80,2023-03-20,10736.0,actual
80,2023-03-27,16363.0,actual
80,2023-04-03,10784.0,actual
80,2023-04-10,10267.0,actual
80,2023-04-17,14420.0,actual
80,2023-04-24,17994.0,actual
80,2023-05-01,15998.0,actual
80,2023-05-08,13555.0,actual
80,2023-05-15,9326.0,actual
80,2023-05-22,7348.0,actual
80,2023-05-29,12587.0,actual
80,2023-06-05,12590.0,actual
80,2023-06-12,13630.0,actual
80,2023-06-19,12253.0,actual
80,2023-06-26,17124.0,actual
80,2023-07-03,18198.0,actual
80,2023-07-10,10895.0,actual
80,2023-07-17,9794.0,actual
80,2023-07-24,12192.0,actual
80,2023-07-31,16008.0,actual
80,2023-08-07,11271.0,actual
80,2023-08-14,11545.0,actual
80,2023-08-21,10627.0,actual
80,2023-08-28,14860.0,actual
80,2023-09-04,9952.0,actual
80,2023-09-11,9981.0,actual
80,2023-09-18,10262.0,actual
80,2023-09-25,14136.0,actual
80,2023-10-02,14882.0,actual
80,2023-10-09,12312.0,actual
80,2023-10-16,11686.0,actual
80,2023-10-23,10570.0,actual
80,2023-10-30,13737.0,actual
80,2023-11-06,7097.0,actual
80,2023-11-13,10509.0,actual
80,2023-11-20,8669.0,actual
80,2023-11-27,19083.0,actual
80,2023-12-04,16478.0,actual
80,2023-12-11,15580.0,actual
80,2023-12-18,13088.0,actual
80,2023-12-25,12580.0,actual
80,2024-01-01,15507.0,actual
80,2024-01-08,10818.0,actual
80,2024-01-15,11055.0,actual
80,2024-01-22,11909.0,actual
80,2024-01-29,20535.0,actual
80,2024-02-05,13865.0,actual
80,2024-02-12,13987.0,actual
80,2024-02-19,11595.0,actual
80,2024-02-26,15258.0,actual
80,2024-03-04,12280.0,actual
80,2024-03-11,11086.0,actual
80,2024-03-18,10301.0,actual
80,2024-03-25,14345.0,actual
80,2024-04-01,11285.0,actual
80,2024-04-08,11630.0,actual
80,2024-04-15,9659.0,actual
80,2024-04-22,15632.0,actual
80,2024-04-29,18873.0,actual
80,2024-05-06,13367.0,actual
80,2024-05-13,12301.0,actual
80,2024-05-20,11067.0,actual
80,2024-05-27,13166.0,actual
80,2024-06-03,9950.0,actual
80,2024-06-10,12322.0,actual
80,2024-06-17,10599.0,actual
80,2024-06-24,14429.0,actual
80,2024-07-01,12169.0,actual
80,2024-07-08,15893.0,actual
80,2024-07-15,12883.0,actual
80,2024-07-22,12297.0,actual
80,2024-07-29,13735.0,actual
80,2024-08-05,10592.0,actual
80,2024-08-12,9400.0,actual
80,2024-08-19,8322.0,actual
80,2024-08-26,11916.0,actual
80,2024-09-02,12007.0,actual
80,2024-09-09,10900.0,actual
80,2024-09-16,10548.0,actual
80,2024-09-23,11787.0,actual
80,2024-09-30,11894.0,actual
80,2024-10-07,8424.0,actual
81,2022-01-03,7498.0,actual
81,2022-01-10,8375.0,actual
81,2022-01-17,7676.0,actual
81,2022-01-24,7353.0,actual
81,2022-01-31,11531.0,actual
81,2022-02-07,9827.0,actual
81,2022-02-14,9085.0,actual
81,2022-02-21,7452.0,actual
81,2022-02-28,7580.0,actual
81,2022-03-07,8934.0,actual
81,2022-03-14,8346.0,actual
81,2022-03-21,7182.0,actual
81,2022-03-28,6155.0,actual
81,2022-04-04,5886.0,actual
81,2022-04-11,6154.0,actual
81,2022-04-18,5910.0,actual
81,2022-04-25,7504.0,actual
81,2022-05-02,8765.0,actual
81,2022-05-09,7635.0,actual
81,2022-05-16,6343.0,actual
81,2022-05-23,6983.0,actual
81,2022-05-30,7891.0,actual
81,2022-06-06,8119.0,actual
81,2022-06-13,6613.0,actual
81,2022-06-20,7852.0,actual
81,2022-06-27,7775.0,actual
81,2022-07-04,7569.0,actual
81,2022-07-11,6596.0,actual
81,2022-07-18,5981.0,actual
81,2022-07-25,8259.0,actual
81,2022-08-01,7406.0,actual
81,2022-08-08,11106.0,actual
81,2022-08-15,7683.0,actual
81,2022-08-22,6540.0,actual
81,2022-08-29,6263.0,actual
81,2022-09-05,6643.0,actual
81,2022-09-12,8663.0,actual
81,2022-09-19,9511.0,actual
81,2022-09-26,7353.0,actual
81,2022-10-03,7964.0,actual
81,2022-10-10,7237.0,actual
81,2022-10-17,7648.0,actual
81,2022-10-24,7294.0,actual
81,2022-10-31,6942.0,actual
81,2022-11-07,8934.0,actual
81,2022-11-14,7912.0,actual
81,2022-11-21,6635.0,actual
81,2022-11-28,10632.0,actual
81,2022-12-05,9380.0,actual
81,2022-12-12,9805.0,actual
81,2022-12-19,8222.0,actual
81,2022-12-26,10618.0,actual
81,2023-01-02,9853.0,actual
81,2023-01-09,7628.0,actual
81,2023-01-16,8429.0,actual
81,2023-01-23,8697.0,actual
81,2023-01-30,8090.0,actual
81,2023-02-06,7949.0,actual
81,2023-02-13,7785.0,actual
81,2023-02-20,11812.0,actual
81,2023-02-27,8630.0,actual
81,2023-03-06,4173.0,actual
81,2023-03-13,7546.0,actual
81,2023-03-20,7553.0,actual
81,2023-03-27,8061.0,actual
81,2023-04-03,6878.0,actual
81,2023-04-10,7129.0,actual
81,2023-04-17,8287.0,actual
81,2023-04-24,9302.0,actual
81,2023-05-01,8352.0,actual
81,2023-05-08,9249.0,actual
81,2023-05-15,6367.0,actual
81,2023-05-22,7059.0,actual
81,2023-05-29,7626.0,actual
81,2023-06-05,8732.0,actual
81,2023-06-12,9265.0,actual
81,2023-06-19,8675.0,actual
81,2023-06-26,7676.0,actual
81,2023-07-03,8461.0,actual
81,2023-07-10,6892.0,actual
81,2023-07-17,6962.0,actual
81,2023-07-24,8678.0,actual
81,2023-07-31,7616.0,actual
81,2023-08-07,7611.0,actual
81,2023-08-14,7443.0,actual
81,2023-08-21,7746.0,actual
81,2023-08-28,7360.0,actual
81,2023-09-04,7574.0,actual
81,2023-09-11,7577.0,actual
81,2023-09-18,7291.0,actual
81,2023-09-25,7596.0,actual
81,2023-10-02,8570.0,actual
81,2023-10-09,8080.0,actual
81,2023-10-16,7792.0,actual
81,2023-10-23,8299.0,actual
81,2023-10-30,6739.0,actual
81,2023-11-06,6042.0,actual
81,2023-11-13,9192.0,actual
81,2023-11-20,6739.0,actual
81,2023-11-27,9660.0,actual
81,2023-12-04,8408.0,actual
81,2023-12-11,7792.0,actual
81,2023-12-18,6374.0,actual
81,2023-12-25,7710.0,actual
81,2024-01-01,7675.0,actual
81,2024-01-08,7709.0,actual
81,2024-01-15,6649.0,actual
81,2024-01-22,8259.0,actual
81,2024-01-29,9968.0,actual
81,2024-02-05,7730.0,actual
81,2024-02-12,7350.0,actual
81,2024-02-19,7643.0,actual
81,2024-02-26,8750.0,actual
81,2024-03-04,6997.0,actual
81,2024-03-11,7522.0,actual
81,2024-03-18,8457.0,actual
81,2024-03-25,7110.0,actual
81,2024-04-01,6811.0,actual
81,2024-04-08,7658.0,actual
81,2024-04-15,6858.0,actual
81,2024-04-22,8701.0,actual
81,2024-04-29,7782.0,actual
81,2024-05-06,8233.0,actual
81,2024-05-13,7330.0,actual
81,2024-05-20,6638.0,actual
81,2024-05-27,7530.0,actual
81,2024-06-03,7312.0,actual
81,2024-06-10,8010.0,actual
81,2024-06-17,8294.0,actual
81,2024-06-24,8675.0,actual
81,2024-07-01,7830.0,actual
81,2024-07-08,8720.0,actual
81,2024-07-15,8408.0,actual
81,2024-07-22,9953.0,actual
81,2024-07-29,7790.0,actual
81,2024-08-05,7208.0,actual
81,2024-08-12,7060.0,actual
81,2024-08-19,6824.0,actual
81,2024-08-26,8096.0,actual
81,2024-09-02,7502.0,actual
81,2024-09-09,7468.0,actual
81,2024-09-16,7181.0,actual
81,2024-09-23,8112.0,actual
81,2024-09-30,8046.0,actual
81,2024-10-07,7123.0,actual
83,2022-01-03,9896.0,actual
83,2022-01-10,10893.0,actual
83,2022-01-17,8975.0,actual
83,2022-01-24,9517.0,actual
83,2022-01-31,15753.0,actual
83,2022-02-07,14174.0,actual
83,2022-02-14,12423.0,actual
83,2022-02-21,10102.0,actual
83,2022-02-28,8494.0,actual
83,2022-03-07,9789.0,actual
83,2022-03-14,10091.0,actual
83,2022-03-21,8858.0,actual
83,2022-03-28,8071.0,actual
83,2022-04-04,6943.0,actual
83,2022-04-11,7770.0,actual
83,2022-04-18,8331.0,actual
83,2022-04-25,11076.0,actual
83,2022-05-02,12565.0,actual
83,2022-05-09,9886.0,actual
83,2022-05-16,9562.0,actual
83,2022-05-23,10075.0,actual
83,2022-05-30,11177.0,actual
83,2022-06-06,10159.0,actual
83,2022-06-13,8772.0,actual
83,2022-06-20,9713.0,actual
83,2022-06-27,9834.0,actual
83,2022-07-04,9831.0,actual
83,2022-07-11,9062.0,actual
83,2022-07-18,8615.0,actual
83,2022-07-25,9398.0,actual
83,2022-08-01,8926.0,actual
83,2022-08-08,14392.0,actual
83,2022-08-15,11002.0,actual
83,2022-08-22,9207.0,actual
83,2022-08-29,8949.0,actual
83,2022-09-05,9348.0,actual
83,2022-09-12,10371.0,actual
83,2022-09-19,11745.0,actual
83,2022-09-26,9817.0,actual
83,2022-10-03,9301.0,actual
83,2022-10-10,11063.0,actual
83,2022-10-17,10798.0,actual
83,2022-10-24,10254.0,actual
83,2022-10-31,9529.0,actual
83,2022-11-07,13968.0,actual
83,2022-11-14,11874.0,actual
83,2022-11-21,10931.0,actual
83,2022-11-28,18917.0,actual
83,2022-12-05,13335.0,actual
83,2022-12-12,12196.0,actual
83,2022-12-19,10615.0,actual
83,2022-12-26,13300.0,actual
83,2023-01-02,12983.0,actual
83,2023-01-09,10501.0,actual
83,2023-01-16,11723.0,actual
83,2023-01-23,14129.0,actual
83,2023-01-30,12057.0,actual
83,2023-02-06,11667.0,actual
83,2023-02-13,11474.0,actual
83,2023-02-20,19270.0,actual
83,2023-02-27,11435.0,actual
83,2023-03-06,6199.0,actual
83,2023-03-13,11317.0,actual
83,2023-03-20,10972.0,actual
83,2023-03-27,11313.0,actual
83,2023-04-03,9487.0,actual
83,2023-04-10,10676.0,actual
83,2023-04-17,14428.0,actual
83,2023-04-24,15923.0,actual
83,2023-05-01,14319.0,actual
83,2023-05-08,13959.0,actual
83,2023-05-15,10389.0,actual
83,2023-05-22,9983.0,actual
83,2023-05-29,10455.0,actual
83,2023-06-05,13661.0,actual
83,2023-06-12,12337.0,actual
83,2023-06-19,10955.0,actual
83,2023-06-26,10579.0,actual
83,2023-07-03,12920.0,actual
83,2023-07-10,9315.0,actual
83,2023-07-17,9631.0,actual
83,2023-07-24,13210.0,actual
83,2023-07-31,10749.0,actual
83,2023-08-07,10228.0,actual
83,2023-08-14,12657.0,actual
83,2023-08-21,11417.0,actual
83,2023-08-28,11387.0,actual
83,2023-09-04,10261.0,actual
83,2023-09-11,11736.0,actual
83,2023-09-18,12902.0,actual
83,2023-09-25,11882.0,actual
83,2023-10-02,12039.0,actual
83,2023-10-09,13205.0,actual
83,2023-10-16,10839.0,actual
83,2023-10-23,11404.0,actual
83,2023-10-30,10062.0,actual
83,2023-11-06,9247.0,actual
83,2023-11-13,12405.0,actual
83,2023-11-20,10371.0,actual
83,2023-11-27,14184.0,actual
83,2023-12-04,13789.0,actual
83,2023-12-11,12737.0,actual
83,2023-12-18,8861.0,actual
83,2023-12-25,11931.0,actual
83,2024-01-01,12309.0,actual
83,2024-01-08,12099.0,actual
83,2024-01-15,11910.0,actual
83,2024-01-22,14026.0,actual
83,2024-01-29,16819.0,actual
83,2024-02-05,11243.0,actual
83,2024-02-12,12297.0,actual
83,2024-02-19,11136.0,actual
83,2024-02-26,10840.0,actual
83,2024-03-04,10349.0,actual
83,2024-03-11,12000.0,actual
83,2024-03-18,12621.0,actual
83,2024-03-25,11480.0,actual
83,2024-04-01,9799.0,actual
83,2024-04-08,11583.0,actual
83,2024-04-15,11877.0,actual
83,2024-04-22,13581.0,actual
83,2024-04-29,11775.0,actual
83,2024-05-06,13434.0,actual
83,2024-05-13,11644.0,actual
83,2024-05-20,11067.0,actual
83,2024-05-27,9997.0,actual
83,2024-06-03,10422.0,actual
83,2024-06-10,11937.0,actual
83,2024-06-17,12752.0,actual
83,2024-06-24,12657.0,actual
83,2024-07-01,10606.0,actual
83,2024-07-08,12554.0,actual
83,2024-07-15,11380.0,actual
83,2024-07-22,14447.0,actual
83,2024-07-29,9803.0,actual
83,2024-08-05,10522.0,actual
83,2024-08-12,10232.0,actual
83,2024-08-19,8332.0,actual
83,2024-08-26,9407.0,actual
83,2024-09-02,9373.0,actual
83,2024-09-09,10067.0,actual
83,2024-09-16,8784.0,actual
83,2024-09-23,9819.0,actual
83,2024-09-30,10899.0,actual
83,2024-10-07,9882.0,actual
86,2022-01-03,13770.0,actual
86,2022-01-10,12169.0,actual
86,2022-01-17,9367.0,actual
86,2022-01-24,11533.0,actual
86,2022-01-31,20955.0,actual
86,2022-02-07,11324.0,actual
86,2022-02-14,12255.0,actual
86,2022-02-21,6722.0,actual
86,2022-02-28,12741.0,actual
86,2022-03-07,10382.0,actual
86,2022-03-14,10820.0,actual
86,2022-03-21,9010.0,actual
86,2022-03-28,13614.0,actual
86,2022-04-04,10435.0,actual
86,2022-04-11,9427.0,actual
86,2022-04-18,9002.0,actual
86,2022-04-25,12629.0,actual
86,2022-05-02,19404.0,actual
86,2022-05-09,11538.0,actual
86,2022-05-16,10809.0,actual
86,2022-05-23,9276.0,actual
86,2022-05-30,18497.0,actual
86,2022-06-06,13390.0,actual
86,2022-06-13,8014.0,actual
86,2022-06-20,8693.0,actual
86,2022-06-27,15194.0,actual
86,2022-07-04,12224.0,actual
86,2022-07-11,8788.0,actual
86,2022-07-18,7832.0,actual
86,2022-07-25,15423.0,actual
86,2022-08-01,16659.0,actual
86,2022-08-08,15567.0,actual
86,2022-08-15,8940.0,actual
86,2022-08-22,8351.0,actual
86,2022-08-29,13164.0,actual
86,2022-09-05,10444.0,actual
86,2022-09-12,11836.0,actual
86,2022-09-19,11846.0,actual
86,2022-09-26,13472.0,actual
86,2022-10-03,15309.0,actual
86,2022-10-10,9992.0,actual
86,2022-10-17,8170.0,actual
86,2022-10-24,7515.0,actual
86,2022-10-31,12959.0,actual
86,2022-11-07,12587.0,actual
86,2022-11-14,11273.0,actual
86,2022-11-21,11740.0,actual
86,2022-11-28,21024.0,actual
86,2022-12-05,11152.0,actual
86,2022-12-12,9345.0,actual
86,2022-12-19,8602.0,actual
86,2022-12-26,16396.0,actual
86,2023-01-02,19619.0,actual
86,2023-01-09,9988.0,actual
86,2023-01-16,10170.0,actual
86,2023-01-23,8866.0,actual
86,2023-01-30,19026.0,actual
86,2023-02-06,11650.0,actual
86,2023-02-13,11338.0,actual
86,2023-02-20,14175.0,actual
86,2023-02-27,18638.0,actual
86,2023-03-06,3875.0,actual
86,2023-03-13,8109.0,actual
86,2023-03-20,9221.0,actual
86,2023-03-27,14968.0,actual
86,2023-04-03,11518.0,actual
86,2023-04-10,8628.0,actual
86,2023-04-17,13949.0,actual
86,2023-04-24,14322.0,actual
86,2023-05-01,17538.0,actual
86,2023-05-08,13171.0,actual
86,2023-05-15,7746.0,actual
86,2023-05-22,7189.0,actual
86,2023-05-29,12515.0,actual
86,2023-06-05,13362.0,actual
86,2023-06-12,12684.0,actual
86,2023-06-19,9619.0,actual
86,2023-06-26,12874.0,actual
86,2023-07-03,18175.0,actual
86,2023-07-10,9771.0,actual
86,2023-07-17,8043.0,actual
86,2023-07-24,11325.0,actual
86,2023-07-31,16558.0,actual
86,2023-08-07,9832.0,actual
86,2023-08-14,10110.0,actual
86,2023-08-21,9848.0,actual
86,2023-08-28,13566.0,actual
86,2023-09-04,11081.0,actual
86,2023-09-11,9243.0,actual
86,2023-09-18,10094.0,actual
86,2023-09-25,12380.0,actual
86,2023-10-02,15218.0,actual
86,2023-10-09,10871.0,actual
86,2023-10-16,8980.0,actual
86,2023-10-23,9117.0,actual
86,2023-10-30,14445.0,actual
86,2023-11-06,6355.0,actual
86,2023-11-13,8095.0,actual
86,2023-11-20,8295.0,actual
86,2023-11-27,18541.0,actual
86,2023-12-04,11668.0,actual
86,2023-12-11,10425.0,actual
86,2023-12-18,8300.0,actual
86,2023-12-25,10247.0,actual
86,2024-01-01,17351.0,actual
86,2024-01-08,11046.0,actual
86,2024-01-15,9687.0,actual
86,2024-01-22,9773.0,actual
86,2024-01-29,21821.0,actual
86,2024-02-05,15497.0,actual
86,2024-02-12,14666.0,actual
86,2024-02-19,12343.0,actual
86,2024-02-26,17749.0,actual
86,2024-03-04,12651.0,actual
86,2024-03-11,9745.0,actual
86,2024-03-18,8908.0,actual
86,2024-03-25,10880.0,actual
86,2024-04-01,12439.0,actual
86,2024-04-08,7976.0,actual
86,2024-04-15,8059.0,actual
86,2024-04-22,13155.0,actual
86,2024-04-29,20276.0,actual
86,2024-05-06,9986.0,actual
86,2024-05-13,8865.0,actual
86,2024-05-20,8708.0,actual
86,2024-05-27,14387.0,actual
86,2024-06-03,11791.0,actual
86,2024-06-10,10605.0,actual
86,2024-06-17,9736.0,actual
86,2024-06-24,12420.0,actual
86,2024-07-01,14138.0,actual
86,2024-07-08,12833.0,actual
86,2024-07-15,9551.0,actual
86,2024-07-22,9183.0,actual
86,2024-07-29,15278.0,actual
86,2024-08-05,10177.0,actual
86,2024-08-12,7545.0,actual
86,2024-08-19,6814.0,actual
86,2024-08-26,12421.0,actual
86,2024-09-02,11699.0,actual
86,2024-09-09,9957.0,actual
86,2024-09-16,9012.0,actual
86,2024-09-23,9327.0,actual
86,2024-09-30,13108.0,actual
86,2024-10-07,7159.0,actual
88,2022-01-03,5978.0,actual
88,2022-01-10,7083.0,actual
88,2022-01-17,4815.0,actual
88,2022-01-24,5559.0,actual
88,2022-01-31,13181.0,actual
88,2022-02-07,8913.0,actual
88,2022-02-14,8569.0,actual
88,2022-02-21,7463.0,actual
88,2022-02-28,4478.0,actual
88,2022-03-07,7624.0,actual
88,2022-03-14,6080.0,actual
88,2022-03-21,4754.0,actual
88,2022-03-28,4855.0,actual
88,2022-04-04,4126.0,actual
88,2022-04-11,4253.0,actual
88,2022-04-18,4154.0,actual
88,2022-04-25,7418.0,actual
88,2022-05-02,8889.0,actual
88,2022-05-09,5688.0,actual
88,2022-05-16,5708.0,actual
88,2022-05-23,5262.0,actual
88,2022-05-30,7437.0,actual
88,2022-06-06,8018.0,actual
88,2022-06-13,5846.0,actual
88,2022-06-20,6402.0,actual
88,2022-06-27,6875.0,actual
88,2022-07-04,6362.0,actual
88,2022-07-11,5992.0,actual
88,2022-07-18,5346.0,actual
88,2022-07-25,6019.0,actual
88,2022-08-01,5989.0,actual
88,2022-08-08,12673.0,actual
88,2022-08-15,5096.0,actual
88,2022-08-22,5039.0,actual
88,2022-08-29,5452.0,actual
88,2022-09-05,6208.0,actual
88,2022-09-12,8160.0,actual
88,2022-09-19,9870.0,actual
88,2022-09-26,6401.0,actual
88,2022-10-03,6397.0,actual
88,2022-10-10,7770.0,actual
88,2022-10-17,6509.0,actual
88,2022-10-24,6641.0,actual
88,2022-10-31,6599.0,actual
88,2022-11-07,8820.0,actual
88,2022-11-14,7604.0,actual
88,2022-11-21,7557.0,actual
88,2022-11-28,16079.0,actual
88,2022-12-05,7738.0,actual
88,2022-12-12,7327.0,actual
88,2022-12-19,6636.0,actual
88,2022-12-26,8080.0,actual
88,2023-01-02,7610.0,actual
88,2023-01-09,5768.0,actual
88,2023-01-16,7747.0,actual
88,2023-01-23,8511.0,actual
88,2023-01-30,8708.0,actual
88,2023-02-06,6241.0,actual
88,2023-02-13,5698.0,actual
88,2023-02-20,12039.0,actual
88,2023-02-27,6426.0,actual
88,2023-03-06,3417.0,actual
88,2023-03-13,6553.0,actual
88,2023-03-20,6160.0,actual
88,2023-03-27,7017.0,actual
88,2023-04-03,5613.0,actual
88,2023-04-10,6237.0,actual
88,2023-04-17,10503.0,actual
88,2023-04-24,11229.0,actual
88,2023-05-01,9870.0,actual
88,2023-05-08,10544.0,actual
88,2023-05-15,5524.0,actual
88,2023-05-22,5705.0,actual
88,2023-05-29,7664.0,actual
88,2023-06-05,10990.0,actual
88,2023-06-12,7246.0,actual
88,2023-06-19,6853.0,actual
88,2023-06-26,6606.0,actual
88,2023-07-03,7823.0,actual
88,2023-07-10,5302.0,actual
88,2023-07-17,5145.0,actual
88,2023-07-24,9392.0,actual
88,2023-07-31,6154.0,actual
88,2023-08-07,6191.0,actual
88,2023-08-14,7843.0,actual
88,2023-08-21,6922.0,actual
88,2023-08-28,6439.0,actual
88,2023-09-04,6243.0,actual
88,2023-09-11,6762.0,actual
88,2023-09-18,6516.0,actual
88,2023-09-25,6073.0,actual
88,2023-10-02,7627.0,actual
88,2023-10-09,7961.0,actual
88,2023-10-16,5473.0,actual
88,2023-10-23,7262.0,actual
88,2023-10-30,5481.0,actual
88,2023-11-06,5148.0,actual
88,2023-11-13,8117.0,actual
88,2023-11-20,6784.0,actual
88,2023-11-27,9226.0,actual
88,2023-12-04,8240.0,actual
88,2023-12-11,6244.0,actual
88,2023-12-18,5337.0,actual
88,2023-12-25,7320.0,actual
88,2024-01-01,7203.0,actual
88,2024-01-08,8147.0,actual
88,2024-01-15,6025.0,actual
88,2024-01-22,8356.0,actual
88,2024-01-29,8823.0,actual
88,2024-02-05,7974.0,actual
88,2024-02-12,7564.0,actual
88,2024-02-19,8041.0,actual
88,2024-02-26,7464.0,actual
88,2024-03-04,6493.0,actual
88,2024-03-11,6265.0,actual
88,2024-03-18,8092.0,actual
88,2024-03-25,6442.0,actual
88,2024-04-01,5836.0,actual
88,2024-04-08,6882.0,actual
88,2024-04-15,5568.0,actual
88,2024-04-22,8144.0,actual
88,2024-04-29,7934.0,actual
88,2024-05-06,7458.0,actual
88,2024-05-13,7013.0,actual
88,2024-05-20,5303.0,actual
88,2024-05-27,6417.0,actual
88,2024-06-03,5665.0,actual
88,2024-06-10,6726.0,actual
88,2024-06-17,5890.0,actual
88,2024-06-24,8542.0,actual
88,2024-07-01,7459.0,actual
88,2024-07-08,7505.0,actual
88,2024-07-15,8029.0,actual
88,2024-07-22,11053.0,actual
88,2024-07-29,7155.0,actual
88,2024-08-05,6378.0,actual
88,2024-08-12,5853.0,actual
88,2024-08-19,5631.0,actual
88,2024-08-26,7004.0,actual
88,2024-09-02,6379.0,actual
88,2024-09-09,5981.0,actual
88,2024-09-16,5027.0,actual
88,2024-09-23,6334.0,actual
88,2024-09-30,6557.0,actual
88,2024-10-07,5681.0,actual
89,2022-01-03,11198.0,actual
89,2022-01-10,11210.0,actual
89,2022-01-17,9583.0,actual
89,2022-01-24,11257.0,actual
89,2022-01-31,22671.0,actual
89,2022-02-07,14510.0,actual
89,2022-02-14,15430.0,actual
89,2022-02-21,8914.0,actual
89,2022-02-28,11447.0,actual
89,2022-03-07,13217.0,actual
89,2022-03-14,12428.0,actual
89,2022-03-21,12070.0,actual
89,2022-03-28,11235.0,actual
89,2022-04-04,11611.0,actual
89,2022-04-11,11228.0,actual
89,2022-04-18,9432.0,actual
89,2022-04-25,13282.0,actual
89,2022-05-02,14553.0,actual
89,2022-05-09,12510.0,actual
89,2022-05-16,11765.0,actual
89,2022-05-23,11062.0,actual
89,2022-05-30,12453.0,actual
89,2022-06-06,12269.0,actual
89,2022-06-13,10872.0,actual
89,2022-06-20,11972.0,actual
89,2022-06-27,13372.0,actual
89,2022-07-04,11488.0,actual
89,2022-07-11,10087.0,actual
89,2022-07-18,9524.0,actual
89,2022-07-25,15488.0,actual
89,2022-08-01,11085.0,actual
89,2022-08-08,15303.0,actual
89,2022-08-15,10351.0,actual
89,2022-08-22,10748.0,actual
89,2022-08-29,9200.0,actual
89,2022-09-05,10999.0,actual
89,2022-09-12,16105.0,actual
89,2022-09-19,17487.0,actual
89,2022-09-26,12139.0,actual
89,2022-10-03,14851.0,actual
89,2022-10-10,12663.0,actual
89,2022-10-17,12765.0,actual
89,2022-10-24,10791.0,actual
89,2022-10-31,11932.0,actual
89,2022-11-07,17218.0,actual
89,2022-11-14,14287.0,actual
89,2022-11-21,14577.0,actual
89,2022-11-28,17559.0,actual
89,2022-12-05,13730.0,actual
89,2022-12-12,13597.0,actual
89,2022-12-19,11130.0,actual
89,2022-12-26,16774.0,actual
89,2023-01-02,21226.0,actual
89,2023-01-09,13032.0,actual
89,2023-01-16,13976.0,actual
89,2023-01-23,12497.0,actual
89,2023-01-30,13228.0,actual
89,2023-02-06,14851.0,actual
89,2023-02-13,12391.0,actual
89,2023-02-20,16510.0,actual
89,2023-02-27,14424.0,actual
89,2023-03-06,5088.0,actual
89,2023-03-13,13001.0,actual
89,2023-03-20,12814.0,actual
89,2023-03-27,14085.0,actual
89,2023-04-03,10411.0,actual
89,2023-04-10,11600.0,actual
89,2023-04-17,16242.0,actual
89,2023-04-24,18318.0,actual
89,2023-05-01,16571.0,actual
89,2023-05-08,16205.0,actual
89,2023-05-15,12909.0,actual
89,2023-05-22,11963.0,actual
89,2023-05-29,11214.0,actual
89,2023-06-05,16468.0,actual
89,2023-06-12,16049.0,actual
89,2023-06-19,14082.0,actual
89,2023-06-26,14797.0,actual
89,2023-07-03,16485.0,actual
89,2023-07-10,11367.0,actual
89,2023-07-17,11185.0,actual
89,2023-07-24,11853.0,actual
89,2023-07-31,15073.0,actual
89,2023-08-07,12664.0,actual
89,2023-08-14,14718.0,actual
89,2023-08-21,14017.0,actual
89,2023-08-28,13773.0,actual
89,2023-09-04,12087.0,actual
89,2023-09-11,11198.0,actual
89,2023-09-18,14496.0,actual
89,2023-09-25,14669.0,actual
89,2023-10-02,15636.0,actual
89,2023-10-09,15350.0,actual
89,2023-10-16,14160.0,actual
89,2023-10-23,15302.0,actual
89,2023-10-30,11498.0,actual
89,2023-11-06,9147.0,actual
89,2023-11-13,15374.0,actual
89,2023-11-20,13998.0,actual
89,2023-11-27,17965.0,actual
89,2023-12-04,18098.0,actual
89,2023-12-11,14903.0,actual
89,2023-12-18,14001.0,actual
89,2023-12-25,11574.0,actual
89,2024-01-01,15156.0,actual
89,2024-01-08,14492.0,actual
89,2024-01-15,12889.0,actual
89,2024-01-22,15529.0,actual
89,2024-01-29,16254.0,actual
89,2024-02-05,15877.0,actual
89,2024-02-12,16663.0,actual
89,2024-02-19,14780.0,actual
89,2024-02-26,16097.0,actual
89,2024-03-04,15598.0,actual
89,2024-03-11,14693.0,actual
89,2024-03-18,14165.0,actual
89,2024-03-25,14944.0,actual
89,2024-04-01,13434.0,actual
89,2024-04-08,13319.0,actual
89,2024-04-15,12832.0,actual
89,2024-04-22,15557.0,actual
89,2024-04-29,16274.0,actual
89,2024-05-06,14538.0,actual
89,2024-05-13,13670.0,actual
89,2024-05-20,13946.0,actual
89,2024-05-27,12663.0,actual
89,2024-06-03,12135.0,actual
89,2024-06-10,18165.0,actual
89,2024-06-17,16007.0,actual
89,2024-06-24,16858.0,actual
89,2024-07-01,15708.0,actual
89,2024-07-08,15658.0,actual
89,2024-07-15,13578.0,actual
89,2024-07-22,16313.0,actual
89,2024-07-29,12251.0,actual
89,2024-08-05,12661.0,actual
89,2024-08-12,11867.0,actual
89,2024-08-19,10968.0,actual
89,2024-08-26,11845.0,actual
89,2024-09-02,12982.0,actual
89,2024-09-09,13810.0,actual
89,2024-09-16,13006.0,actual
89,2024-09-23,11511.0,actual
89,2024-09-30,12021.0,actual
89,2024-10-07,10514.0,actual
91,2022-01-03,3451.0,actual
91,2022-01-10,2707.0,actual
91,2022-01-17,1523.0,actual
91,2022-01-24,2507.0,actual
91,2022-01-31,3464.0,actual
91,2022-02-07,2625.0,actual
91,2022-02-14,2260.0,actual
91,2022-02-21,1064.0,actual
91,2022-02-28,2417.0,actual
91,2022-03-07,2474.0,actual
91,2022-03-14,1730.0,actual
91,2022-03-21,1382.0,actual
91,2022-03-28,2004.0,actual
91,2022-04-04,2157.0,actual
91,2022-04-11,1602.0,actual
91,2022-04-18,1219.0,actual
91,2022-04-25,2303.0,actual
91,2022-05-02,3331.0,actual
91,2022-05-09,1964.0,actual
91,2022-05-16,1561.0,actual
91,2022-05-23,1383.0,actual
91,2022-05-30,2966.0,actual
91,2022-06-06,2763.0,actual
91,2022-06-13,1565.0,actual
91,2022-06-20,1905.0,actual
91,2022-06-27,2195.0,actual
91,2022-07-04,3438.0,actual
91,2022-07-11,1722.0,actual
91,2022-07-18,1600.0,actual
91,2022-07-25,2796.0,actual
91,2022-08-01,3904.0,actual
91,2022-08-08,3811.0,actual
91,2022-08-15,1708.0,actual
91,2022-08-22,1573.0,actual
91,2022-08-29,2279.0,actual
91,2022-09-05,3030.0,actual
91,2022-09-12,2473.0,actual
91,2022-09-19,2750.0,actual
91,2022-09-26,2323.0,actual
91,2022-10-03,3547.0,actual
91,2022-10-10,2584.0,actual
91,2022-10-17,1518.0,actual
91,2022-10-24,1580.0,actual
91,2022-10-31,3168.0,actual
91,2022-11-07,3486.0,actual
91,2022-11-14,2653.0,actual
91,2022-11-21,2138.0,actual
91,2022-11-28,4759.0,actual
91,2022-12-05,4196.0,actual
91,2022-12-12,2460.0,actual
91,2022-12-19,1338.0,actual
91,2022-12-26,3615.0,actual
91,2023-01-02,6310.0,actual
91,2023-01-09,2740.0,actual
91,2023-01-16,2422.0,actual
91,2023-01-23,1503.0,actual
91,2023-01-30,3718.0,actual
91,2023-02-06,3540.0,actual
91,2023-02-13,2550.0,actual
91,2023-02-20,2681.0,actual
91,2023-02-27,3314.0,actual
91,2023-03-06,987.0,actual
91,2023-03-13,2670.0,actual
91,2023-03-20,2330.0,actual
91,2023-03-27,2975.0,actual
91,2023-04-03,2785.0,actual
91,2023-04-10,1925.0,actual
91,2023-04-17,2925.0,actual
91,2023-04-24,3063.0,actual
91,2023-05-01,4642.0,actual
91,2023-05-08,3688.0,actual
91,2023-05-15,2329.0,actual
91,2023-05-22,2008.0,actual
91,2023-05-29,3445.0,actual
91,2023-06-05,4567.0,actual
91,2023-06-12,3683.0,actual
91,2023-06-19,2882.0,actual
91,2023-06-26,3149.0,actual
91,2023-07-03,5501.0,actual
91,2023-07-10,3059.0,actual
91,2023-07-17,2383.0,actual
91,2023-07-24,2412.0,actual
91,2023-07-31,4460.0,actual
91,2023-08-07,3636.0,actual
91,2023-08-14,2409.0,actual
91,2023-08-21,2541.0,actual
91,2023-08-28,3657.0,actual
91,2023-09-04,4302.0,actual
91,2023-09-11,2272.0,actual
91,2023-09-18,2309.0,actual
91,2023-09-25,3346.0,actual
91,2023-10-02,5930.0,actual
91,2023-10-09,3432.0,actual
91,2023-10-16,2973.0,actual
91,2023-10-23,2061.0,actual
91,2023-10-30,4596.0,actual
91,2023-11-06,2744.0,actual
91,2023-11-13,2634.0,actual
91,2023-11-20,2111.0,actual
91,2023-11-27,4217.0,actual
91,2023-12-04,4849.0,actual
91,2023-12-11,3031.0,actual
91,2023-12-18,2342.0,actual
91,2023-12-25,2889.0,actual
91,2024-01-01,5568.0,actual
91,2024-01-08,3679.0,actual
91,2024-01-15,2208.0,actual
91,2024-01-22,2182.0,actual
91,2024-01-29,4687.0,actual
91,2024-02-05,4195.0,actual
91,2024-02-12,3145.0,actual
91,2024-02-19,2504.0,actual
91,2024-02-26,4450.0,actual
91,2024-03-04,4341.0,actual
91,2024-03-11,2684.0,actual
91,2024-03-18,2818.0,actual
91,2024-03-25,3272.0,actual
91,2024-04-01,4137.0,actual
91,2024-04-08,2807.0,actual
91,2024-04-15,1737.0,actual
91,2024-04-22,3206.0,actual
91,2024-04-29,4241.0,actual
91,2024-05-06,2960.0,actual
91,2024-05-13,2286.0,actual
91,2024-05-20,2350.0,actual
91,2024-05-27,3567.0,actual
91,2024-06-03,3697.0,actual
91,2024-06-10,2927.0,actual
91,2024-06-17,2677.0,actual
91,2024-06-24,3200.0,actual
91,2024-07-01,5004.0,actual
91,2024-07-08,3516.0,actual
91,2024-07-15,2939.0,actual
91,2024-07-22,2171.0,actual
91,2024-07-29,3654.0,actual
91,2024-08-05,3439.0,actual
91,2024-08-12,2460.0,actual
91,2024-08-19,2385.0,actual
91,2024-08-26,3236.0,actual
91,2024-09-02,4067.0,actual
91,2024-09-09,2340.0,actual
91,2024-09-16,2841.0,actual
91,2024-09-23,3074.0,actual
91,2024-09-30,3733.0,actual
91,2024-10-07,2878.0,actual
92,2022-01-03,5540.0,actual
92,2022-01-10,4655.0,actual
92,2022-01-17,4349.0,actual
92,2022-01-24,4745.0,actual
92,2022-01-31,9606.0,actual
92,2022-02-07,7069.0,actual
92,2022-02-14,7727.0,actual
92,2022-02-21,4692.0,actual
92,2022-02-28,3453.0,actual
92,2022-03-07,5361.0,actual
92,2022-03-14,4682.0,actual
92,2022-03-21,3847.0,actual
92,2022-03-28,3782.0,actual
92,2022-04-04,3343.0,actual
92,2022-04-11,3397.0,actual
92,2022-04-18,3134.0,actual
92,2022-04-25,5805.0,actual
92,2022-05-02,5791.0,actual
92,2022-05-09,4599.0,actual
92,2022-05-16,3961.0,actual
92,2022-05-23,4502.0,actual
92,2022-05-30,5613.0,actual
92,2022-06-06,6392.0,actual
92,2022-06-13,3648.0,actual
92,2022-06-20,5814.0,actual
92,2022-06-27,5604.0,actual
92,2022-07-04,4712.0,actual
92,2022-07-11,4824.0,actual
92,2022-07-18,3849.0,actual
92,2022-07-25,6326.0,actual
92,2022-08-01,7200.0,actual
92,2022-08-08,10439.0,actual
92,2022-08-15,5393.0,actual
92,2022-08-22,4673.0,actual
92,2022-08-29,4561.0,actual
92,2022-09-05,5303.0,actual
92,2022-09-12,5591.0,actual
92,2022-09-19,7218.0,actual
92,2022-09-26,4702.0,actual
92,2022-10-03,5408.0,actual
92,2022-10-10,5477.0,actual
92,2022-10-17,6284.0,actual
92,2022-10-24,5381.0,actual
92,2022-10-31,5780.0,actual
92,2022-11-07,6947.0,actual
92,2022-11-14,6510.0,actual
92,2022-11-21,6177.0,actual
92,2022-11-28,13625.0,actual
92,2022-12-05,6782.0,actual
92,2022-12-12,5888.0,actual
92,2022-12-19,5135.0,actual
92,2022-12-26,7323.0,actual
92,2023-01-02,6392.0,actual
92,2023-01-09,4994.0,actual
92,2023-01-16,5364.0,actual
92,2023-01-23,5075.0,actual
92,2023-01-30,5055.0,actual
92,2023-02-06,5105.0,actual
92,2023-02-13,5133.0,actual
92,2023-02-20,13048.0,actual
92,2023-02-27,6418.0,actual
92,2023-03-06,3710.0,actual
92,2023-03-13,5502.0,actual
92,2023-03-20,5132.0,actual
92,2023-03-27,6647.0,actual
92,2023-04-03,4841.0,actual
92,2023-04-10,5648.0,actual
92,2023-04-17,10734.0,actual
92,2023-04-24,12057.0,actual
92,2023-05-01,11859.0,actual
92,2023-05-08,12370.0,actual
92,2023-05-15,5194.0,actual
92,2023-05-22,5425.0,actual
92,2023-05-29,6043.0,actual
92,2023-06-05,8302.0,actual
92,2023-06-12,7174.0,actual
92,2023-06-19,6349.0,actual
92,2023-06-26,8392.0,actual
92,2023-07-03,9729.0,actual
92,2023-07-10,5227.0,actual
92,2023-07-17,4512.0,actual
92,2023-07-24,7691.0,actual
92,2023-07-31,6670.0,actual
92,2023-08-07,6869.0,actual
92,2023-08-14,5214.0,actual
92,2023-08-21,6032.0,actual
92,2023-08-28,5576.0,actual
92,2023-09-04,5500.0,actual
92,2023-09-11,5530.0,actual
92,2023-09-18,5139.0,actual
92,2023-09-25,6194.0,actual
92,2023-10-02,7196.0,actual
92,2023-10-09,6854.0,actual
92,2023-10-16,5377.0,actual
92,2023-10-23,6655.0,actual
92,2023-10-30,5798.0,actual
92,2023-11-06,4746.0,actual
92,2023-11-13,6098.0,actual
92,2023-11-20,5713.0,actual
92,2023-11-27,9041.0,actual
92,2023-12-04,6576.0,actual
92,2023-12-11,5961.0,actual
92,2023-12-18,4561.0,actual
92,2023-12-25,6856.0,actual
92,2024-01-01,6826.0,actual
92,2024-01-08,6608.0,actual
92,2024-01-15,5190.0,actual
92,2024-01-22,7236.0,actual
92,2024-01-29,8820.0,actual
92,2024-02-05,6330.0,actual
92,2024-02-12,6213.0,actual
92,2024-02-19,6259.0,actual
92,2024-02-26,5776.0,actual
92,2024-03-04,6034.0,actual
92,2024-03-11,5639.0,actual
92,2024-03-18,7135.0,actual
92,2024-03-25,6477.0,actual
92,2024-04-01,5699.0,actual
92,2024-04-08,5852.0,actual
92,2024-04-15,4850.0,actual
92,2024-04-22,6973.0,actual
92,2024-04-29,6497.0,actual
92,2024-05-06,7132.0,actual
92,2024-05-13,6667.0,actual
92,2024-05-20,5609.0,actual
92,2024-05-27,6740.0,actual
92,2024-06-03,5490.0,actual
92,2024-06-10,6828.0,actual
92,2024-06-17,5172.0,actual
92,2024-06-24,8122.0,actual
92,2024-07-01,9217.0,actual
92,2024-07-08,6926.0,actual
92,2024-07-15,6032.0,actual
92,2024-07-22,11415.0,actual
92,2024-07-29,7158.0,actual
92,2024-08-05,6968.0,actual
92,2024-08-12,5106.0,actual
92,2024-08-19,3960.0,actual
92,2024-08-26,6048.0,actual
92,2024-09-02,6343.0,actual
92,2024-09-09,5796.0,actual
92,2024-09-16,4934.0,actual
92,2024-09-23,5828.0,actual
92,2024-09-30,6543.0,actual
92,2024-10-07,4268.0,actual
93,2022-01-03,7307.0,actual
93,2022-01-10,7152.0,actual
93,2022-01-17,5904.0,actual
93,2022-01-24,6704.0,actual
93,2022-01-31,10597.0,actual
93,2022-02-07,8800.0,actual
93,2022-02-14,9818.0,actual
93,2022-02-21,8074.0,actual
93,2022-02-28,7478.0,actual
93,2022-03-07,9305.0,actual
93,2022-03-14,8250.0,actual
93,2022-03-21,6483.0,actual
93,2022-03-28,6382.0,actual
93,2022-04-04,6345.0,actual
93,2022-04-11,6714.0,actual
93,2022-04-18,5838.0,actual
93,2022-04-25,7052.0,actual
93,2022-05-02,10321.0,actual
93,2022-05-09,7253.0,actual
93,2022-05-16,6764.0,actual
93,2022-05-23,7138.0,actual
93,2022-05-30,7697.0,actual
93,2022-06-06,8316.0,actual
93,2022-06-13,6829.0,actual
93,2022-06-20,7803.0,actual
93,2022-06-27,7873.0,actual
93,2022-07-04,7993.0,actual
93,2022-07-11,7264.0,actual
93,2022-07-18,7575.0,actual
93,2022-07-25,8155.0,actual
93,2022-08-01,9515.0,actual
93,2022-08-08,13312.0,actual
93,2022-08-15,7192.0,actual
93,2022-08-22,7205.0,actual
93,2022-08-29,6436.0,actual
93,2022-09-05,7562.0,actual
93,2022-09-12,10664.0,actual
93,2022-09-19,11182.0,actual
93,2022-09-26,7623.0,actual
93,2022-10-03,8321.0,actual
93,2022-10-10,8182.0,actual
93,2022-10-17,7918.0,actual
93,2022-10-24,7353.0,actual
93,2022-10-31,7446.0,actual
93,2022-11-07,9576.0,actual
93,2022-11-14,8231.0,actual
93,2022-11-21,6963.0,actual
93,2022-11-28,11559.0,actual
93,2022-12-05,9251.0,actual
93,2022-12-12,9303.0,actual
93,2022-12-19,6832.0,actual
93,2022-12-26,9620.0,actual
93,2023-01-02,8835.0,actual
93,2023-01-09,6905.0,actual
93,2023-01-16,9471.0,actual
93,2023-01-23,8912.0,actual
93,2023-01-30,9330.0,actual
93,2023-02-06,7798.0,actual
93,2023-02-13,7559.0,actual
93,2023-02-20,12343.0,actual
93,2023-02-27,7606.0,actual
93,2023-03-06,4965.0,actual
93,2023-03-13,8800.0,actual
93,2023-03-20,7979.0,actual
93,2023-03-27,8509.0,actual
93,2023-04-03,6511.0,actual
93,2023-04-10,6902.0,actual
93,2023-04-17,9394.0,actual
93,2023-04-24,10227.0,actual
93,2023-05-01,10299.0,actual
93,2023-05-08,11694.0,actual
93,2023-05-15,7114.0,actual
93,2023-05-22,6499.0,actual
93,2023-05-29,8113.0,actual
93,2023-06-05,9052.0,actual
93,2023-06-12,8241.0,actual
93,2023-06-19,7878.0,actual
93,2023-06-26,7847.0,actual
93,2023-07-03,9170.0,actual
93,2023-07-10,6906.0,actual
93,2023-07-17,7313.0,actual
93,2023-07-24,9064.0,actual
93,2023-07-31,8146.0,actual
93,2023-08-07,7233.0,actual
93,2023-08-14,7368.0,actual
93,2023-08-21,7731.0,actual
93,2023-08-28,7418.0,actual
93,2023-09-04,6670.0,actual
93,2023-09-11,7746.0,actual
93,2023-09-18,7751.0,actual
93,2023-09-25,7198.0,actual
93,2023-10-02,9185.0,actual
93,2023-10-09,8713.0,actual
93,2023-10-16,7433.0,actual
93,2023-10-23,7369.0,actual
93,2023-10-30,6778.0,actual
93,2023-11-06,6096.0,actual
93,2023-11-13,9500.0,actual
93,2023-11-20,7513.0,actual
93,2023-11-27,10561.0,actual
93,2023-12-04,8191.0,actual
93,2023-12-11,8562.0,actual
93,2023-12-18,6741.0,actual
93,2023-12-25,7559.0,actual
93,2024-01-01,7811.0,actual
93,2024-01-08,8630.0,actual
93,2024-01-15,6339.0,actual
93,2024-01-22,10061.0,actual
93,2024-01-29,8907.0,actual
93,2024-02-05,8064.0,actual
93,2024-02-12,7942.0,actual
93,2024-02-19,7983.0,actual
93,2024-02-26,7962.0,actual
93,2024-03-04,7508.0,actual
93,2024-03-11,7584.0,actual
93,2024-03-18,7591.0,actual
93,2024-03-25,7589.0,actual
93,2024-04-01,6190.0,actual
93,2024-04-08,6837.0,actual
93,2024-04-15,6792.0,actual
93,2024-04-22,9308.0,actual
93,2024-04-29,8552.0,actual
93,2024-05-06,8222.0,actual
93,2024-05-13,7969.0,actual
93,2024-05-20,6566.0,actual
93,2024-05-27,7601.0,actual
93,2024-06-03,7277.0,actual
93,2024-06-10,7832.0,actual
93,2024-06-17,8096.0,actual
93,2024-06-24,9512.0,actual
93,2024-07-01,8888.0,actual
93,2024-07-08,8346.0,actual
93,2024-07-15,6842.0,actual
93,2024-07-22,9734.0,actual
93,2024-07-29,7461.0,actual
93,2024-08-05,7649.0,actual
93,2024-08-12,6479.0,actual
93,2024-08-19,5772.0,actual
93,2024-08-26,6474.0,actual
93,2024-09-02,8295.0,actual
93,2024-09-09,7689.0,actual
93,2024-09-16,6399.0,actual
93,2024-09-23,7233.0,actual
93,2024-09-30,7096.0,actual
93,2024-10-07,5954.0,actual
94,2022-01-03,5298.0,actual
94,2022-01-10,6145.0,actual
94,2022-01-17,5241.0,actual
94,2022-01-24,5089.0,actual
94,2022-01-31,8226.0,actual
94,2022-02-07,7217.0,actual
94,2022-02-14,6623.0,actual
94,2022-02-21,5801.0,actual
94,2022-02-28,6159.0,actual
94,2022-03-07,6282.0,actual
94,2022-03-14,5379.0,actual
94,2022-03-21,5204.0,actual
94,2022-03-28,4848.0,actual
94,2022-04-04,4529.0,actual
94,2022-04-11,5073.0,actual
94,2022-04-18,4811.0,actual
94,2022-04-25,6788.0,actual
94,2022-05-02,8864.0,actual
94,2022-05-09,7049.0,actual
94,2022-05-16,6112.0,actual
94,2022-05-23,7018.0,actual
94,2022-05-30,7001.0,actual
94,2022-06-06,7039.0,actual
94,2022-06-13,5474.0,actual
94,2022-06-20,5659.0,actual
94,2022-06-27,6207.0,actual
94,2022-07-04,6536.0,actual
94,2022-07-11,5233.0,actual
94,2022-07-18,5535.0,actual
94,2022-07-25,6150.0,actual
94,2022-08-01,5820.0,actual
94,2022-08-08,10765.0,actual
94,2022-08-15,5831.0,actual
94,2022-08-22,5828.0,actual
94,2022-08-29,5403.0,actual
94,2022-09-05,5642.0,actual
94,2022-09-12,6651.0,actual
94,2022-09-19,7285.0,actual
94,2022-09-26,5360.0,actual
94,2022-10-03,5854.0,actual
94,2022-10-10,5279.0,actual
94,2022-10-17,5760.0,actual
94,2022-10-24,4814.0,actual
94,2022-10-31,4424.0,actual
94,2022-11-07,7401.0,actual
94,2022-11-14,6002.0,actual
94,2022-11-21,7056.0,actual
94,2022-11-28,11943.0,actual
94,2022-12-05,7450.0,actual
94,2022-12-12,8336.0,actual
94,2022-12-19,7717.0,actual
94,2022-12-26,9554.0,actual
94,2023-01-02,8663.0,actual
94,2023-01-09,6332.0,actual
94,2023-01-16,7183.0,actual
94,2023-01-23,7511.0,actual
94,2023-01-30,7117.0,actual
94,2023-02-06,6667.0,actual
94,2023-02-13,6897.0,actual
94,2023-02-20,9592.0,actual
94,2023-02-27,6892.0,actual
94,2023-03-06,4182.0,actual
94,2023-03-13,6225.0,actual
94,2023-03-20,5851.0,actual
94,2023-03-27,6983.0,actual
94,2023-04-03,5318.0,actual
94,2023-04-10,5402.0,actual
94,2023-04-17,6853.0,actual
94,2023-04-24,7973.0,actual
94,2023-05-01,7432.0,actual
94,2023-05-08,6915.0,actual
94,2023-05-15,5302.0,actual
94,2023-05-22,6113.0,actual
94,2023-05-29,6436.0,actual
94,2023-06-05,9084.0,actual
94,2023-06-12,6576.0,actual
94,2023-06-19,6267.0,actual
94,2023-06-26,7998.0,actual
94,2023-07-03,7671.0,actual
94,2023-07-10,5264.0,actual
94,2023-07-17,5843.0,actual
94,2023-07-24,8166.0,actual
94,2023-07-31,6764.0,actual
94,2023-08-07,6559.0,actual
94,2023-08-14,6795.0,actual
94,2023-08-21,6286.0,actual
94,2023-08-28,6448.0,actual
94,2023-09-04,5398.0,actual
94,2023-09-11,6410.0,actual
94,2023-09-18,6308.0,actual
94,2023-09-25,6682.0,actual
94,2023-10-02,6866.0,actual
94,2023-10-09,6532.0,actual
94,2023-10-16,5843.0,actual
94,2023-10-23,6547.0,actual
94,2023-10-30,6049.0,actual
94,2023-11-06,4602.0,actual
94,2023-11-13,6267.0,actual
94,2023-11-20,5914.0,actual
94,2023-11-27,6588.0,actual
94,2023-12-04,7192.0,actual
94,2023-12-11,6340.0,actual
94,2023-12-18,5056.0,actual
94,2023-12-25,6097.0,actual
94,2024-01-01,6782.0,actual
94,2024-01-08,6197.0,actual
94,2024-01-15,5748.0,actual
94,2024-01-22,7176.0,actual
94,2024-01-29,8038.0,actual
94,2024-02-05,7071.0,actual
94,2024-02-12,7245.0,actual
94,2024-02-19,6219.0,actual
94,2024-02-26,6662.0,actual
94,2024-03-04,6101.0,actual
94,2024-03-11,6164.0,actual
94,2024-03-18,7495.0,actual
94,2024-03-25,6983.0,actual
94,2024-04-01,5491.0,actual
94,2024-04-08,6251.0,actual
94,2024-04-15,5118.0,actual
94,2024-04-22,7499.0,actual
94,2024-04-29,6844.0,actual
94,2024-05-06,6247.0,actual
94,2024-05-13,5485.0,actual
94,2024-05-20,6289.0,actual
94,2024-05-27,6335.0,actual
94,2024-06-03,6144.0,actual
94,2024-06-10,6539.0,actual
94,2024-06-17,6079.0,actual
94,2024-06-24,7645.0,actual
94,2024-07-01,7942.0,actual
94,2024-07-08,7510.0,actual
94,2024-07-15,6615.0,actual
94,2024-07-22,9608.0,actual
94,2024-07-29,6309.0,actual
94,2024-08-05,5774.0,actual
94,2024-08-12,4821.0,actual
94,2024-08-19,4751.0,actual
94,2024-08-26,5393.0,actual
94,2024-09-02,6987.0,actual
94,2024-09-09,6112.0,actual
94,2024-09-16,5532.0,actual
94,2024-09-23,5662.0,actual
94,2024-09-30,5681.0,actual
94,2024-10-07,5493.0,actual
97,2022-01-03,11314.0,actual
97,2022-01-10,13530.0,actual
97,2022-01-17,12086.0,actual
97,2022-01-24,10011.0,actual
97,2022-01-31,19056.0,actual
97,2022-02-07,13833.0,actual
97,2022-02-14,15964.0,actual
97,2022-02-21,12691.0,actual
97,2022-02-28,13319.0,actual
97,2022-03-07,17267.0,actual
97,2022-03-14,15002.0,actual
97,2022-03-21,10653.0,actual
97,2022-03-28,9734.0,actual
97,2022-04-04,8573.0,actual
97,2022-04-11,9272.0,actual
97,2022-04-18,8710.0,actual
97,2022-04-25,11962.0,actual
97,2022-05-02,14501.0,actual
97,2022-05-09,11159.0,actual
97,2022-05-16,11629.0,actual
97,2022-05-23,11879.0,actual
97,2022-05-30,11827.0,actual
97,2022-06-06,10866.0,actual
97,2022-06-13,9540.0,actual
97,2022-06-20,10807.0,actual
97,2022-06-27,12200.0,actual
97,2022-07-04,11026.0,actual
97,2022-07-11,10865.0,actual
97,2022-07-18,10276.0,actual
97,2022-07-25,11323.0,actual
97,2022-08-01,12755.0,actual
97,2022-08-08,17502.0,actual
97,2022-08-15,10952.0,actual
97,2022-08-22,9935.0,actual
97,2022-08-29,9849.0,actual
97,2022-09-05,10913.0,actual
97,2022-09-12,14330.0,actual
97,2022-09-19,18130.0,actual
97,2022-09-26,12262.0,actual
97,2022-10-03,12139.0,actual
97,2022-10-10,12450.0,actual
97,2022-10-17,12570.0,actual
97,2022-10-24,10193.0,actual
97,2022-10-31,10088.0,actual
97,2022-11-07,18293.0,actual
97,2022-11-14,13899.0,actual
97,2022-11-21,10010.0,actual
97,2022-11-28,26107.0,actual
97,2022-12-05,13311.0,actual
97,2022-12-12,16569.0,actual
97,2022-12-19,15749.0,actual
97,2022-12-26,16168.0,actual
97,2023-01-02,14682.0,actual
97,2023-01-09,11014.0,actual
97,2023-01-16,12686.0,actual
97,2023-01-23,14061.0,actual
97,2023-01-30,11604.0,actual
97,2023-02-06,12461.0,actual
97,2023-02-13,11614.0,actual
97,2023-02-20,20416.0,actual
97,2023-02-27,12835.0,actual
97,2023-03-06,6603.0,actual
97,2023-03-13,14149.0,actual
97,2023-03-20,13148.0,actual
97,2023-03-27,12036.0,actual
97,2023-04-03,10233.0,actual
97,2023-04-10,11641.0,actual
97,2023-04-17,16542.0,actual
97,2023-04-24,17023.0,actual
97,2023-05-01,13673.0,actual
97,2023-05-08,14701.0,actual
97,2023-05-15,10178.0,actual
97,2023-05-22,10445.0,actual
97,2023-05-29,11499.0,actual
97,2023-06-05,16375.0,actual
97,2023-06-12,13493.0,actual
97,2023-06-19,16068.0,actual
97,2023-06-26,12397.0,actual
97,2023-07-03,14740.0,actual
97,2023-07-10,11143.0,actual
97,2023-07-17,10524.0,actual
97,2023-07-24,14421.0,actual
97,2023-07-31,10953.0,actual
97,2023-08-07,11026.0,actual
97,2023-08-14,12492.0,actual
97,2023-08-21,12125.0,actual
97,2023-08-28,11441.0,actual
97,2023-09-04,11490.0,actual
97,2023-09-11,11266.0,actual
97,2023-09-18,13959.0,actual
97,2023-09-25,12922.0,actual
97,2023-10-02,12873.0,actual
97,2023-10-09,13366.0,actual
97,2023-10-16,11740.0,actual
97,2023-10-23,13449.0,actual
97,2023-10-30,10372.0,actual
97,2023-11-06,9760.0,actual
97,2023-11-13,15659.0,actual
97,2023-11-20,10550.0,actual
97,2023-11-27,17637.0,actual
97,2023-12-04,15333.0,actual
97,2023-12-11,15301.0,actual
97,2023-12-18,9369.0,actual
97,2023-12-25,12517.0,actual
97,2024-01-01,11912.0,actual
97,2024-01-08,11786.0,actual
97,2024-01-15,12188.0,actual
97,2024-01-22,15420.0,actual
97,2024-01-29,17376.0,actual
97,2024-02-05,13085.0,actual
97,2024-02-12,14238.0,actual
97,2024-02-19,13646.0,actual
97,2024-02-26,11856.0,actual
97,2024-03-04,11563.0,actual
97,2024-03-11,12744.0,actual
97,2024-03-18,13612.0,actual
97,2024-03-25,12264.0,actual
97,2024-04-01,10506.0,actual
97,2024-04-08,12244.0,actual
97,2024-04-15,11556.0,actual
97,2024-04-22,15219.0,actual
97,2024-04-29,14171.0,actual
97,2024-05-06,15515.0,actual
97,2024-05-13,13945.0,actual
97,2024-05-20,11261.0,actual
97,2024-05-27,10513.0,actual
97,2024-06-03,10108.0,actual
97,2024-06-10,11311.0,actual
97,2024-06-17,14711.0,actual
97,2024-06-24,13854.0,actual
97,2024-07-01,11451.0,actual
97,2024-07-08,12387.0,actual
97,2024-07-15,11194.0,actual
97,2024-07-22,15628.0,actual
97,2024-07-29,10139.0,actual
97,2024-08-05,12146.0,actual
97,2024-08-12,10914.0,actual
97,2024-08-19,9350.0,actual
97,2024-08-26,10257.0,actual
97,2024-09-02,9323.0,actual
97,2024-09-09,10674.0,actual
97,2024-09-16,10447.0,actual
97,2024-09-23,10184.0,actual
97,2024-09-30,10198.0,actual
97,2024-10-07,9477.0,actual
99,2022-01-03,11372.0,actual
99,2022-01-10,11650.0,actual
99,2022-01-17,10458.0,actual
99,2022-01-24,11782.0,actual
99,2022-01-31,23653.0,actual
99,2022-02-07,16296.0,actual
99,2022-02-14,18778.0,actual
99,2022-02-21,9943.0,actual
99,2022-02-28,12102.0,actual
99,2022-03-07,14334.0,actual
99,2022-03-14,12183.0,actual
99,2022-03-21,10682.0,actual
99,2022-03-28,11143.0,actual
99,2022-04-04,11676.0,actual
99,2022-04-11,11114.0,actual
99,2022-04-18,10863.0,actual
99,2022-04-25,16736.0,actual
99,2022-05-02,16199.0,actual
99,2022-05-09,14046.0,actual
99,2022-05-16,11394.0,actual
99,2022-05-23,11600.0,actual
99,2022-05-30,13087.0,actual
99,2022-06-06,10447.0,actual
99,2022-06-13,11865.0,actual
99,2022-06-20,14074.0,actual
99,2022-06-27,15510.0,actual
99,2022-07-04,11564.0,actual
99,2022-07-11,10066.0,actual
99,2022-07-18,11341.0,actual
99,2022-07-25,18422.0,actual
99,2022-08-01,12570.0,actual
99,2022-08-08,13557.0,actual
99,2022-08-15,11642.0,actual
99,2022-08-22,11723.0,actual
99,2022-08-29,9814.0,actual
99,2022-09-05,12255.0,actual
99,2022-09-12,18766.0,actual
99,2022-09-19,24075.0,actual
99,2022-09-26,14219.0,actual
99,2022-10-03,13539.0,actual
99,2022-10-10,12202.0,actual
99,2022-10-17,12767.0,actual
99,2022-10-24,10644.0,actual
99,2022-10-31,10998.0,actual
99,2022-11-07,17138.0,actual
99,2022-11-14,16062.0,actual
99,2022-11-21,14012.0,actual
99,2022-11-28,19560.0,actual
99,2022-12-05,15779.0,actual
99,2022-12-12,14704.0,actual
99,2022-12-19,10629.0,actual
99,2022-12-26,19422.0,actual
99,2023-01-02,18167.0,actual
99,2023-01-09,12727.0,actual
99,2023-01-16,15079.0,actual
99,2023-01-23,13560.0,actual
99,2023-01-30,13997.0,actual
99,2023-02-06,13265.0,actual
99,2023-02-13,13764.0,actual
99,2023-02-20,19224.0,actual
99,2023-02-27,15604.0,actual
99,2023-03-06,5684.0,actual
99,2023-03-13,15837.0,actual
99,2023-03-20,14994.0,actual
99,2023-03-27,16600.0,actual
99,2023-04-03,11220.0,actual
99,2023-04-10,14027.0,actual
99,2023-04-17,19703.0,actual
99,2023-04-24,20305.0,actual
99,2023-05-01,17981.0,actual
99,2023-05-08,17635.0,actual
99,2023-05-15,12740.0,actual
99,2023-05-22,11084.0,actual
99,2023-05-29,12652.0,actual
99,2023-06-05,14968.0,actual
99,2023-06-12,17426.0,actual
99,2023-06-19,14602.0,actual
99,2023-06-26,17262.0,actual
99,2023-07-03,18488.0,actual
99,2023-07-10,10910.0,actual
99,2023-07-17,11328.0,actual
99,2023-07-24,12806.0,actual
99,2023-07-31,16164.0,actual
99,2023-08-07,13509.0,actual
99,2023-08-14,14549.0,actual
99,2023-08-21,13601.0,actual
99,2023-08-28,14233.0,actual
99,2023-09-04,11750.0,actual
99,2023-09-11,12683.0,actual
99,2023-09-18,15511.0,actual
99,2023-09-25,14190.0,actual
99,2023-10-02,16325.0,actual
99,2023-10-09,16608.0,actual
99,2023-10-16,16062.0,actual
99,2023-10-23,17029.0,actual
99,2023-10-30,12011.0,actual
99,2023-11-06,7980.0,actual
99,2023-11-13,16769.0,actual
99,2023-11-20,12387.0,actual
99,2023-11-27,21382.0,actual
99,2023-12-04,18373.0,actual
99,2023-12-11,19358.0,actual
99,2023-12-18,15659.0,actual
99,2023-12-25,11458.0,actual
99,2024-01-01,13509.0,actual
99,2024-01-08,13394.0,actual
99,2024-01-15,12332.0,actual
99,2024-01-22,14920.0,actual
99,2024-01-29,17039.0,actual
99,2024-02-05,16827.0,actual
99,2024-02-12,18245.0,actual
99,2024-02-19,18736.0,actual
99,2024-02-26,14225.0,actual
99,2024-03-04,13941.0,actual
99,2024-03-11,14494.0,actual
99,2024-03-18,15483.0,actual
99,2024-03-25,13031.0,actual
99,2024-04-01,13066.0,actual
99,2024-04-08,15284.0,actual
99,2024-04-15,14498.0,actual
99,2024-04-22,19813.0,actual
99,2024-04-29,17776.0,actual
99,2024-05-06,15012.0,actual
99,2024-05-13,16276.0,actual
99,2024-05-20,13269.0,actual
99,2024-05-27,13373.0,actual
99,2024-06-03,13259.0,actual
99,2024-06-10,22540.0,actual
99,2024-06-17,19776.0,actual
99,2024-06-24,21028.0,actual
99,2024-07-01,18034.0,actual
99,2024-07-08,17240.0,actual
99,2024-07-15,15710.0,actual
99,2024-07-22,19511.0,actual
99,2024-07-29,13647.0,actual
99,2024-08-05,13077.0,actual
99,2024-08-12,11304.0,actual
99,2024-08-19,10246.0,actual
99,2024-08-26,12933.0,actual
99,2024-09-02,12076.0,actual
99,2024-09-09,14441.0,actual
99,2024-09-16,13540.0,actual
99,2024-09-23,13790.0,actual
99,2024-09-30,14212.0,actual
99,2024-10-07,10688.0,actual
101,2022-01-03,12535.0,actual
101,2022-01-10,10136.0,actual
101,2022-01-17,9205.0,actual
101,2022-01-24,9322.0,actual
101,2022-01-31,15334.0,actual
101,2022-02-07,12540.0,actual
101,2022-02-14,10834.0,actual
101,2022-02-21,7128.0,actual
101,2022-02-28,11353.0,actual
101,2022-03-07,10504.0,actual
101,2022-03-14,9490.0,actual
101,2022-03-21,7992.0,actual
101,2022-03-28,10634.0,actual
101,2022-04-04,9567.0,actual
101,2022-04-11,7396.0,actual
101,2022-04-18,6592.0,actual
101,2022-04-25,10520.0,actual
101,2022-05-02,13422.0,actual
101,2022-05-09,10041.0,actual
101,2022-05-16,7948.0,actual
101,2022-05-23,9101.0,actual
101,2022-05-30,12745.0,actual
101,2022-06-06,9701.0,actual
101,2022-06-13,7751.0,actual
101,2022-06-20,9816.0,actual
101,2022-06-27,13891.0,actual
101,2022-07-04,11231.0,actual
101,2022-07-11,8120.0,actual
101,2022-07-18,7659.0,actual
101,2022-07-25,12956.0,actual
101,2022-08-01,12370.0,actual
101,2022-08-08,10774.0,actual
101,2022-08-15,9207.0,actual
101,2022-08-22,8629.0,actual
101,2022-08-29,9308.0,actual
101,2022-09-05,7920.0,actual
101,2022-09-12,11421.0,actual
101,2022-09-19,10831.0,actual
101,2022-09-26,11338.0,actual
101,2022-10-03,12120.0,actual
101,2022-10-10,9134.0,actual
101,2022-10-17,8971.0,actual
101,2022-10-24,8312.0,actual
101,2022-10-31,12448.0,actual
101,2022-11-07,12159.0,actual
101,2022-11-14,10227.0,actual
101,2022-11-21,10271.0,actual
101,2022-11-28,18871.0,actual
101,2022-12-05,13192.0,actual
101,2022-12-12,10842.0,actual
101,2022-12-19,9133.0,actual
101,2022-12-26,16954.0,actual
101,2023-01-02,19234.0,actual
101,2023-01-09,10367.0,actual
101,2023-01-16,10732.0,actual
101,2023-01-23,8582.0,actual
101,2023-01-30,13293.0,actual
101,2023-02-06,9781.0,actual
101,2023-02-13,8703.0,actual
101,2023-02-20,11797.0,actual
101,2023-02-27,14100.0,actual
101,2023-03-06,3605.0,actual
101,2023-03-13,9819.0,actual
101,2023-03-20,9039.0,actual
101,2023-03-27,12272.0,actual
101,2023-04-03,9246.0,actual
101,2023-04-10,9101.0,actual
101,2023-04-17,11070.0,actual
101,2023-04-24,13206.0,actual
101,2023-05-01,13906.0,actual
101,2023-05-08,11363.0,actual
101,2023-05-15,8309.0,actual
101,2023-05-22,7327.0,actual
101,2023-05-29,10627.0,actual
101,2023-06-05,11133.0,actual
101,2023-06-12,11418.0,actual
101,2023-06-19,9612.0,actual
101,2023-06-26,12288.0,actual
101,2023-07-03,13154.0,actual
101,2023-07-10,7313.0,actual
101,2023-07-17,8610.0,actual
101,2023-07-24,8164.0,actual
101,2023-07-31,11568.0,actual
101,2023-08-07,9058.0,actual
101,2023-08-14,9871.0,actual
101,2023-08-21,9288.0,actual
101,2023-08-28,11904.0,actual
101,2023-09-04,9226.0,actual
101,2023-09-11,8767.0,actual
101,2023-09-18,8619.0,actual
101,2023-09-25,10970.0,actual
101,2023-10-02,15048.0,actual
101,2023-10-09,11309.0,actual
101,2023-10-16,10018.0,actual
101,2023-10-23,9653.0,actual
101,2023-10-30,11143.0,actual
101,2023-11-06,5915.0,actual
101,2023-11-13,9467.0,actual
101,2023-11-20,8991.0,actual
101,2023-11-27,14959.0,actual
101,2023-12-04,11764.0,actual
101,2023-12-11,10191.0,actual
101,2023-12-18,8674.0,actual
101,2023-12-25,9329.0,actual
101,2024-01-01,13268.0,actual
101,2024-01-08,10151.0,actual
101,2024-01-15,7917.0,actual
101,2024-01-22,9254.0,actual
101,2024-01-29,16528.0,actual
101,2024-02-05,11773.0,actual
101,2024-02-12,10165.0,actual
101,2024-02-19,8620.0,actual
101,2024-02-26,14179.0,actual
101,2024-03-04,10885.0,actual
101,2024-03-11,9493.0,actual
101,2024-03-18,10155.0,actual
101,2024-03-25,11330.0,actual
101,2024-04-01,10943.0,actual
101,2024-04-08,9505.0,actual
101,2024-04-15,8047.0,actual
101,2024-04-22,12691.0,actual
101,2024-04-29,13949.0,actual
101,2024-05-06,8581.0,actual
101,2024-05-13,8652.0,actual
101,2024-05-20,8033.0,actual
101,2024-05-27,12077.0,actual
101,2024-06-03,10240.0,actual
101,2024-06-10,9484.0,actual
101,2024-06-17,9539.0,actual
101,2024-06-24,10779.0,actual
101,2024-07-01,13136.0,actual
101,2024-07-08,12774.0,actual
101,2024-07-15,8585.0,actual
101,2024-07-22,9334.0,actual
101,2024-07-29,13107.0,actual
101,2024-08-05,9114.0,actual
101,2024-08-12,7801.0,actual
101,2024-08-19,6305.0,actual
101,2024-08-26,10070.0,actual
101,2024-09-02,9988.0,actual
101,2024-09-09,9591.0,actual
101,2024-09-16,9160.0,actual
101,2024-09-23,9120.0,actual
101,2024-09-30,11108.0,actual
101,2024-10-07,7541.0,actual
102,2022-01-03,5428.0,actual
102,2022-01-10,5926.0,actual
102,2022-01-17,4516.0,actual
102,2022-01-24,4382.0,actual
102,2022-01-31,12092.0,actual
102,2022-02-07,7755.0,actual
102,2022-02-14,7494.0,actual
102,2022-02-21,5502.0,actual
102,2022-02-28,5195.0,actual
102,2022-03-07,5646.0,actual
102,2022-03-14,5277.0,actual
102,2022-03-21,4619.0,actual
102,2022-03-28,4084.0,actual
102,2022-04-04,3463.0,actual
102,2022-04-11,4452.0,actual
102,2022-04-18,4637.0,actual
102,2022-04-25,5893.0,actual
102,2022-05-02,7349.0,actual
102,2022-05-09,5060.0,actual
102,2022-05-16,4143.0,actual
102,2022-05-23,4699.0,actual
102,2022-05-30,5797.0,actual
102,2022-06-06,5341.0,actual
102,2022-06-13,3981.0,actual
102,2022-06-20,4889.0,actual
102,2022-06-27,6245.0,actual
102,2022-07-04,5420.0,actual
102,2022-07-11,4794.0,actual
102,2022-07-18,4464.0,actual
102,2022-07-25,5174.0,actual
102,2022-08-01,5760.0,actual
102,2022-08-08,13106.0,actual
102,2022-08-15,4542.0,actual
102,2022-08-22,4609.0,actual
102,2022-08-29,4269.0,actual
102,2022-09-05,5869.0,actual
102,2022-09-12,6703.0,actual
102,2022-09-19,8198.0,actual
102,2022-09-26,5151.0,actual
102,2022-10-03,5886.0,actual
102,2022-10-10,5783.0,actual
102,2022-10-17,6490.0,actual
102,2022-10-24,5712.0,actual
102,2022-10-31,5771.0,actual
102,2022-11-07,8248.0,actual
102,2022-11-14,7578.0,actual
102,2022-11-21,6029.0,actual
102,2022-11-28,14195.0,actual
102,2022-12-05,8436.0,actual
102,2022-12-12,7923.0,actual
102,2022-12-19,7581.0,actual
102,2022-12-26,10214.0,actual
102,2023-01-02,7907.0,actual
102,2023-01-09,6818.0,actual
102,2023-01-16,7471.0,actual
102,2023-01-23,7522.0,actual
102,2023-01-30,6505.0,actual
102,2023-02-06,5746.0,actual
102,2023-02-13,5379.0,actual
102,2023-02-20,15846.0,actual
102,2023-02-27,5703.0,actual
102,2023-03-06,3243.0,actual
102,2023-03-13,5597.0,actual
102,2023-03-20,5149.0,actual
102,2023-03-27,6776.0,actual
102,2023-04-03,4596.0,actual
102,2023-04-10,5091.0,actual
102,2023-04-17,8855.0,actual
102,2023-04-24,10606.0,actual
102,2023-05-01,9131.0,actual
102,2023-05-08,9493.0,actual
102,2023-05-15,5058.0,actual
102,2023-05-22,5004.0,actual
102,2023-05-29,5936.0,actual
102,2023-06-05,8454.0,actual
102,2023-06-12,7618.0,actual
102,2023-06-19,6899.0,actual
102,2023-06-26,6775.0,actual
102,2023-07-03,7524.0,actual
102,2023-07-10,4703.0,actual
102,2023-07-17,4814.0,actual
102,2023-07-24,7420.0,actual
102,2023-07-31,5812.0,actual
102,2023-08-07,5124.0,actual
102,2023-08-14,5852.0,actual
102,2023-08-21,5621.0,actual
102,2023-08-28,5561.0,actual
102,2023-09-04,5325.0,actual
102,2023-09-11,5567.0,actual
102,2023-09-18,6187.0,actual
102,2023-09-25,5952.0,actual
102,2023-10-02,7353.0,actual
102,2023-10-09,7753.0,actual
102,2023-10-16,6089.0,actual
102,2023-10-23,6974.0,actual
102,2023-10-30,5514.0,actual
102,2023-11-06,5151.0,actual
102,2023-11-13,7586.0,actual
102,2023-11-20,5874.0,actual
102,2023-11-27,8450.0,actual
102,2023-12-04,6331.0,actual
102,2023-12-11,6241.0,actual
102,2023-12-18,5391.0,actual
102,2023-12-25,6569.0,actual
102,2024-01-01,7024.0,actual
102,2024-01-08,7247.0,actual
102,2024-01-15,6877.0,actual
102,2024-01-22,8716.0,actual
102,2024-01-29,8676.0,actual
102,2024-02-05,6365.0,actual
102,2024-02-12,7239.0,actual
102,2024-02-19,7600.0,actual
102,2024-02-26,7115.0,actual
102,2024-03-04,6256.0,actual
102,2024-03-11,6528.0,actual
102,2024-03-18,7421.0,actual
102,2024-03-25,7598.0,actual
102,2024-04-01,6129.0,actual
102,2024-04-08,6182.0,actual
102,2024-04-15,6260.0,actual
102,2024-04-22,8726.0,actual
102,2024-04-29,7396.0,actual
102,2024-05-06,7834.0,actual
102,2024-05-13,6908.0,actual
102,2024-05-20,6221.0,actual
102,2024-05-27,6554.0,actual
102,2024-06-03,5521.0,actual
102,2024-06-10,7138.0,actual
102,2024-06-17,7290.0,actual
102,2024-06-24,8007.0,actual
102,2024-07-01,6212.0,actual
102,2024-07-08,7067.0,actual
102,2024-07-15,5714.0,actual
102,2024-07-22,10565.0,actual
102,2024-07-29,5209.0,actual
102,2024-08-05,6062.0,actual
102,2024-08-12,4789.0,actual
102,2024-08-19,3747.0,actual
102,2024-08-26,5976.0,actual
102,2024-09-02,5019.0,actual
102,2024-09-09,5858.0,actual
102,2024-09-16,5322.0,actual
102,2024-09-23,5639.0,actual
102,2024-09-30,6257.0,actual
102,2024-10-07,4632.0,actual
104,2022-01-03,14589.0,actual
104,2022-01-10,15747.0,actual
104,2022-01-17,13652.0,actual
104,2022-01-24,15996.0,actual
104,2022-01-31,25985.0,actual
104,2022-02-07,19381.0,actual
104,2022-02-14,18432.0,actual
104,2022-02-21,11722.0,actual
104,2022-02-28,14336.0,actual
104,2022-03-07,16103.0,actual
104,2022-03-14,14401.0,actual
104,2022-03-21,13347.0,actual
104,2022-03-28,12662.0,actual
104,2022-04-04,13940.0,actual
104,2022-04-11,13197.0,actual
104,2022-04-18,13272.0,actual
104,2022-04-25,15926.0,actual
104,2022-05-02,19877.0,actual
104,2022-05-09,16805.0,actual
104,2022-05-16,12943.0,actual
104,2022-05-23,13077.0,actual
104,2022-05-30,16100.0,actual
104,2022-06-06,14930.0,actual
104,2022-06-13,15062.0,actual
104,2022-06-20,15249.0,actual
104,2022-06-27,16516.0,actual
104,2022-07-04,15733.0,actual
104,2022-07-11,12474.0,actual
104,2022-07-18,12231.0,actual
104,2022-07-25,26641.0,actual
104,2022-08-01,16004.0,actual
104,2022-08-08,17329.0,actual
104,2022-08-15,13010.0,actual
104,2022-08-22,12177.0,actual
104,2022-08-29,11238.0,actual
104,2022-09-05,13327.0,actual
104,2022-09-12,14888.0,actual
104,2022-09-19,17016.0,actual
104,2022-09-26,14075.0,actual
104,2022-10-03,17266.0,actual
104,2022-10-10,14029.0,actual
104,2022-10-17,13236.0,actual
104,2022-10-24,11667.0,actual
104,2022-10-31,14559.0,actual
104,2022-11-07,17222.0,actual
104,2022-11-14,16418.0,actual
104,2022-11-21,16396.0,actual
104,2022-11-28,28423.0,actual
104,2022-12-05,17227.0,actual
104,2022-12-12,16078.0,actual
104,2022-12-19,14092.0,actual
104,2022-12-26,19081.0,actual
104,2023-01-02,25269.0,actual
104,2023-01-09,13973.0,actual
104,2023-01-16,15799.0,actual
104,2023-01-23,14677.0,actual
104,2023-01-30,16189.0,actual
104,2023-02-06,16609.0,actual
104,2023-02-13,13526.0,actual
104,2023-02-20,20208.0,actual
104,2023-02-27,15679.0,actual
104,2023-03-06,6750.0,actual
104,2023-03-13,14723.0,actual
104,2023-03-20,15300.0,actual
104,2023-03-27,16954.0,actual
104,2023-04-03,14591.0,actual
104,2023-04-10,16853.0,actual
104,2023-04-17,26212.0,actual
104,2023-04-24,25560.0,actual
104,2023-05-01,24133.0,actual
104,2023-05-08,24300.0,actual
104,2023-05-15,16787.0,actual
104,2023-05-22,15330.0,actual
104,2023-05-29,18211.0,actual
104,2023-06-05,22852.0,actual
104,2023-06-12,22267.0,actual
104,2023-06-19,18767.0,actual
104,2023-06-26,21246.0,actual
104,2023-07-03,24897.0,actual
104,2023-07-10,16385.0,actual
104,2023-07-17,14943.0,actual
104,2023-07-24,17643.0,actual
104,2023-07-31,26942.0,actual
104,2023-08-07,18089.0,actual
104,2023-08-14,20184.0,actual
104,2023-08-21,19351.0,actual
104,2023-08-28,19145.0,actual
104,2023-09-04,17670.0,actual
104,2023-09-11,16418.0,actual
104,2023-09-18,17635.0,actual
104,2023-09-25,19435.0,actual
104,2023-10-02,22047.0,actual
104,2023-10-09,19574.0,actual
104,2023-10-16,20553.0,actual
104,2023-10-23,19507.0,actual
104,2023-10-30,18490.0,actual
104,2023-11-06,13925.0,actual
104,2023-11-13,17103.0,actual
104,2023-11-20,13944.0,actual
104,2023-11-27,22362.0,actual
104,2023-12-04,19682.0,actual
104,2023-12-11,17059.0,actual
104,2023-12-18,15782.0,actual
104,2023-12-25,13393.0,actual
104,2024-01-01,15612.0,actual
104,2024-01-08,16352.0,actual
104,2024-01-15,13659.0,actual
104,2024-01-22,16351.0,actual
104,2024-01-29,20363.0,actual
104,2024-02-05,18194.0,actual
104,2024-02-12,16650.0,actual
104,2024-02-19,15237.0,actual
104,2024-02-26,17387.0,actual
104,2024-03-04,15974.0,actual
104,2024-03-11,14215.0,actual
104,2024-03-18,15233.0,actual
104,2024-03-25,15672.0,actual
104,2024-04-01,15745.0,actual
104,2024-04-08,15920.0,actual
104,2024-04-15,16120.0,actual
104,2024-04-22,18579.0,actual
104,2024-04-29,19854.0,actual
104,2024-05-06,18158.0,actual
104,2024-05-13,16271.0,actual
104,2024-05-20,14080.0,actual
104,2024-05-27,15182.0,actual
104,2024-06-03,15644.0,actual
104,2024-06-10,18512.0,actual
104,2024-06-17,15597.0,actual
104,2024-06-24,17887.0,actual
104,2024-07-01,18439.0,actual
104,2024-07-08,20187.0,actual
104,2024-07-15,17825.0,actual
104,2024-07-22,18117.0,actual
104,2024-07-29,14191.0,actual
104,2024-08-05,14807.0,actual
104,2024-08-12,13308.0,actual
104,2024-08-19,12827.0,actual
104,2024-08-26,13919.0,actual
104,2024-09-02,16491.0,actual
104,2024-09-09,14184.0,actual
104,2024-09-16,12827.0,actual
104,2024-09-23,14302.0,actual
104,2024-09-30,15351.0,actual
104,2024-10-07,12312.0,actual
106,2022-01-03,8420.0,actual
106,2022-01-10,9301.0,actual
106,2022-01-17,7824.0,actual
106,2022-01-24,7732.0,actual
106,2022-01-31,12414.0,actual
106,2022-02-07,11574.0,actual
106,2022-02-14,10706.0,actual
106,2022-02-21,9800.0,actual
106,2022-02-28,8669.0,actual
106,2022-03-07,8740.0,actual
106,2022-03-14,8509.0,actual
106,2022-03-21,8224.0,actual
106,2022-03-28,8004.0,actual
106,2022-04-04,7034.0,actual
106,2022-04-11,8497.0,actual
106,2022-04-18,7050.0,actual
106,2022-04-25,9213.0,actual
106,2022-05-02,10936.0,actual
106,2022-05-09,8154.0,actual
106,2022-05-16,8332.0,actual
106,2022-05-23,8305.0,actual
106,2022-05-30,8303.0,actual
106,2022-06-06,8917.0,actual
106,2022-06-13,7420.0,actual
106,2022-06-20,9199.0,actual
106,2022-06-27,9708.0,actual
106,2022-07-04,8934.0,actual
106,2022-07-11,7585.0,actual
106,2022-07-18,8025.0,actual
106,2022-07-25,8445.0,actual
106,2022-08-01,8693.0,actual
106,2022-08-08,13089.0,actual
106,2022-08-15,8874.0,actual
106,2022-08-22,7932.0,actual
106,2022-08-29,7449.0,actual
106,2022-09-05,9563.0,actual
106,2022-09-12,12507.0,actual
106,2022-09-19,12129.0,actual
106,2022-09-26,8141.0,actual
106,2022-10-03,9317.0,actual
106,2022-10-10,9618.0,actual
106,2022-10-17,9588.0,actual
106,2022-10-24,8591.0,actual
106,2022-10-31,8679.0,actual
106,2022-11-07,11338.0,actual
106,2022-11-14,9790.0,actual
106,2022-11-21,7905.0,actual
106,2022-11-28,13774.0,actual
106,2022-12-05,10795.0,actual
106,2022-12-12,10612.0,actual
106,2022-12-19,9513.0,actual
106,2022-12-26,13782.0,actual
106,2023-01-02,11260.0,actual
106,2023-01-09,10770.0,actual
106,2023-01-16,10481.0,actual
106,2023-01-23,10482.0,actual
106,2023-01-30,10512.0,actual
106,2023-02-06,10023.0,actual
106,2023-02-13,10096.0,actual
106,2023-02-20,13674.0,actual
106,2023-02-27,10713.0,actual
106,2023-03-06,6364.0,actual
106,2023-03-13,10463.0,actual
106,2023-03-20,10149.0,actual
106,2023-03-27,10560.0,actual
106,2023-04-03,7731.0,actual
106,2023-04-10,9260.0,actual
106,2023-04-17,11145.0,actual
106,2023-04-24,12313.0,actual
106,2023-05-01,10929.0,actual
106,2023-05-08,10822.0,actual
106,2023-05-15,8629.0,actual
106,2023-05-22,8587.0,actual
106,2023-05-29,8755.0,actual
106,2023-06-05,12605.0,actual
106,2023-06-12,9423.0,actual
106,2023-06-19,10117.0,actual
106,2023-06-26,9820.0,actual
106,2023-07-03,10752.0,actual
106,2023-07-10,7563.0,actual
106,2023-07-17,7878.0,actual
106,2023-07-24,11846.0,actual
106,2023-07-31,8131.0,actual
106,2023-08-07,9336.0,actual
106,2023-08-14,10896.0,actual
106,2023-08-21,9465.0,actual
106,2023-08-28,8939.0,actual
106,2023-09-04,7997.0,actual
106,2023-09-11,9135.0,actual
106,2023-09-18,9388.0,actual
106,2023-09-25,9121.0,actual
106,2023-10-02,9389.0,actual
106,2023-10-09,10705.0,actual
106,2023-10-16,7681.0,actual
106,2023-10-23,9669.0,actual
106,2023-10-30,7639.0,actual
106,2023-11-06,7110.0,actual
106,2023-11-13,9697.0,actual
106,2023-11-20,6788.0,actual
106,2023-11-27,10549.0,actual
106,2023-12-04,9728.0,actual
106,2023-12-11,8956.0,actual
106,2023-12-18,6660.0,actual
106,2023-12-25,9650.0,actual
106,2024-01-01,8673.0,actual
106,2024-01-08,8766.0,actual
106,2024-01-15,8829.0,actual
106,2024-01-22,9988.0,actual
106,2024-01-29,10347.0,actual
106,2024-02-05,9708.0,actual
106,2024-02-12,10384.0,actual
106,2024-02-19,9360.0,actual
106,2024-02-26,8816.0,actual
106,2024-03-04,8445.0,actual
106,2024-03-11,8972.0,actual
106,2024-03-18,9758.0,actual
106,2024-03-25,8544.0,actual
106,2024-04-01,8191.0,actual
106,2024-04-08,8109.0,actual
106,2024-04-15,8528.0,actual
106,2024-04-22,10921.0,actual
106,2024-04-29,9798.0,actual
106,2024-05-06,10591.0,actual
106,2024-05-13,10104.0,actual
106,2024-05-20,7857.0,actual
106,2024-05-27,8297.0,actual
106,2024-06-03,8019.0,actual
106,2024-06-10,9232.0,actual
106,2024-06-17,8396.0,actual
106,2024-06-24,9499.0,actual
106,2024-07-01,8844.0,actual
106,2024-07-08,9943.0,actual
106,2024-07-15,9327.0,actual
106,2024-07-22,11888.0,actual
106,2024-07-29,8480.0,actual
106,2024-08-05,8386.0,actual
106,2024-08-12,9844.0,actual
106,2024-08-19,7854.0,actual
106,2024-08-26,6672.0,actual
106,2024-09-02,6488.0,actual
106,2024-09-09,7674.0,actual
106,2024-09-16,7670.0,actual
106,2024-09-23,7649.0,actual
106,2024-09-30,7281.0,actual
106,2024-10-07,7039.0,actual
108,2022-01-03,15196.0,actual
108,2022-01-10,13268.0,actual
108,2022-01-17,12444.0,actual
108,2022-01-24,15378.0,actual
108,2022-01-31,24598.0,actual
108,2022-02-07,18556.0,actual
108,2022-02-14,17379.0,actual
108,2022-02-21,11862.0,actual
108,2022-02-28,13118.0,actual
108,2022-03-07,14548.0,actual
108,2022-03-14,14112.0,actual
108,2022-03-21,14637.0,actual
108,2022-03-28,13311.0,actual
108,2022-04-04,12457.0,actual
108,2022-04-11,13027.0,actual
108,2022-04-18,11822.0,actual
108,2022-04-25,15360.0,actual
108,2022-05-02,15771.0,actual
108,2022-05-09,16217.0,actual
108,2022-05-16,12290.0,actual
108,2022-05-23,13048.0,actual
108,2022-05-30,13497.0,actual
108,2022-06-06,13128.0,actual
108,2022-06-13,13339.0,actual
108,2022-06-20,13692.0,actual
108,2022-06-27,13394.0,actual
108,2022-07-04,13257.0,actual
108,2022-07-11,13329.0,actual
108,2022-07-18,13304.0,actual
108,2022-07-25,18388.0,actual
108,2022-08-01,14400.0,actual
108,2022-08-08,14638.0,actual
108,2022-08-15,12736.0,actual
108,2022-08-22,13189.0,actual
108,2022-08-29,10442.0,actual
108,2022-09-05,12838.0,actual
108,2022-09-12,14862.0,actual
108,2022-09-19,17603.0,actual
108,2022-09-26,14815.0,actual
108,2022-10-03,16440.0,actual
108,2022-10-10,16233.0,actual
108,2022-10-17,13574.0,actual
108,2022-10-24,12899.0,actual
108,2022-10-31,14500.0,actual
108,2022-11-07,18827.0,actual
108,2022-11-14,17024.0,actual
108,2022-11-21,16294.0,actual
108,2022-11-28,23205.0,actual
108,2022-12-05,17638.0,actual
108,2022-12-12,16320.0,actual
108,2022-12-19,12954.0,actual
108,2022-12-26,17064.0,actual
108,2023-01-02,21202.0,actual
108,2023-01-09,15750.0,actual
108,2023-01-16,18099.0,actual
108,2023-01-23,15972.0,actual
108,2023-01-30,18767.0,actual
108,2023-02-06,15767.0,actual
108,2023-02-13,16082.0,actual
108,2023-02-20,20396.0,actual
108,2023-02-27,15260.0,actual
108,2023-03-06,6662.0,actual
108,2023-03-13,17788.0,actual
108,2023-03-20,15978.0,actual
108,2023-03-27,13363.0,actual
108,2023-04-03,13199.0,actual
108,2023-04-10,15339.0,actual
108,2023-04-17,18968.0,actual
108,2023-04-24,17842.0,actual
108,2023-05-01,15604.0,actual
108,2023-05-08,16990.0,actual
108,2023-05-15,13343.0,actual
108,2023-05-22,13107.0,actual
108,2023-05-29,14084.0,actual
108,2023-06-05,15637.0,actual
108,2023-06-12,15499.0,actual
108,2023-06-19,14514.0,actual
108,2023-06-26,15545.0,actual
108,2023-07-03,17606.0,actual
108,2023-07-10,12856.0,actual
108,2023-07-17,12799.0,actual
108,2023-07-24,15543.0,actual
108,2023-07-31,17819.0,actual
108,2023-08-07,13550.0,actual
108,2023-08-14,16942.0,actual
108,2023-08-21,15701.0,actual
108,2023-08-28,14404.0,actual
108,2023-09-04,13830.0,actual
108,2023-09-11,14381.0,actual
108,2023-09-18,17040.0,actual
108,2023-09-25,14801.0,actual
108,2023-10-02,14265.0,actual
108,2023-10-09,15872.0,actual
108,2023-10-16,15736.0,actual
108,2023-10-23,18444.0,actual
108,2023-10-30,13737.0,actual
108,2023-11-06,10692.0,actual
108,2023-11-13,18473.0,actual
108,2023-11-20,15373.0,actual
108,2023-11-27,20285.0,actual
108,2023-12-04,20068.0,actual
108,2023-12-11,17392.0,actual
108,2023-12-18,13874.0,actual
108,2023-12-25,13918.0,actual
108,2024-01-01,16986.0,actual
108,2024-01-08,16248.0,actual
108,2024-01-15,16672.0,actual
108,2024-01-22,17825.0,actual
108,2024-01-29,18865.0,actual
108,2024-02-05,17484.0,actual
108,2024-02-12,16279.0,actual
108,2024-02-19,16016.0,actual
108,2024-02-26,17783.0,actual
108,2024-03-04,16210.0,actual
108,2024-03-11,15726.0,actual
108,2024-03-18,15979.0,actual
108,2024-03-25,13781.0,actual
108,2024-04-01,13505.0,actual
108,2024-04-08,16419.0,actual
108,2024-04-15,15053.0,actual
108,2024-04-22,19580.0,actual
108,2024-04-29,18146.0,actual
108,2024-05-06,17430.0,actual
108,2024-05-13,17739.0,actual
108,2024-05-20,14836.0,actual
108,2024-05-27,16237.0,actual
108,2024-06-03,14467.0,actual
108,2024-06-10,17704.0,actual
108,2024-06-17,18029.0,actual
108,2024-06-24,17843.0,actual
108,2024-07-01,19451.0,actual
108,2024-07-08,20158.0,actual
108,2024-07-15,18076.0,actual
108,2024-07-22,18882.0,actual
108,2024-07-29,13291.0,actual
108,2024-08-05,15064.0,actual
108,2024-08-12,15876.0,actual
108,2024-08-19,15386.0,actual
108,2024-08-26,14989.0,actual
108,2024-09-02,16192.0,actual
108,2024-09-09,16942.0,actual
108,2024-09-16,14578.0,actual
108,2024-09-23,15234.0,actual
108,2024-09-30,15013.0,actual
108,2024-10-07,13688.0,actual
109,2022-01-03,11905.0,actual
109,2022-01-10,11053.0,actual
109,2022-01-17,9925.0,actual
109,2022-01-24,12527.0,actual
109,2022-01-31,17988.0,actual
109,2022-02-07,13531.0,actual
109,2022-02-14,12460.0,actual
109,2022-02-21,8728.0,actual
109,2022-02-28,10524.0,actual
109,2022-03-07,11217.0,actual
109,2022-03-14,11409.0,actual
109,2022-03-21,10175.0,actual
109,2022-03-28,9891.0,actual
109,2022-04-04,9058.0,actual
109,2022-04-11,10134.0,actual
109,2022-04-18,8714.0,actual
109,2022-04-25,11821.0,actual
109,2022-05-02,11908.0,actual
109,2022-05-09,12075.0,actual
109,2022-05-16,9932.0,actual
109,2022-05-23,9134.0,actual
109,2022-05-30,11246.0,actual
109,2022-06-06,10545.0,actual
109,2022-06-13,8092.0,actual
109,2022-06-20,9971.0,actual
109,2022-06-27,11611.0,actual
109,2022-07-04,9864.0,actual
109,2022-07-11,8778.0,actual
109,2022-07-18,8220.0,actual
109,2022-07-25,15816.0,actual
109,2022-08-01,10077.0,actual
109,2022-08-08,11497.0,actual
109,2022-08-15,9790.0,actual
109,2022-08-22,8739.0,actual
109,2022-08-29,8704.0,actual
109,2022-09-05,9910.0,actual
109,2022-09-12,13771.0,actual
109,2022-09-19,13608.0,actual
109,2022-09-26,11245.0,actual
109,2022-10-03,10656.0,actual
109,2022-10-10,10817.0,actual
109,2022-10-17,9418.0,actual
109,2022-10-24,9051.0,actual
109,2022-10-31,10037.0,actual
109,2022-11-07,14491.0,actual
109,2022-11-14,12174.0,actual
109,2022-11-21,11369.0,actual
109,2022-11-28,17876.0,actual
109,2022-12-05,14081.0,actual
109,2022-12-12,12928.0,actual
109,2022-12-19,10272.0,actual
109,2022-12-26,17236.0,actual
109,2023-01-02,17934.0,actual
109,2023-01-09,10583.0,actual
109,2023-01-16,11415.0,actual
109,2023-01-23,11428.0,actual
109,2023-01-30,13456.0,actual
109,2023-02-06,13292.0,actual
109,2023-02-13,10038.0,actual
109,2023-02-20,13966.0,actual
109,2023-02-27,12402.0,actual
109,2023-03-06,4131.0,actual
109,2023-03-13,10299.0,actual
109,2023-03-20,12269.0,actual
109,2023-03-27,12075.0,actual
109,2023-04-03,9722.0,actual
109,2023-04-10,10193.0,actual
109,2023-04-17,13051.0,actual
109,2023-04-24,13469.0,actual
109,2023-05-01,10659.0,actual
109,2023-05-08,11865.0,actual
109,2023-05-15,9512.0,actual
109,2023-05-22,8267.0,actual
109,2023-05-29,10293.0,actual
109,2023-06-05,12275.0,actual
109,2023-06-12,12664.0,actual
109,2023-06-19,10049.0,actual
109,2023-06-26,10622.0,actual
109,2023-07-03,12215.0,actual
109,2023-07-10,8812.0,actual
109,2023-07-17,8951.0,actual
109,2023-07-24,10168.0,actual
109,2023-07-31,13606.0,actual
109,2023-08-07,10067.0,actual
109,2023-08-14,11522.0,actual
109,2023-08-21,10992.0,actual
109,2023-08-28,10480.0,actual
109,2023-09-04,10194.0,actual
109,2023-09-11,10386.0,actual
109,2023-09-18,12130.0,actual
109,2023-09-25,11400.0,actual
109,2023-10-02,12053.0,actual
109,2023-10-09,13098.0,actual
109,2023-10-16,13139.0,actual
109,2023-10-23,13391.0,actual
109,2023-10-30,10430.0,actual
109,2023-11-06,7774.0,actual
109,2023-11-13,13732.0,actual
109,2023-11-20,11235.0,actual
109,2023-11-27,17617.0,actual
109,2023-12-04,14690.0,actual
109,2023-12-11,13770.0,actual
109,2023-12-18,10999.0,actual
109,2023-12-25,9953.0,actual
109,2024-01-01,14006.0,actual
109,2024-01-08,12281.0,actual
109,2024-01-15,12038.0,actual
109,2024-01-22,12921.0,actual
109,2024-01-29,15579.0,actual
109,2024-02-05,13151.0,actual
109,2024-02-12,12568.0,actual
109,2024-02-19,12254.0,actual
109,2024-02-26,13076.0,actual
109,2024-03-04,12078.0,actual
109,2024-03-11,12163.0,actual
109,2024-03-18,12230.0,actual
109,2024-03-25,10867.0,actual
109,2024-04-01,10903.0,actual
109,2024-04-08,11493.0,actual
109,2024-04-15,11132.0,actual
109,2024-04-22,13138.0,actual
109,2024-04-29,13747.0,actual
109,2024-05-06,13242.0,actual
109,2024-05-13,12411.0,actual
109,2024-05-20,11082.0,actual
109,2024-05-27,13010.0,actual
109,2024-06-03,11744.0,actual
109,2024-06-10,12457.0,actual
109,2024-06-17,11873.0,actual
109,2024-06-24,12823.0,actual
109,2024-07-01,11754.0,actual
109,2024-07-08,11963.0,actual
109,2024-07-15,10848.0,actual
109,2024-07-22,11587.0,actual
109,2024-07-29,9509.0,actual
109,2024-08-05,9224.0,actual
109,2024-08-12,8222.0,actual
109,2024-08-19,8614.0,actual
109,2024-08-26,9154.0,actual
109,2024-09-02,9754.0,actual
109,2024-09-09,11092.0,actual
109,2024-09-16,10456.0,actual
109,2024-09-23,10241.0,actual
109,2024-09-30,9916.0,actual
109,2024-10-07,8235.0,actual
110,2022-01-03,9032.0,actual
110,2022-01-10,10591.0,actual
110,2022-01-17,9016.0,actual
110,2022-01-24,7551.0,actual
110,2022-01-31,14191.0,actual
110,2022-02-07,10457.0,actual
110,2022-02-14,10540.0,actual
110,2022-02-21,8722.0,actual
110,2022-02-28,8444.0,actual
110,2022-03-07,12472.0,actual
110,2022-03-14,11256.0,actual
110,2022-03-21,8318.0,actual
110,2022-03-28,7102.0,actual
110,2022-04-04,7019.0,actual
110,2022-04-11,7271.0,actual
110,2022-04-18,6584.0,actual
110,2022-04-25,9692.0,actual
110,2022-05-02,12206.0,actual
110,2022-05-09,8185.0,actual
110,2022-05-16,7715.0,actual
110,2022-05-23,7698.0,actual
110,2022-05-30,10243.0,actual
110,2022-06-06,9325.0,actual
110,2022-06-13,8349.0,actual
110,2022-06-20,8424.0,actual
110,2022-06-27,8964.0,actual
110,2022-07-04,8505.0,actual
110,2022-07-11,8912.0,actual
110,2022-07-18,7346.0,actual
110,2022-07-25,8205.0,actual
110,2022-08-01,8477.0,actual
110,2022-08-08,14791.0,actual
110,2022-08-15,8709.0,actual
110,2022-08-22,8010.0,actual
110,2022-08-29,8090.0,actual
110,2022-09-05,8633.0,actual
110,2022-09-12,12541.0,actual
110,2022-09-19,13164.0,actual
110,2022-09-26,8688.0,actual
110,2022-10-03,8727.0,actual
110,2022-10-10,9483.0,actual
110,2022-10-17,10591.0,actual
110,2022-10-24,9554.0,actual
110,2022-10-31,8719.0,actual
110,2022-11-07,13151.0,actual
110,2022-11-14,11045.0,actual
110,2022-11-21,9830.0,actual
110,2022-11-28,19929.0,actual
110,2022-12-05,15304.0,actual
110,2022-12-12,14199.0,actual
110,2022-12-19,13277.0,actual
110,2022-12-26,14967.0,actual
110,2023-01-02,10280.0,actual
110,2023-01-09,8896.0,actual
110,2023-01-16,11103.0,actual
110,2023-01-23,12494.0,actual
110,2023-01-30,11052.0,actual
110,2023-02-06,9808.0,actual
110,2023-02-13,10121.0,actual
110,2023-02-20,22897.0,actual
110,2023-02-27,13037.0,actual
110,2023-03-06,7273.0,actual
110,2023-03-13,11721.0,actual
110,2023-03-20,10158.0,actual
110,2023-03-27,10646.0,actual
110,2023-04-03,8263.0,actual
110,2023-04-10,8837.0,actual
110,2023-04-17,13127.0,actual
110,2023-04-24,15433.0,actual
110,2023-05-01,13665.0,actual
110,2023-05-08,14069.0,actual
110,2023-05-15,9682.0,actual
110,2023-05-22,9161.0,actual
110,2023-05-29,11105.0,actual
110,2023-06-05,14032.0,actual
110,2023-06-12,13080.0,actual
110,2023-06-19,11298.0,actual
110,2023-06-26,10686.0,actual
110,2023-07-03,12098.0,actual
110,2023-07-10,9310.0,actual
110,2023-07-17,7994.0,actual
110,2023-07-24,12657.0,actual
110,2023-07-31,9408.0,actual
110,2023-08-07,10044.0,actual
110,2023-08-14,11338.0,actual
110,2023-08-21,9609.0,actual
110,2023-08-28,9513.0,actual
110,2023-09-04,8762.0,actual
110,2023-09-11,9780.0,actual
110,2023-09-18,15516.0,actual
110,2023-09-25,8186.0,actual
110,2023-10-02,8978.0,actual
110,2023-10-09,9408.0,actual
110,2023-10-16,8726.0,actual
110,2023-10-23,10254.0,actual
110,2023-10-30,7685.0,actual
110,2023-11-06,7533.0,actual
110,2023-11-13,11534.0,actual
110,2023-11-20,8466.0,actual
110,2023-11-27,12461.0,actual
110,2023-12-04,11463.0,actual
110,2023-12-11,10388.0,actual
110,2023-12-18,9170.0,actual
110,2023-12-25,9957.0,actual
110,2024-01-01,9001.0,actual
110,2024-01-08,8998.0,actual
110,2024-01-15,8251.0,actual
110,2024-01-22,12830.0,actual
110,2024-01-29,14326.0,actual
110,2024-02-05,9552.0,actual
110,2024-02-12,10538.0,actual
110,2024-02-19,10244.0,actual
110,2024-02-26,9406.0,actual
110,2024-03-04,7696.0,actual
110,2024-03-11,7489.0,actual
110,2024-03-18,8700.0,actual
110,2024-03-25,8338.0,actual
110,2024-04-01,7323.0,actual
110,2024-04-08,7230.0,actual
110,2024-04-15,8132.0,actual
110,2024-04-22,10578.0,actual
110,2024-04-29,9383.0,actual
110,2024-05-06,8341.0,actual
110,2024-05-13,8759.0,actual
110,2024-05-20,7702.0,actual
110,2024-05-27,7337.0,actual
110,2024-06-03,7620.0,actual
110,2024-06-10,9365.0,actual
110,2024-06-17,9450.0,actual
110,2024-06-24,9704.0,actual
110,2024-07-01,8346.0,actual
110,2024-07-08,9695.0,actual
110,2024-07-15,8087.0,actual
110,2024-07-22,12723.0,actual
110,2024-07-29,7907.0,actual
110,2024-08-05,8404.0,actual
110,2024-08-12,8111.0,actual
110,2024-08-19,7846.0,actual
110,2024-08-26,8018.0,actual
110,2024-09-02,8282.0,actual
110,2024-09-09,8928.0,actual
110,2024-09-16,8299.0,actual
110,2024-09-23,8875.0,actual
110,2024-09-30,9016.0,actual
110,2024-10-07,7840.0,actual
113,2022-01-03,7657.0,actual
113,2022-01-10,10086.0,actual
113,2022-01-17,9488.0,actual
113,2022-01-24,6784.0,actual
113,2022-01-31,17537.0,actual
113,2022-02-07,13079.0,actual
113,2022-02-14,12522.0,actual
113,2022-02-21,8505.0,actual
113,2022-02-28,6107.0,actual
113,2022-03-07,8562.0,actual
113,2022-03-14,8054.0,actual
113,2022-03-21,6360.0,actual
113,2022-03-28,6441.0,actual
113,2022-04-04,5114.0,actual
113,2022-04-11,6511.0,actual
113,2022-04-18,6182.0,actual
113,2022-04-25,8063.0,actual
113,2022-05-02,10994.0,actual
113,2022-05-09,7677.0,actual
113,2022-05-16,6715.0,actual
113,2022-05-23,8963.0,actual
113,2022-05-30,12191.0,actual
113,2022-06-06,10981.0,actual
113,2022-06-13,7123.0,actual
113,2022-06-20,8962.0,actual
113,2022-06-27,8343.0,actual
113,2022-07-04,8181.0,actual
113,2022-07-11,6540.0,actual
113,2022-07-18,6795.0,actual
113,2022-07-25,7753.0,actual
113,2022-08-01,8352.0,actual
113,2022-08-08,15537.0,actual
113,2022-08-15,7372.0,actual
113,2022-08-22,7355.0,actual
113,2022-08-29,8017.0,actual
113,2022-09-05,7863.0,actual
113,2022-09-12,9006.0,actual
113,2022-09-19,11237.0,actual
113,2022-09-26,8216.0,actual
113,2022-10-03,8032.0,actual
113,2022-10-10,8134.0,actual
113,2022-10-17,8553.0,actual
113,2022-10-24,6856.0,actual
113,2022-10-31,7556.0,actual
113,2022-11-07,11575.0,actual
113,2022-11-14,9821.0,actual
113,2022-11-21,8084.0,actual
113,2022-11-28,21195.0,actual
113,2022-12-05,8873.0,actual
113,2022-12-12,6993.0,actual
113,2022-12-19,8659.0,actual
113,2022-12-26,10247.0,actual
113,2023-01-02,9709.0,actual
113,2023-01-09,7557.0,actual
113,2023-01-16,9031.0,actual
113,2023-01-23,9003.0,actual
113,2023-01-30,7427.0,actual
113,2023-02-06,7947.0,actual
113,2023-02-13,8641.0,actual
113,2023-02-20,16003.0,actual
113,2023-02-27,9542.0,actual
113,2023-03-06,5446.0,actual
113,2023-03-13,8231.0,actual
113,2023-03-20,7610.0,actual
113,2023-03-27,9680.0,actual
113,2023-04-03,7176.0,actual
113,2023-04-10,7004.0,actual
113,2023-04-17,12646.0,actual
113,2023-04-24,15578.0,actual
113,2023-05-01,15485.0,actual
113,2023-05-08,17153.0,actual
113,2023-05-15,7267.0,actual
113,2023-05-22,6785.0,actual
113,2023-05-29,8208.0,actual
113,2023-06-05,11223.0,actual
113,2023-06-12,11865.0,actual
113,2023-06-19,9549.0,actual
113,2023-06-26,10050.0,actual
113,2023-07-03,15785.0,actual
113,2023-07-10,7021.0,actual
113,2023-07-17,6373.0,actual
113,2023-07-24,9402.0,actual
113,2023-07-31,8112.0,actual
113,2023-08-07,9266.0,actual
113,2023-08-14,10643.0,actual
113,2023-08-21,8939.0,actual
113,2023-08-28,8451.0,actual
113,2023-09-04,6758.0,actual
113,2023-09-11,8127.0,actual
113,2023-09-18,8353.0,actual
113,2023-09-25,9259.0,actual
113,2023-10-02,10581.0,actual
113,2023-10-09,10911.0,actual
113,2023-10-16,7294.0,actual
113,2023-10-23,8412.0,actual
113,2023-10-30,7516.0,actual
113,2023-11-06,6963.0,actual
113,2023-11-13,10112.0,actual
113,2023-11-20,7632.0,actual
113,2023-11-27,11536.0,actual
113,2023-12-04,9502.0,actual
113,2023-12-11,7991.0,actual
113,2023-12-18,6217.0,actual
113,2023-12-25,8841.0,actual
113,2024-01-01,9590.0,actual
113,2024-01-08,9739.0,actual
113,2024-01-15,7387.0,actual
113,2024-01-22,11522.0,actual
113,2024-01-29,14142.0,actual
113,2024-02-05,8161.0,actual
113,2024-02-12,9651.0,actual
113,2024-02-19,10716.0,actual
113,2024-02-26,9774.0,actual
113,2024-03-04,10140.0,actual
113,2024-03-11,8319.0,actual
113,2024-03-18,9276.0,actual
113,2024-03-25,11708.0,actual
113,2024-04-01,10701.0,actual
113,2024-04-08,8535.0,actual
113,2024-04-15,5746.0,actual
113,2024-04-22,11042.0,actual
113,2024-04-29,10237.0,actual
113,2024-05-06,9755.0,actual
113,2024-05-13,9325.0,actual
113,2024-05-20,6946.0,actual
113,2024-05-27,9035.0,actual
113,2024-06-03,7764.0,actual
113,2024-06-10,8346.0,actual
113,2024-06-17,9002.0,actual
113,2024-06-24,10045.0,actual
113,2024-07-01,9015.0,actual
113,2024-07-08,11329.0,actual
113,2024-07-15,10825.0,actual
113,2024-07-22,12296.0,actual
113,2024-07-29,9235.0,actual
113,2024-08-05,8205.0,actual
113,2024-08-12,6945.0,actual
113,2024-08-19,4963.0,actual
113,2024-08-26,7368.0,actual
113,2024-09-02,8188.0,actual
113,2024-09-09,7707.0,actual
113,2024-09-16,6362.0,actual
113,2024-09-23,8208.0,actual
113,2024-09-30,8265.0,actual
113,2024-10-07,7908.0,actual
124,2022-01-03,8898.0,actual
124,2022-01-10,8058.0,actual
124,2022-01-17,6509.0,actual
124,2022-01-24,8741.0,actual
124,2022-01-31,16094.0,actual
124,2022-02-07,14054.0,actual
124,2022-02-14,10054.0,actual
124,2022-02-21,5631.0,actual
124,2022-02-28,9160.0,actual
124,2022-03-07,9717.0,actual
124,2022-03-14,7810.0,actual
124,2022-03-21,6809.0,actual
124,2022-03-28,8469.0,actual
124,2022-04-04,8941.0,actual
124,2022-04-11,7387.0,actual
124,2022-04-18,6591.0,actual
124,2022-04-25,8851.0,actual
124,2022-05-02,15284.0,actual
124,2022-05-09,9302.0,actual
124,2022-05-16,6870.0,actual
124,2022-05-23,6764.0,actual
124,2022-05-30,12770.0,actual
124,2022-06-06,11161.0,actual
124,2022-06-13,6233.0,actual
124,2022-06-20,7331.0,actual
124,2022-06-27,10008.0,actual
124,2022-07-04,10927.0,actual
124,2022-07-11,6549.0,actual
124,2022-07-18,5749.0,actual
124,2022-07-25,12090.0,actual
124,2022-08-01,11463.0,actual
124,2022-08-08,11168.0,actual
124,2022-08-15,7923.0,actual
124,2022-08-22,6823.0,actual
124,2022-08-29,8188.0,actual
124,2022-09-05,10046.0,actual
124,2022-09-12,8630.0,actual
124,2022-09-19,8962.0,actual
124,2022-09-26,9786.0,actual
124,2022-10-03,10798.0,actual
124,2022-10-10,8368.0,actual
124,2022-10-17,7435.0,actual
124,2022-10-24,6458.0,actual
124,2022-10-31,10338.0,actual
124,2022-11-07,12123.0,actual
124,2022-11-14,8716.0,actual
124,2022-11-21,9611.0,actual
124,2022-11-28,18091.0,actual
124,2022-12-05,16228.0,actual
124,2022-12-12,10354.0,actual
124,2022-12-19,7612.0,actual
124,2022-12-26,16715.0,actual
124,2023-01-02,21679.0,actual
124,2023-01-09,10126.0,actual
124,2023-01-16,9606.0,actual
124,2023-01-23,7559.0,actual
124,2023-01-30,13251.0,actual
124,2023-02-06,11077.0,actual
124,2023-02-13,8563.0,actual
124,2023-02-20,11822.0,actual
124,2023-02-27,12569.0,actual
124,2023-03-06,2978.0,actual
124,2023-03-13,7391.0,actual
124,2023-03-20,8545.0,actual
124,2023-03-27,11741.0,actual
124,2023-04-03,10591.0,actual
124,2023-04-10,8827.0,actual
124,2023-04-17,14119.0,actual
124,2023-04-24,15599.0,actual
124,2023-05-01,19865.0,actual
124,2023-05-08,15939.0,actual
124,2023-05-15,7806.0,actual
124,2023-05-22,7094.0,actual
124,2023-05-29,10453.0,actual
124,2023-06-05,14841.0,actual
124,2023-06-12,14458.0,actual
124,2023-06-19,10581.0,actual
124,2023-06-26,12782.0,actual
124,2023-07-03,19450.0,actual
124,2023-07-10,8083.0,actual
124,2023-07-17,7665.0,actual
124,2023-07-24,9231.0,actual
124,2023-07-31,14793.0,actual
124,2023-08-07,10111.0,actual
124,2023-08-14,8328.0,actual
124,2023-08-21,8265.0,actual
124,2023-08-28,11900.0,actual
124,2023-09-04,11494.0,actual
124,2023-09-11,7807.0,actual
124,2023-09-18,8558.0,actual
124,2023-09-25,10419.0,actual
124,2023-10-02,15540.0,actual
124,2023-10-09,11691.0,actual
124,2023-10-16,8682.0,actual
124,2023-10-23,8111.0,actual
124,2023-10-30,11216.0,actual
124,2023-11-06,6970.0,actual
124,2023-11-13,8984.0,actual
124,2023-11-20,7295.0,actual
124,2023-11-27,14857.0,actual
124,2023-12-04,15833.0,actual
124,2023-12-11,11910.0,actual
124,2023-12-18,9354.0,actual
124,2023-12-25,8746.0,actual
124,2024-01-01,16077.0,actual
124,2024-01-08,9990.0,actual
124,2024-01-15,8045.0,actual
124,2024-01-22,9327.0,actual
124,2024-01-29,15743.0,actual
124,2024-02-05,14764.0,actual
124,2024-02-12,10462.0,actual
124,2024-02-19,10255.0,actual
124,2024-02-26,13456.0,actual
124,2024-03-04,13622.0,actual
124,2024-03-11,9770.0,actual
124,2024-03-18,9732.0,actual
124,2024-03-25,13201.0,actual
124,2024-04-01,14564.0,actual
124,2024-04-08,8911.0,actual
124,2024-04-15,8931.0,actual
124,2024-04-22,13680.0,actual
124,2024-04-29,17600.0,actual
124,2024-05-06,12387.0,actual
124,2024-05-13,10372.0,actual
124,2024-05-20,9478.0,actual
124,2024-05-27,11486.0,actual
124,2024-06-03,12094.0,actual
124,2024-06-10,9167.0,actual
124,2024-06-17,8928.0,actual
124,2024-06-24,11344.0,actual
124,2024-07-01,16105.0,actual
124,2024-07-08,13824.0,actual
124,2024-07-15,9927.0,actual
124,2024-07-22,8754.0,actual
124,2024-07-29,12207.0,actual
124,2024-08-05,10320.0,actual
124,2024-08-12,8011.0,actual
124,2024-08-19,6603.0,actual
124,2024-08-26,9866.0,actual
124,2024-09-02,11769.0,actual
124,2024-09-09,8499.0,actual
124,2024-09-16,8326.0,actual
124,2024-09-23,8002.0,actual
124,2024-09-30,12214.0,actual
124,2024-10-07,7408.0,actual
126,2022-01-03,10600.0,actual
126,2022-01-10,11080.0,actual
126,2022-01-17,9584.0,actual
126,2022-01-24,12971.0,actual
126,2022-01-31,16563.0,actual
126,2022-02-07,12813.0,actual
126,2022-02-14,13981.0,actual
126,2022-02-21,8378.0,actual
126,2022-02-28,11635.0,actual
126,2022-03-07,13094.0,actual
126,2022-03-14,11986.0,actual
126,2022-03-21,11298.0,actual
126,2022-03-28,9669.0,actual
126,2022-04-04,12078.0,actual
126,2022-04-11,10889.0,actual
126,2022-04-18,9181.0,actual
126,2022-04-25,13689.0,actual
126,2022-05-02,14234.0,actual
126,2022-05-09,14638.0,actual
126,2022-05-16,11623.0,actual
126,2022-05-23,11351.0,actual
126,2022-05-30,13065.0,actual
126,2022-06-06,11256.0,actual
126,2022-06-13,10041.0,actual
126,2022-06-20,11630.0,actual
126,2022-06-27,11992.0,actual
126,2022-07-04,10677.0,actual
126,2022-07-11,9720.0,actual
126,2022-07-18,10232.0,actual
126,2022-07-25,25344.0,actual
126,2022-08-01,11851.0,actual
126,2022-08-08,14504.0,actual
126,2022-08-15,11457.0,actual
126,2022-08-22,10444.0,actual
126,2022-08-29,10283.0,actual
126,2022-09-05,11088.0,actual
126,2022-09-12,14272.0,actual
126,2022-09-19,15080.0,actual
126,2022-09-26,11082.0,actual
126,2022-10-03,12201.0,actual
126,2022-10-10,12263.0,actual
126,2022-10-17,11514.0,actual
126,2022-10-24,11129.0,actual
126,2022-10-31,10578.0,actual
126,2022-11-07,15417.0,actual
126,2022-11-14,12986.0,actual
126,2022-11-21,13398.0,actual
126,2022-11-28,20368.0,actual
126,2022-12-05,15889.0,actual
126,2022-12-12,14507.0,actual
126,2022-12-19,11223.0,actual
126,2022-12-26,15484.0,actual
126,2023-01-02,19269.0,actual
126,2023-01-09,11577.0,actual
126,2023-01-16,14500.0,actual
126,2023-01-23,11912.0,actual
126,2023-01-30,14228.0,actual
126,2023-02-06,14400.0,actual
126,2023-02-13,11192.0,actual
126,2023-02-20,18185.0,actual
126,2023-02-27,12815.0,actual
126,2023-03-06,5707.0,actual
126,2023-03-13,12480.0,actual
126,2023-03-20,13108.0,actual
126,2023-03-27,13984.0,actual
126,2023-04-03,10273.0,actual
126,2023-04-10,11765.0,actual
126,2023-04-17,17273.0,actual
126,2023-04-24,16573.0,actual
126,2023-05-01,16212.0,actual
126,2023-05-08,17720.0,actual
126,2023-05-15,11144.0,actual
126,2023-05-22,11484.0,actual
126,2023-05-29,11564.0,actual
126,2023-06-05,15723.0,actual
126,2023-06-12,15721.0,actual
126,2023-06-19,13756.0,actual
126,2023-06-26,14147.0,actual
126,2023-07-03,14468.0,actual
126,2023-07-10,11896.0,actual
126,2023-07-17,10625.0,actual
126,2023-07-24,12815.0,actual
126,2023-07-31,12895.0,actual
126,2023-08-07,12513.0,actual
126,2023-08-14,13792.0,actual
126,2023-08-21,13313.0,actual
126,2023-08-28,12324.0,actual
126,2023-09-04,12770.0,actual
126,2023-09-11,11254.0,actual
126,2023-09-18,12918.0,actual
126,2023-09-25,13092.0,actual
126,2023-10-02,14410.0,actual
126,2023-10-09,14516.0,actual
126,2023-10-16,13781.0,actual
126,2023-10-23,14205.0,actual
126,2023-10-30,11160.0,actual
126,2023-11-06,9540.0,actual
126,2023-11-13,12249.0,actual
126,2023-11-20,12273.0,actual
126,2023-11-27,16937.0,actual
126,2023-12-04,16166.0,actual
126,2023-12-11,14738.0,actual
126,2023-12-18,12375.0,actual
126,2023-12-25,11136.0,actual
126,2024-01-01,13796.0,actual
126,2024-01-08,13569.0,actual
126,2024-01-15,12308.0,actual
126,2024-01-22,13281.0,actual
126,2024-01-29,14266.0,actual
126,2024-02-05,13535.0,actual
126,2024-02-12,12951.0,actual
126,2024-02-19,12421.0,actual
126,2024-02-26,12508.0,actual
126,2024-03-04,11993.0,actual
126,2024-03-11,12282.0,actual
126,2024-03-18,13205.0,actual
126,2024-03-25,11668.0,actual
126,2024-04-01,11606.0,actual
126,2024-04-08,12755.0,actual
126,2024-04-15,11056.0,actual
126,2024-04-22,14058.0,actual
126,2024-04-29,14134.0,actual
126,2024-05-06,14079.0,actual
126,2024-05-13,12110.0,actual
126,2024-05-20,11921.0,actual
126,2024-05-27,12416.0,actual
126,2024-06-03,11365.0,actual
126,2024-06-10,13854.0,actual
126,2024-06-17,12956.0,actual
126,2024-06-24,14306.0,actual
126,2024-07-01,13477.0,actual
126,2024-07-08,14179.0,actual
126,2024-07-15,13044.0,actual
126,2024-07-22,15933.0,actual
126,2024-07-29,11339.0,actual
126,2024-08-05,11561.0,actual
126,2024-08-12,11365.0,actual
126,2024-08-19,9932.0,actual
126,2024-08-26,10466.0,actual
126,2024-09-02,12815.0,actual
126,2024-09-09,12666.0,actual
126,2024-09-16,11463.0,actual
126,2024-09-23,10684.0,actual
126,2024-09-30,11202.0,actual
126,2024-10-07,11304.0,actual
129,2022-01-03,7648.0,actual
129,2022-01-10,9432.0,actual
129,2022-01-17,6923.0,actual
129,2022-01-24,6540.0,actual
129,2022-01-31,12904.0,actual
129,2022-02-07,9668.0,actual
129,2022-02-14,10662.0,actual
129,2022-02-21,8741.0,actual
129,2022-02-28,7256.0,actual
129,2022-03-07,9129.0,actual
129,2022-03-14,8551.0,actual
129,2022-03-21,7284.0,actual
129,2022-03-28,6406.0,actual
129,2022-04-04,5938.0,actual
129,2022-04-11,6844.0,actual
129,2022-04-18,5857.0,actual
129,2022-04-25,9249.0,actual
129,2022-05-02,12101.0,actual
129,2022-05-09,7321.0,actual
129,2022-05-16,6416.0,actual
129,2022-05-23,6990.0,actual
129,2022-05-30,8525.0,actual
129,2022-06-06,8703.0,actual
129,2022-06-13,5755.0,actual
129,2022-06-20,7761.0,actual
129,2022-06-27,6612.0,actual
129,2022-07-04,6618.0,actual
129,2022-07-11,6398.0,actual
129,2022-07-18,6130.0,actual
129,2022-07-25,6622.0,actual
129,2022-08-01,7063.0,actual
129,2022-08-08,14522.0,actual
129,2022-08-15,7961.0,actual
129,2022-08-22,7263.0,actual
129,2022-08-29,6039.0,actual
129,2022-09-05,7304.0,actual
129,2022-09-12,8138.0,actual
129,2022-09-19,10056.0,actual
129,2022-09-26,6930.0,actual
129,2022-10-03,7203.0,actual
129,2022-10-10,8767.0,actual
129,2022-10-17,9530.0,actual
129,2022-10-24,7354.0,actual
129,2022-10-31,6920.0,actual
129,2022-11-07,9498.0,actual
129,2022-11-14,8811.0,actual
129,2022-11-21,8582.0,actual
129,2022-11-28,15339.0,actual
129,2022-12-05,7364.0,actual
129,2022-12-12,7932.0,actual
129,2022-12-19,8014.0,actual
129,2022-12-26,11153.0,actual
129,2023-01-02,8162.0,actual
129,2023-01-09,7767.0,actual
129,2023-01-16,7521.0,actual
129,2023-01-23,8742.0,actual
129,2023-01-30,6720.0,actual
129,2023-02-06,7693.0,actual
129,2023-02-13,6598.0,actual
129,2023-02-20,11651.0,actual
129,2023-02-27,6967.0,actual
129,2023-03-06,3538.0,actual
129,2023-03-13,7713.0,actual
129,2023-03-20,6937.0,actual
129,2023-03-27,7277.0,actual
129,2023-04-03,6221.0,actual
129,2023-04-10,6551.0,actual
129,2023-04-17,8671.0,actual
129,2023-04-24,8785.0,actual
129,2023-05-01,8431.0,actual
129,2023-05-08,9609.0,actual
129,2023-05-15,6440.0,actual
129,2023-05-22,6079.0,actual
129,2023-05-29,6278.0,actual
129,2023-06-05,8832.0,actual
129,2023-06-12,7593.0,actual
129,2023-06-19,7735.0,actual
129,2023-06-26,7240.0,actual
129,2023-07-03,9074.0,actual
129,2023-07-10,6260.0,actual
129,2023-07-17,6086.0,actual
129,2023-07-24,8986.0,actual
129,2023-07-31,6613.0,actual
129,2023-08-07,6457.0,actual
129,2023-08-14,7839.0,actual
129,2023-08-21,7289.0,actual
129,2023-08-28,6979.0,actual
129,2023-09-04,5563.0,actual
129,2023-09-11,7486.0,actual
129,2023-09-18,7104.0,actual
129,2023-09-25,6683.0,actual
129,2023-10-02,7848.0,actual
129,2023-10-09,8228.0,actual
129,2023-10-16,7905.0,actual
129,2023-10-23,8597.0,actual
129,2023-10-30,6234.0,actual
129,2023-11-06,6073.0,actual
129,2023-11-13,8691.0,actual
129,2023-11-20,6614.0,actual
129,2023-11-27,8883.0,actual
129,2023-12-04,8270.0,actual
129,2023-12-11,7504.0,actual
129,2023-12-18,5622.0,actual
129,2023-12-25,8337.0,actual
129,2024-01-01,7772.0,actual
129,2024-01-08,7547.0,actual
129,2024-01-15,7842.0,actual
129,2024-01-22,10029.0,actual
129,2024-01-29,10519.0,actual
129,2024-02-05,7118.0,actual
129,2024-02-12,8944.0,actual
129,2024-02-19,8525.0,actual
129,2024-02-26,7229.0,actual
129,2024-03-04,7584.0,actual
129,2024-03-11,7358.0,actual
129,2024-03-18,8262.0,actual
129,2024-03-25,7306.0,actual
129,2024-04-01,6535.0,actual
129,2024-04-08,7780.0,actual
129,2024-04-15,6881.0,actual
129,2024-04-22,8998.0,actual
129,2024-04-29,8511.0,actual
129,2024-05-06,9392.0,actual
129,2024-05-13,7584.0,actual
129,2024-05-20,6535.0,actual
129,2024-05-27,6458.0,actual
129,2024-06-03,5741.0,actual
129,2024-06-10,8641.0,actual
129,2024-06-17,7871.0,actual
129,2024-06-24,7827.0,actual
129,2024-07-01,6020.0,actual
129,2024-07-08,7070.0,actual
129,2024-07-15,6454.0,actual
129,2024-07-22,9809.0,actual
129,2024-07-29,5598.0,actual
129,2024-08-05,6384.0,actual
129,2024-08-12,6257.0,actual
129,2024-08-19,4698.0,actual
129,2024-08-26,6464.0,actual
129,2024-09-02,6136.0,actual
129,2024-09-09,6471.0,actual
129,2024-09-16,5595.0,actual
129,2024-09-23,6364.0,actual
129,2024-09-30,5919.0,actual
129,2024-10-07,5690.0,actual
132,2022-01-03,14856.0,actual
132,2022-01-10,14078.0,actual
132,2022-01-17,12640.0,actual
132,2022-01-24,15730.0,actual
132,2022-01-31,22079.0,actual
132,2022-02-07,19828.0,actual
132,2022-02-14,19306.0,actual
132,2022-02-21,10502.0,actual
132,2022-02-28,12491.0,actual
132,2022-03-07,13493.0,actual
132,2022-03-14,15779.0,actual
132,2022-03-21,13029.0,actual
132,2022-03-28,11739.0,actual
132,2022-04-04,12130.0,actual
132,2022-04-11,12465.0,actual
132,2022-04-18,11940.0,actual
132,2022-04-25,14667.0,actual
132,2022-05-02,15802.0,actual
132,2022-05-09,15605.0,actual
132,2022-05-16,12560.0,actual
132,2022-05-23,13949.0,actual
132,2022-05-30,15063.0,actual
132,2022-06-06,12689.0,actual
132,2022-06-13,11748.0,actual
132,2022-06-20,14265.0,actual
132,2022-06-27,14394.0,actual
132,2022-07-04,12869.0,actual
132,2022-07-11,11523.0,actual
132,2022-07-18,11074.0,actual
132,2022-07-25,17285.0,actual
132,2022-08-01,12254.0,actual
132,2022-08-08,14080.0,actual
132,2022-08-15,12246.0,actual
132,2022-08-22,11938.0,actual
132,2022-08-29,9107.0,actual
132,2022-09-05,11235.0,actual
132,2022-09-12,13561.0,actual
132,2022-09-19,15486.0,actual
132,2022-09-26,12525.0,actual
132,2022-10-03,13947.0,actual
132,2022-10-10,12269.0,actual
132,2022-10-17,12876.0,actual
132,2022-10-24,11275.0,actual
132,2022-10-31,12158.0,actual
132,2022-11-07,15526.0,actual
132,2022-11-14,13988.0,actual
132,2022-11-21,13583.0,actual
132,2022-11-28,21196.0,actual
132,2022-12-05,15799.0,actual
132,2022-12-12,15618.0,actual
132,2022-12-19,12140.0,actual
132,2022-12-26,18065.0,actual
132,2023-01-02,21737.0,actual
132,2023-01-09,13548.0,actual
132,2023-01-16,16017.0,actual
132,2023-01-23,12960.0,actual
132,2023-01-30,14331.0,actual
132,2023-02-06,14180.0,actual
132,2023-02-13,12588.0,actual
132,2023-02-20,18108.0,actual
132,2023-02-27,13104.0,actual
132,2023-03-06,5301.0,actual
132,2023-03-13,12312.0,actual
132,2023-03-20,12805.0,actual
132,2023-03-27,13201.0,actual
132,2023-04-03,12117.0,actual
132,2023-04-10,12314.0,actual
132,2023-04-17,17940.0,actual
132,2023-04-24,14708.0,actual
132,2023-05-01,14658.0,actual
132,2023-05-08,16234.0,actual
132,2023-05-15,10861.0,actual
132,2023-05-22,11091.0,actual
132,2023-05-29,13236.0,actual
132,2023-06-05,14761.0,actual
132,2023-06-12,14966.0,actual
132,2023-06-19,14211.0,actual
132,2023-06-26,13990.0,actual
132,2023-07-03,16105.0,actual
132,2023-07-10,11896.0,actual
132,2023-07-17,11744.0,actual
132,2023-07-24,12811.0,actual
132,2023-07-31,15731.0,actual
132,2023-08-07,12339.0,actual
132,2023-08-14,15552.0,actual
132,2023-08-21,15096.0,actual
132,2023-08-28,12828.0,actual
132,2023-09-04,12622.0,actual
132,2023-09-11,12363.0,actual
132,2023-09-18,14889.0,actual
132,2023-09-25,13417.0,actual
132,2023-10-02,14605.0,actual
132,2023-10-09,15458.0,actual
132,2023-10-16,14700.0,actual
132,2023-10-23,15631.0,actual
132,2023-10-30,13099.0,actual
132,2023-11-06,9304.0,actual
132,2023-11-13,13871.0,actual
132,2023-11-20,13428.0,actual
132,2023-11-27,19638.0,actual
132,2023-12-04,17565.0,actual
132,2023-12-11,14218.0,actual
132,2023-12-18,12555.0,actual
132,2023-12-25,13070.0,actual
132,2024-01-01,15495.0,actual
132,2024-01-08,14094.0,actual
132,2024-01-15,15251.0,actual
132,2024-01-22,15488.0,actual
132,2024-01-29,18515.0,actual
132,2024-02-05,16257.0,actual
132,2024-02-12,17160.0,actual
132,2024-02-19,15255.0,actual
132,2024-02-26,14719.0,actual
132,2024-03-04,13584.0,actual
132,2024-03-11,13823.0,actual
132,2024-03-18,15036.0,actual
132,2024-03-25,12675.0,actual
132,2024-04-01,14314.0,actual
132,2024-04-08,14517.0,actual
132,2024-04-15,13065.0,actual
132,2024-04-22,15595.0,actual
132,2024-04-29,14355.0,actual
132,2024-05-06,14262.0,actual
132,2024-05-13,13605.0,actual
132,2024-05-20,13326.0,actual
132,2024-05-27,14623.0,actual
132,2024-06-03,13141.0,actual
132,2024-06-10,15780.0,actual
132,2024-06-17,14706.0,actual
132,2024-06-24,16075.0,actual
132,2024-07-01,16199.0,actual
132,2024-07-08,16100.0,actual
132,2024-07-15,14493.0,actual
132,2024-07-22,16471.0,actual
132,2024-07-29,12820.0,actual
132,2024-08-05,13727.0,actual
132,2024-08-12,13121.0,actual
132,2024-08-19,12400.0,actual
132,2024-08-26,12416.0,actual
132,2024-09-02,14519.0,actual
132,2024-09-09,14331.0,actual
132,2024-09-16,13296.0,actual
132,2024-09-23,13939.0,actual
132,2024-09-30,13755.0,actual
132,2024-10-07,12226.0,actual
137,2022-01-03,21570.0,actual
137,2022-01-10,20620.0,actual
137,2022-01-17,18749.0,actual
137,2022-01-24,20039.0,actual
137,2022-01-31,32504.0,actual
137,2022-02-07,25653.0,actual
137,2022-02-14,24841.0,actual
137,2022-02-21,16945.0,actual
137,2022-02-28,19784.0,actual
137,2022-03-07,20706.0,actual
137,2022-03-14,20532.0,actual
137,2022-03-21,19566.0,actual
137,2022-03-28,18007.0,actual
137,2022-04-04,19428.0,actual
137,2022-04-11,17293.0,actual
137,2022-04-18,16075.0,actual
137,2022-04-25,21578.0,actual
137,2022-05-02,22548.0,actual
137,2022-05-09,21463.0,actual
137,2022-05-16,19048.0,actual
137,2022-05-23,18266.0,actual
137,2022-05-30,21755.0,actual
137,2022-06-06,17807.0,actual
137,2022-06-13,17403.0,actual
137,2022-06-20,21064.0,actual
137,2022-06-27,23457.0,actual
137,2022-07-04,19362.0,actual
137,2022-07-11,19497.0,actual
137,2022-07-18,17188.0,actual
137,2022-07-25,24805.0,actual
137,2022-08-01,17920.0,actual
137,2022-08-08,22783.0,actual
137,2022-08-15,17126.0,actual
137,2022-08-22,16338.0,actual
137,2022-08-29,14744.0,actual
137,2022-09-05,16772.0,actual
137,2022-09-12,21002.0,actual
137,2022-09-19,25991.0,actual
137,2022-09-26,19455.0,actual
137,2022-10-03,20927.0,actual
137,2022-10-10,22628.0,actual
137,2022-10-17,21504.0,actual
137,2022-10-24,17547.0,actual
137,2022-10-31,18681.0,actual
137,2022-11-07,28581.0,actual
137,2022-11-14,25572.0,actual
137,2022-11-21,23342.0,actual
137,2022-11-28,31506.0,actual
137,2022-12-05,23896.0,actual
137,2022-12-12,23140.0,actual
137,2022-12-19,18586.0,actual
137,2022-12-26,28231.0,actual
137,2023-01-02,35695.0,actual
137,2023-01-09,22110.0,actual
137,2023-01-16,26165.0,actual
137,2023-01-23,21969.0,actual
137,2023-01-30,20658.0,actual
137,2023-02-06,21420.0,actual
137,2023-02-13,18260.0,actual
137,2023-02-20,27210.0,actual
137,2023-02-27,21459.0,actual
137,2023-03-06,8534.0,actual
137,2023-03-13,19387.0,actual
137,2023-03-20,20177.0,actual
137,2023-03-27,21623.0,actual
137,2023-04-03,17235.0,actual
137,2023-04-10,19525.0,actual
137,2023-04-17,26294.0,actual
137,2023-04-24,25175.0,actual
137,2023-05-01,25285.0,actual
137,2023-05-08,24477.0,actual
137,2023-05-15,19240.0,actual
137,2023-05-22,20155.0,actual
137,2023-05-29,18983.0,actual
137,2023-06-05,25439.0,actual
137,2023-06-12,22068.0,actual
137,2023-06-19,24047.0,actual
137,2023-06-26,22084.0,actual
137,2023-07-03,24398.0,actual
137,2023-07-10,18850.0,actual
137,2023-07-17,18947.0,actual
137,2023-07-24,20326.0,actual
137,2023-07-31,25391.0,actual
137,2023-08-07,19610.0,actual
137,2023-08-14,22224.0,actual
137,2023-08-21,20524.0,actual
137,2023-08-28,20074.0,actual
137,2023-09-04,18863.0,actual
137,2023-09-11,17388.0,actual
137,2023-09-18,24530.0,actual
137,2023-09-25,20237.0,actual
137,2023-10-02,23023.0,actual
137,2023-10-09,24077.0,actual
137,2023-10-16,22046.0,actual
137,2023-10-23,24372.0,actual
137,2023-10-30,18338.0,actual
137,2023-11-06,16190.0,actual
137,2023-11-13,22993.0,actual
137,2023-11-20,20039.0,actual
137,2023-11-27,26873.0,actual
137,2023-12-04,25039.0,actual
137,2023-12-11,24340.0,actual
137,2023-12-18,20867.0,actual
137,2023-12-25,19598.0,actual
137,2024-01-01,20426.0,actual
137,2024-01-08,22992.0,actual
137,2024-01-15,21598.0,actual
137,2024-01-22,20366.0,actual
137,2024-01-29,24577.0,actual
137,2024-02-05,23632.0,actual
137,2024-02-12,24028.0,actual
137,2024-02-19,21961.0,actual
137,2024-02-26,21697.0,actual
137,2024-03-04,20705.0,actual
137,2024-03-11,19618.0,actual
137,2024-03-18,20829.0,actual
137,2024-03-25,20398.0,actual
137,2024-04-01,19812.0,actual
137,2024-04-08,23004.0,actual
137,2024-04-15,20488.0,actual
137,2024-04-22,24703.0,actual
137,2024-04-29,23652.0,actual
137,2024-05-06,22214.0,actual
137,2024-05-13,22130.0,actual
137,2024-05-20,21178.0,actual
137,2024-05-27,19900.0,actual
137,2024-06-03,19869.0,actual
137,2024-06-10,24299.0,actual
137,2024-06-17,22340.0,actual
137,2024-06-24,24180.0,actual
137,2024-07-01,24209.0,actual
137,2024-07-08,28491.0,actual
137,2024-07-15,24002.0,actual
137,2024-07-22,24500.0,actual
137,2024-07-29,19836.0,actual
137,2024-08-05,19900.0,actual
137,2024-08-12,18494.0,actual
137,2024-08-19,18567.0,actual
137,2024-08-26,20237.0,actual
137,2024-09-02,20386.0,actual
137,2024-09-09,19490.0,actual
137,2024-09-16,19572.0,actual
137,2024-09-23,20796.0,actual
137,2024-09-30,21444.0,actual
137,2024-10-07,19302.0,actual
139,2022-01-03,4174.0,actual
139,2022-01-10,4656.0,actual
139,2022-01-17,3895.0,actual
139,2022-01-24,3737.0,actual
139,2022-01-31,6627.0,actual
139,2022-02-07,5836.0,actual
139,2022-02-14,5868.0,actual
139,2022-02-21,4299.0,actual
139,2022-02-28,3624.0,actual
139,2022-03-07,5329.0,actual
139,2022-03-14,3844.0,actual
139,2022-03-21,4068.0,actual
139,2022-03-28,3010.0,actual
139,2022-04-04,2345.0,actual
139,2022-04-11,3144.0,actual
139,2022-04-18,3030.0,actual
139,2022-04-25,3465.0,actual
139,2022-05-02,4883.0,actual
139,2022-05-09,4061.0,actual
139,2022-05-16,3695.0,actual
139,2022-05-23,4088.0,actual
139,2022-05-30,4780.0,actual
139,2022-06-06,4712.0,actual
139,2022-06-13,3247.0,actual
139,2022-06-20,3516.0,actual
139,2022-06-27,4164.0,actual
139,2022-07-04,4323.0,actual
139,2022-07-11,3573.0,actual
139,2022-07-18,3856.0,actual
139,2022-07-25,4079.0,actual
139,2022-08-01,5743.0,actual
139,2022-08-08,7582.0,actual
139,2022-08-15,3886.0,actual
139,2022-08-22,3807.0,actual
139,2022-08-29,3193.0,actual
139,2022-09-05,4355.0,actual
139,2022-09-12,6204.0,actual
139,2022-09-19,5436.0,actual
139,2022-09-26,3978.0,actual
139,2022-10-03,4277.0,actual
139,2022-10-10,4078.0,actual
139,2022-10-17,4663.0,actual
139,2022-10-24,4235.0,actual
139,2022-10-31,4358.0,actual
139,2022-11-07,5162.0,actual
139,2022-11-14,3815.0,actual
139,2022-11-21,4729.0,actual
139,2022-11-28,8293.0,actual
139,2022-12-05,6407.0,actual
139,2022-12-12,5572.0,actual
139,2022-12-19,4859.0,actual
139,2022-12-26,6776.0,actual
139,2023-01-02,5589.0,actual
139,2023-01-09,5430.0,actual
139,2023-01-16,4894.0,actual
139,2023-01-23,5779.0,actual
139,2023-01-30,6022.0,actual
139,2023-02-06,4469.0,actual
139,2023-02-13,4708.0,actual
139,2023-02-20,9108.0,actual
139,2023-02-27,6315.0,actual
139,2023-03-06,3164.0,actual
139,2023-03-13,5554.0,actual
139,2023-03-20,4003.0,actual
139,2023-03-27,5514.0,actual
139,2023-04-03,4641.0,actual
139,2023-04-10,4381.0,actual
139,2023-04-17,6854.0,actual
139,2023-04-24,8350.0,actual
139,2023-05-01,7133.0,actual
139,2023-05-08,8526.0,actual
139,2023-05-15,3613.0,actual
139,2023-05-22,4852.0,actual
139,2023-05-29,5253.0,actual
139,2023-06-05,9647.0,actual
139,2023-06-12,5992.0,actual
139,2023-06-19,5265.0,actual
139,2023-06-26,6095.0,actual
139,2023-07-03,7623.0,actual
139,2023-07-10,3884.0,actual
139,2023-07-17,4072.0,actual
139,2023-07-24,6753.0,actual
139,2023-07-31,5026.0,actual
139,2023-08-07,4748.0,actual
139,2023-08-14,4665.0,actual
139,2023-08-21,5026.0,actual
139,2023-08-28,4852.0,actual
139,2023-09-04,4700.0,actual
139,2023-09-11,4539.0,actual
139,2023-09-18,4973.0,actual
139,2023-09-25,6009.0,actual
139,2023-10-02,5623.0,actual
139,2023-10-09,5263.0,actual
139,2023-10-16,5631.0,actual
139,2023-10-23,4927.0,actual
139,2023-10-30,4434.0,actual
139,2023-11-06,3332.0,actual
139,2023-11-13,5113.0,actual
139,2023-11-20,5008.0,actual
139,2023-11-27,6532.0,actual
139,2023-12-04,5054.0,actual
139,2023-12-11,5661.0,actual
139,2023-12-18,4271.0,actual
139,2023-12-25,5913.0,actual
139,2024-01-01,5757.0,actual
139,2024-01-08,5371.0,actual
139,2024-01-15,4082.0,actual
139,2024-01-22,6255.0,actual
139,2024-01-29,6330.0,actual
139,2024-02-05,4904.0,actual
139,2024-02-12,4634.0,actual
139,2024-02-19,5480.0,actual
139,2024-02-26,5147.0,actual
139,2024-03-04,4975.0,actual
139,2024-03-11,4341.0,actual
139,2024-03-18,8856.0,actual
139,2024-03-25,6765.0,actual
139,2024-04-01,4726.0,actual
139,2024-04-08,4610.0,actual
139,2024-04-15,3925.0,actual
139,2024-04-22,6687.0,actual
139,2024-04-29,5854.0,actual
139,2024-05-06,5703.0,actual
139,2024-05-13,5163.0,actual
139,2024-05-20,4836.0,actual
139,2024-05-27,5909.0,actual
139,2024-06-03,4797.0,actual
139,2024-06-10,5234.0,actual
139,2024-06-17,4683.0,actual
139,2024-06-24,6558.0,actual
139,2024-07-01,6169.0,actual
139,2024-07-08,5616.0,actual
139,2024-07-15,5070.0,actual
139,2024-07-22,9212.0,actual
139,2024-07-29,6410.0,actual
139,2024-08-05,5723.0,actual
139,2024-08-12,3823.0,actual
139,2024-08-19,4463.0,actual
139,2024-08-26,4888.0,actual
139,2024-09-02,5154.0,actual
139,2024-09-09,5696.0,actual
139,2024-09-16,5051.0,actual
139,2024-09-23,5481.0,actual
139,2024-09-30,4402.0,actual
139,2024-10-07,4289.0,actual
143,2022-01-03,5934.0,actual
143,2022-01-10,5703.0,actual
143,2022-01-17,6179.0,actual
143,2022-01-24,5213.0,actual
143,2022-01-31,9286.0,actual
143,2022-02-07,7172.0,actual
143,2022-02-14,8008.0,actual
143,2022-02-21,7167.0,actual
143,2022-02-28,6402.0,actual
143,2022-03-07,7610.0,actual
143,2022-03-14,7470.0,actual
143,2022-03-21,6048.0,actual
143,2022-03-28,5665.0,actual
143,2022-04-04,5131.0,actual
143,2022-04-11,5645.0,actual
143,2022-04-18,5926.0,actual
143,2022-04-25,7024.0,actual
143,2022-05-02,7779.0,actual
143,2022-05-09,6896.0,actual
143,2022-05-16,6927.0,actual
143,2022-05-23,6892.0,actual
143,2022-05-30,7883.0,actual
143,2022-06-06,6580.0,actual
143,2022-06-13,6240.0,actual
143,2022-06-20,6403.0,actual
143,2022-06-27,7106.0,actual
143,2022-07-04,6565.0,actual
143,2022-07-11,5437.0,actual
143,2022-07-18,5671.0,actual
143,2022-07-25,6257.0,actual
143,2022-08-01,7024.0,actual
143,2022-08-08,16174.0,actual
143,2022-08-15,7034.0,actual
143,2022-08-22,6770.0,actual
143,2022-08-29,6552.0,actual
143,2022-09-05,8946.0,actual
143,2022-09-12,8876.0,actual
143,2022-09-19,7767.0,actual
143,2022-09-26,6518.0,actual
143,2022-10-03,6907.0,actual
143,2022-10-10,7398.0,actual
143,2022-10-17,6383.0,actual
143,2022-10-24,5868.0,actual
143,2022-10-31,6208.0,actual
143,2022-11-07,7494.0,actual
143,2022-11-14,7196.0,actual
143,2022-11-21,7879.0,actual
143,2022-11-28,12346.0,actual
143,2022-12-05,9423.0,actual
143,2022-12-12,9140.0,actual
143,2022-12-19,7872.0,actual
143,2022-12-26,10764.0,actual
143,2023-01-02,8784.0,actual
143,2023-01-09,7686.0,actual
143,2023-01-16,8421.0,actual
143,2023-01-23,8579.0,actual
143,2023-01-30,7233.0,actual
143,2023-02-06,6955.0,actual
143,2023-02-13,7192.0,actual
143,2023-02-20,9168.0,actual
143,2023-02-27,7101.0,actual
143,2023-03-06,3791.0,actual
143,2023-03-13,7983.0,actual
143,2023-03-20,7052.0,actual
143,2023-03-27,7589.0,actual
143,2023-04-03,6317.0,actual
143,2023-04-10,6604.0,actual
143,2023-04-17,8798.0,actual
143,2023-04-24,10655.0,actual
143,2023-05-01,10011.0,actual
143,2023-05-08,10139.0,actual
143,2023-05-15,7503.0,actual
143,2023-05-22,7087.0,actual
143,2023-05-29,7170.0,actual
143,2023-06-05,8964.0,actual
143,2023-06-12,8460.0,actual
143,2023-06-19,7104.0,actual
143,2023-06-26,7306.0,actual
143,2023-07-03,8501.0,actual
143,2023-07-10,7491.0,actual
143,2023-07-17,6829.0,actual
143,2023-07-24,8123.0,actual
143,2023-07-31,7156.0,actual
143,2023-08-07,7796.0,actual
143,2023-08-14,8838.0,actual
143,2023-08-21,7938.0,actual
143,2023-08-28,7131.0,actual
143,2023-09-04,6863.0,actual
143,2023-09-11,6739.0,actual
143,2023-09-18,8245.0,actual
143,2023-09-25,6846.0,actual
143,2023-10-02,7231.0,actual
143,2023-10-09,7571.0,actual
143,2023-10-16,7758.0,actual
143,2023-10-23,7521.0,actual
143,2023-10-30,6663.0,actual
143,2023-11-06,6823.0,actual
143,2023-11-13,9190.0,actual
143,2023-11-20,7125.0,actual
143,2023-11-27,9614.0,actual
143,2023-12-04,9887.0,actual
143,2023-12-11,7887.0,actual
143,2023-12-18,5785.0,actual
143,2023-12-25,7962.0,actual
143,2024-01-01,8078.0,actual
143,2024-01-08,7775.0,actual
143,2024-01-15,7685.0,actual
143,2024-01-22,10142.0,actual
143,2024-01-29,12111.0,actual
143,2024-02-05,7763.0,actual
143,2024-02-12,8224.0,actual
143,2024-02-19,7570.0,actual
143,2024-02-26,7186.0,actual
143,2024-03-04,6006.0,actual
143,2024-03-11,7208.0,actual
143,2024-03-18,7140.0,actual
143,2024-03-25,7405.0,actual
143,2024-04-01,5956.0,actual
143,2024-04-08,6223.0,actual
143,2024-04-15,6564.0,actual
143,2024-04-22,8005.0,actual
143,2024-04-29,7304.0,actual
143,2024-05-06,7489.0,actual
143,2024-05-13,8135.0,actual
143,2024-05-20,6436.0,actual
143,2024-05-27,6396.0,actual
143,2024-06-03,6433.0,actual
143,2024-06-10,6291.0,actual
143,2024-06-17,7258.0,actual
143,2024-06-24,6605.0,actual
143,2024-07-01,5665.0,actual
143,2024-07-08,6649.0,actual
143,2024-07-15,6389.0,actual
143,2024-07-22,7705.0,actual
143,2024-07-29,6141.0,actual
143,2024-08-05,6740.0,actual
143,2024-08-12,6320.0,actual
143,2024-08-19,5977.0,actual
143,2024-08-26,6632.0,actual
143,2024-09-02,6423.0,actual
143,2024-09-09,6357.0,actual
143,2024-09-16,6361.0,actual
143,2024-09-23,6249.0,actual
143,2024-09-30,6540.0,actual
143,2024-10-07,4879.0,actual
145,2022-01-03,12069.0,actual
145,2022-01-10,10728.0,actual
145,2022-01-17,7649.0,actual
145,2022-01-24,6810.0,actual
145,2022-01-31,13596.0,actual
145,2022-02-07,10347.0,actual
145,2022-02-14,9892.0,actual
145,2022-02-21,8902.0,actual
145,2022-02-28,8052.0,actual
145,2022-03-07,10734.0,actual
145,2022-03-14,9269.0,actual
145,2022-03-21,7018.0,actual
145,2022-03-28,7205.0,actual
145,2022-04-04,6526.0,actual
145,2022-04-11,6858.0,actual
145,2022-04-18,7131.0,actual
145,2022-04-25,10358.0,actual
145,2022-05-02,11473.0,actual
145,2022-05-09,7555.0,actual
145,2022-05-16,7445.0,actual
145,2022-05-23,8146.0,actual
145,2022-05-30,9158.0,actual
145,2022-06-06,8621.0,actual
145,2022-06-13,7837.0,actual
145,2022-06-20,8979.0,actual
145,2022-06-27,9622.0,actual
145,2022-07-04,7953.0,actual
145,2022-07-11,7401.0,actual
145,2022-07-18,9566.0,actual
145,2022-07-25,7965.0,actual
145,2022-08-01,9460.0,actual
145,2022-08-08,14992.0,actual
145,2022-08-15,10358.0,actual
145,2022-08-22,8862.0,actual
145,2022-08-29,8227.0,actual
145,2022-09-05,10588.0,actual
145,2022-09-12,11038.0,actual
145,2022-09-19,11934.0,actual
145,2022-09-26,9176.0,actual
145,2022-10-03,9444.0,actual
145,2022-10-10,9669.0,actual
145,2022-10-17,10588.0,actual
145,2022-10-24,8787.0,actual
145,2022-10-31,8727.0,actual
145,2022-11-07,10783.0,actual
145,2022-11-14,11681.0,actual
145,2022-11-21,9365.0,actual
145,2022-11-28,16938.0,actual
145,2022-12-05,12600.0,actual
145,2022-12-12,16143.0,actual
145,2022-12-19,10294.0,actual
145,2022-12-26,14112.0,actual
145,2023-01-02,11998.0,actual
145,2023-01-09,10524.0,actual
145,2023-01-16,11915.0,actual
145,2023-01-23,13636.0,actual
145,2023-01-30,10752.0,actual
145,2023-02-06,11914.0,actual
145,2023-02-13,10193.0,actual
145,2023-02-20,17051.0,actual
145,2023-02-27,10858.0,actual
145,2023-03-06,5917.0,actual
145,2023-03-13,12518.0,actual
145,2023-03-20,11961.0,actual
145,2023-03-27,10897.0,actual
145,2023-04-03,8171.0,actual
145,2023-04-10,9414.0,actual
145,2023-04-17,14052.0,actual
145,2023-04-24,15047.0,actual
145,2023-05-01,14818.0,actual
145,2023-05-08,14855.0,actual
145,2023-05-15,9223.0,actual
145,2023-05-22,9157.0,actual
145,2023-05-29,9727.0,actual
145,2023-06-05,13016.0,actual
145,2023-06-12,11636.0,actual
145,2023-06-19,10209.0,actual
145,2023-06-26,10553.0,actual
145,2023-07-03,12661.0,actual
145,2023-07-10,8698.0,actual
145,2023-07-17,8333.0,actual
145,2023-07-24,11890.0,actual
145,2023-07-31,9855.0,actual
145,2023-08-07,9560.0,actual
145,2023-08-14,14037.0,actual
145,2023-08-21,11092.0,actual
145,2023-08-28,9670.0,actual
145,2023-09-04,9999.0,actual
145,2023-09-11,9554.0,actual
145,2023-09-18,11373.0,actual
145,2023-09-25,10330.0,actual
145,2023-10-02,11257.0,actual
145,2023-10-09,11582.0,actual
145,2023-10-16,9425.0,actual
145,2023-10-23,10720.0,actual
145,2023-10-30,8218.0,actual
145,2023-11-06,7115.0,actual
145,2023-11-13,10824.0,actual
145,2023-11-20,8982.0,actual
145,2023-11-27,13253.0,actual
145,2023-12-04,11822.0,actual
145,2023-12-11,11144.0,actual
145,2023-12-18,8006.0,actual
145,2023-12-25,9707.0,actual
145,2024-01-01,10257.0,actual
145,2024-01-08,9948.0,actual
145,2024-01-15,8121.0,actual
145,2024-01-22,12660.0,actual
145,2024-01-29,13447.0,actual
145,2024-02-05,9418.0,actual
145,2024-02-12,10471.0,actual
145,2024-02-19,10710.0,actual
145,2024-02-26,10307.0,actual
145,2024-03-04,9003.0,actual
145,2024-03-11,11022.0,actual
145,2024-03-18,10733.0,actual
145,2024-03-25,9615.0,actual
145,2024-04-01,7459.0,actual
145,2024-04-08,9375.0,actual
145,2024-04-15,8203.0,actual
145,2024-04-22,11495.0,actual
145,2024-04-29,9880.0,actual
145,2024-05-06,10651.0,actual
145,2024-05-13,10213.0,actual
145,2024-05-20,8967.0,actual
145,2024-05-27,8314.0,actual
145,2024-06-03,8207.0,actual
145,2024-06-10,9502.0,actual
145,2024-06-17,10642.0,actual
145,2024-06-24,10678.0,actual
145,2024-07-01,9189.0,actual
145,2024-07-08,9053.0,actual
145,2024-07-15,8418.0,actual
145,2024-07-22,12590.0,actual
145,2024-07-29,8682.0,actual
145,2024-08-05,8060.0,actual
145,2024-08-12,8728.0,actual
145,2024-08-19,7187.0,actual
145,2024-08-26,8455.0,actual
145,2024-09-02,8018.0,actual
145,2024-09-09,8814.0,actual
145,2024-09-16,8106.0,actual
145,2024-09-23,8844.0,actual
145,2024-09-30,8548.0,actual
145,2024-10-07,7555.0,actual
146,2022-01-03,13892.0,actual
146,2022-01-10,13874.0,actual
146,2022-01-17,13997.0,actual
146,2022-01-24,14829.0,actual
146,2022-01-31,20096.0,actual
146,2022-02-07,18634.0,actual
146,2022-02-14,17829.0,actual
146,2022-02-21,15282.0,actual
146,2022-02-28,15878.0,actual
146,2022-03-07,13678.0,actual
146,2022-03-14,14645.0,actual
146,2022-03-21,14000.0,actual
146,2022-03-28,14358.0,actual
146,2022-04-04,12141.0,actual
146,2022-04-11,15173.0,actual
146,2022-04-18,13967.0,actual
146,2022-04-25,17844.0,actual
146,2022-05-02,14737.0,actual
146,2022-05-09,15867.0,actual
146,2022-05-16,13790.0,actual
146,2022-05-23,15249.0,actual
146,2022-05-30,15572.0,actual
146,2022-06-06,16224.0,actual
146,2022-06-13,14173.0,actual
146,2022-06-20,16666.0,actual
146,2022-06-27,15959.0,actual
146,2022-07-04,15432.0,actual
146,2022-07-11,14215.0,actual
146,2022-07-18,14851.0,actual
146,2022-07-25,18495.0,actual
146,2022-08-01,13345.0,actual
146,2022-08-08,35567.0,actual
146,2022-08-15,14117.0,actual
146,2022-08-22,14158.0,actual
146,2022-08-29,13073.0,actual
146,2022-09-05,13447.0,actual
146,2022-09-12,15265.0,actual
146,2022-09-19,19074.0,actual
146,2022-09-26,13771.0,actual
146,2022-10-03,13725.0,actual
146,2022-10-10,14529.0,actual
146,2022-10-17,15017.0,actual
146,2022-10-24,12809.0,actual
146,2022-10-31,14263.0,actual
146,2022-11-07,15690.0,actual
146,2022-11-14,12994.0,actual
146,2022-11-21,11647.0,actual
146,2022-11-28,18389.0,actual
146,2022-12-05,13898.0,actual
146,2022-12-12,14074.0,actual
146,2022-12-19,10493.0,actual
146,2022-12-26,15555.0,actual
146,2023-01-02,15550.0,actual
146,2023-01-09,12187.0,actual
146,2023-01-16,14799.0,actual
146,2023-01-23,14068.0,actual
146,2023-01-30,15395.0,actual
146,2023-02-06,14146.0,actual
146,2023-02-13,13299.0,actual
146,2023-02-20,15820.0,actual
146,2023-02-27,14042.0,actual
146,2023-03-06,7031.0,actual
146,2023-03-13,14094.0,actual
146,2023-03-20,11702.0,actual
146,2023-03-27,12781.0,actual
146,2023-04-03,11805.0,actual
146,2023-04-10,11667.0,actual
146,2023-04-17,14056.0,actual
146,2023-04-24,14369.0,actual
146,2023-05-01,13892.0,actual
146,2023-05-08,13866.0,actual
146,2023-05-15,12496.0,actual
146,2023-05-22,10886.0,actual
146,2023-05-29,12049.0,actual
146,2023-06-05,12211.0,actual
146,2023-06-12,11555.0,actual
146,2023-06-19,11347.0,actual
146,2023-06-26,10657.0,actual
146,2023-07-03,12249.0,actual
146,2023-07-10,10789.0,actual
146,2023-07-17,9440.0,actual
146,2023-07-24,13723.0,actual
146,2023-07-31,11005.0,actual
146,2023-08-07,10624.0,actual
146,2023-08-14,13709.0,actual
146,2023-08-21,12981.0,actual
146,2023-08-28,11541.0,actual
146,2023-09-04,10993.0,actual
146,2023-09-11,12180.0,actual
146,2023-09-18,11682.0,actual
146,2023-09-25,11700.0,actual
146,2023-10-02,12202.0,actual
146,2023-10-09,12904.0,actual
146,2023-10-16,11676.0,actual
146,2023-10-23,12965.0,actual
146,2023-10-30,11404.0,actual
146,2023-11-06,10279.0,actual
146,2023-11-13,12112.0,actual
146,2023-11-20,10092.0,actual
146,2023-11-27,13119.0,actual
146,2023-12-04,12309.0,actual
146,2023-12-11,10906.0,actual
146,2023-12-18,7988.0,actual
146,2023-12-25,11037.0,actual
146,2024-01-01,11952.0,actual
146,2024-01-08,11955.0,actual
146,2024-01-15,11698.0,actual
146,2024-01-22,13207.0,actual
146,2024-01-29,13991.0,actual
146,2024-02-05,11926.0,actual
146,2024-02-12,11480.0,actual
146,2024-02-19,12622.0,actual
146,2024-02-26,11475.0,actual
146,2024-03-04,10675.0,actual
146,2024-03-11,12483.0,actual
146,2024-03-18,10648.0,actual
146,2024-03-25,11028.0,actual
146,2024-04-01,12003.0,actual
146,2024-04-08,11831.0,actual
146,2024-04-15,11553.0,actual
146,2024-04-22,11750.0,actual
146,2024-04-29,11236.0,actual
146,2024-05-06,11044.0,actual
146,2024-05-13,12098.0,actual
146,2024-05-20,10313.0,actual
146,2024-05-27,10660.0,actual
146,2024-06-03,11243.0,actual
146,2024-06-10,12085.0,actual
146,2024-06-17,12449.0,actual
146,2024-06-24,11553.0,actual
146,2024-07-01,11345.0,actual
146,2024-07-08,12890.0,actual
146,2024-07-15,11146.0,actual
146,2024-07-22,11460.0,actual
146,2024-07-29,10784.0,actual
146,2024-08-05,10735.0,actual
146,2024-08-12,11854.0,actual
146,2024-08-19,10872.0,actual
146,2024-08-26,11265.0,actual
146,2024-09-02,11016.0,actual
146,2024-09-09,10945.0,actual
146,2024-09-16,10811.0,actual
146,2024-09-23,11253.0,actual
146,2024-09-30,11683.0,actual
146,2024-10-07,9892.0,actual
149,2022-01-03,4353.0,actual
149,2022-01-10,5086.0,actual
149,2022-01-17,3643.0,actual
149,2022-01-24,3371.0,actual
149,2022-01-31,6683.0,actual
149,2022-02-07,5686.0,actual
149,2022-02-14,6051.0,actual
149,2022-02-21,4454.0,actual
149,2022-02-28,2985.0,actual
149,2022-03-07,4668.0,actual
149,2022-03-14,3907.0,actual
149,2022-03-21,4466.0,actual
149,2022-03-28,2889.0,actual
149,2022-04-04,3212.0,actual
149,2022-04-11,3124.0,actual
149,2022-04-18,3609.0,actual
149,2022-04-25,4412.0,actual
149,2022-05-02,5868.0,actual
149,2022-05-09,3998.0,actual
149,2022-05-16,3946.0,actual
149,2022-05-23,4044.0,actual
149,2022-05-30,4787.0,actual
149,2022-06-06,4892.0,actual
149,2022-06-13,3942.0,actual
149,2022-06-20,4517.0,actual
149,2022-06-27,5027.0,actual
149,2022-07-04,4514.0,actual
149,2022-07-11,3701.0,actual
149,2022-07-18,3651.0,actual
149,2022-07-25,4207.0,actual
149,2022-08-01,4572.0,actual
149,2022-08-08,7073.0,actual
149,2022-08-15,4274.0,actual
149,2022-08-22,3916.0,actual
149,2022-08-29,3273.0,actual
149,2022-09-05,4232.0,actual
149,2022-09-12,4727.0,actual
149,2022-09-19,4716.0,actual
149,2022-09-26,4168.0,actual
149,2022-10-03,4179.0,actual
149,2022-10-10,4393.0,actual
149,2022-10-17,4539.0,actual
149,2022-10-24,3758.0,actual
149,2022-10-31,3908.0,actual
149,2022-11-07,4556.0,actual
149,2022-11-14,5043.0,actual
149,2022-11-21,4479.0,actual
149,2022-11-28,6644.0,actual
149,2022-12-05,5643.0,actual
149,2022-12-12,4679.0,actual
149,2022-12-19,4045.0,actual
149,2022-12-26,5578.0,actual
149,2023-01-02,5176.0,actual
149,2023-01-09,3562.0,actual
149,2023-01-16,4575.0,actual
149,2023-01-23,4934.0,actual
149,2023-01-30,4991.0,actual
149,2023-02-06,4265.0,actual
149,2023-02-13,4681.0,actual
149,2023-02-20,5897.0,actual
149,2023-02-27,4540.0,actual
149,2023-03-06,2404.0,actual
149,2023-03-13,3801.0,actual
149,2023-03-20,3741.0,actual
149,2023-03-27,4097.0,actual
149,2023-04-03,3867.0,actual
149,2023-04-10,4060.0,actual
149,2023-04-17,4500.0,actual
149,2023-04-24,6425.0,actual
149,2023-05-01,4942.0,actual
149,2023-05-08,4880.0,actual
149,2023-05-15,3533.0,actual
149,2023-05-22,4143.0,actual
149,2023-05-29,3929.0,actual
149,2023-06-05,4807.0,actual
149,2023-06-12,5435.0,actual
149,2023-06-19,4907.0,actual
149,2023-06-26,4726.0,actual
149,2023-07-03,5628.0,actual
149,2023-07-10,3808.0,actual
149,2023-07-17,3626.0,actual
149,2023-07-24,4836.0,actual
149,2023-07-31,3851.0,actual
149,2023-08-07,3868.0,actual
149,2023-08-14,4146.0,actual
149,2023-08-21,3921.0,actual
149,2023-08-28,4207.0,actual
149,2023-09-04,4210.0,actual
149,2023-09-11,3884.0,actual
149,2023-09-18,4839.0,actual
149,2023-09-25,4496.0,actual
149,2023-10-02,4650.0,actual
149,2023-10-09,4367.0,actual
149,2023-10-16,3827.0,actual
149,2023-10-23,4581.0,actual
149,2023-10-30,3921.0,actual
149,2023-11-06,3426.0,actual
149,2023-11-13,4780.0,actual
149,2023-11-20,3788.0,actual
149,2023-11-27,5962.0,actual
149,2023-12-04,5074.0,actual
149,2023-12-11,4868.0,actual
149,2023-12-18,3575.0,actual
149,2023-12-25,3820.0,actual
149,2024-01-01,5061.0,actual
149,2024-01-08,4420.0,actual
149,2024-01-15,3599.0,actual
149,2024-01-22,5532.0,actual
149,2024-01-29,6261.0,actual
149,2024-02-05,4090.0,actual
149,2024-02-12,4328.0,actual
149,2024-02-19,5047.0,actual
149,2024-02-26,4471.0,actual
149,2024-03-04,4613.0,actual
149,2024-03-11,4112.0,actual
149,2024-03-18,4214.0,actual
149,2024-03-25,4704.0,actual
149,2024-04-01,3661.0,actual
149,2024-04-08,4467.0,actual
149,2024-04-15,3850.0,actual
149,2024-04-22,5680.0,actual
149,2024-04-29,4511.0,actual
149,2024-05-06,5688.0,actual
149,2024-05-13,5096.0,actual
149,2024-05-20,3395.0,actual
149,2024-05-27,4179.0,actual
149,2024-06-03,3848.0,actual
149,2024-06-10,4482.0,actual
149,2024-06-17,3890.0,actual
149,2024-06-24,4692.0,actual
149,2024-07-01,3690.0,actual
149,2024-07-08,4033.0,actual
149,2024-07-15,3914.0,actual
149,2024-07-22,4537.0,actual
149,2024-07-29,4239.0,actual
149,2024-08-05,4168.0,actual
149,2024-08-12,3662.0,actual
149,2024-08-19,3024.0,actual
149,2024-08-26,3936.0,actual
149,2024-09-02,3504.0,actual
149,2024-09-09,3571.0,actual
149,2024-09-16,3708.0,actual
149,2024-09-23,3879.0,actual
149,2024-09-30,4735.0,actual
149,2024-10-07,4171.0,actual
152,2022-01-03,8700.0,actual
152,2022-01-10,9023.0,actual
152,2022-01-17,7974.0,actual
152,2022-01-24,7311.0,actual
152,2022-01-31,14504.0,actual
152,2022-02-07,12381.0,actual
152,2022-02-14,12040.0,actual
152,2022-02-21,10108.0,actual
152,2022-02-28,8573.0,actual
152,2022-03-07,9828.0,actual
152,2022-03-14,9896.0,actual
152,2022-03-21,8023.0,actual
152,2022-03-28,7112.0,actual
152,2022-04-04,7061.0,actual
152,2022-04-11,7966.0,actual
152,2022-04-18,7620.0,actual
152,2022-04-25,8601.0,actual
152,2022-05-02,12539.0,actual
152,2022-05-09,8962.0,actual
152,2022-05-16,6815.0,actual
152,2022-05-23,7784.0,actual
152,2022-05-30,8833.0,actual
152,2022-06-06,9289.0,actual
152,2022-06-13,7884.0,actual
152,2022-06-20,9180.0,actual
152,2022-06-27,8674.0,actual
152,2022-07-04,8940.0,actual
152,2022-07-11,8516.0,actual
152,2022-07-18,7594.0,actual
152,2022-07-25,7811.0,actual
152,2022-08-01,8175.0,actual
152,2022-08-08,13123.0,actual
152,2022-08-15,8554.0,actual
152,2022-08-22,8393.0,actual
152,2022-08-29,7097.0,actual
152,2022-09-05,8605.0,actual
152,2022-09-12,10699.0,actual
152,2022-09-19,11838.0,actual
152,2022-09-26,8348.0,actual
152,2022-10-03,8736.0,actual
152,2022-10-10,9459.0,actual
152,2022-10-17,9490.0,actual
152,2022-10-24,7732.0,actual
152,2022-10-31,7864.0,actual
152,2022-11-07,10795.0,actual
152,2022-11-14,8471.0,actual
152,2022-11-21,7906.0,actual
152,2022-11-28,14149.0,actual
152,2022-12-05,8206.0,actual
152,2022-12-12,9589.0,actual
152,2022-12-19,7689.0,actual
152,2022-12-26,10102.0,actual
152,2023-01-02,8471.0,actual
152,2023-01-09,7108.0,actual
152,2023-01-16,8350.0,actual
152,2023-01-23,10623.0,actual
152,2023-01-30,9917.0,actual
152,2023-02-06,8582.0,actual
152,2023-02-13,8503.0,actual
152,2023-02-20,14284.0,actual
152,2023-02-27,8597.0,actual
152,2023-03-06,4410.0,actual
152,2023-03-13,8292.0,actual
152,2023-03-20,8220.0,actual
152,2023-03-27,7819.0,actual
152,2023-04-03,7355.0,actual
152,2023-04-10,7370.0,actual
152,2023-04-17,9637.0,actual
152,2023-04-24,10727.0,actual
152,2023-05-01,9583.0,actual
152,2023-05-08,9066.0,actual
152,2023-05-15,7980.0,actual
152,2023-05-22,7032.0,actual
152,2023-05-29,8877.0,actual
152,2023-06-05,10809.0,actual
152,2023-06-12,7727.0,actual
152,2023-06-19,8386.0,actual
152,2023-06-26,6763.0,actual
152,2023-07-03,9002.0,actual
152,2023-07-10,6771.0,actual
152,2023-07-17,6247.0,actual
152,2023-07-24,9259.0,actual
152,2023-07-31,6595.0,actual
152,2023-08-07,7680.0,actual
152,2023-08-14,9167.0,actual
152,2023-08-21,7411.0,actual
152,2023-08-28,7030.0,actual
152,2023-09-04,6146.0,actual
152,2023-09-11,8006.0,actual
152,2023-09-18,8010.0,actual
152,2023-09-25,7603.0,actual
152,2023-10-02,7346.0,actual
152,2023-10-09,8593.0,actual
152,2023-10-16,7251.0,actual
152,2023-10-23,9920.0,actual
152,2023-10-30,7567.0,actual
152,2023-11-06,7012.0,actual
152,2023-11-13,9924.0,actual
152,2023-11-20,7472.0,actual
152,2023-11-27,10692.0,actual
152,2023-12-04,9756.0,actual
152,2023-12-11,8178.0,actual
152,2023-12-18,5998.0,actual
152,2023-12-25,8070.0,actual
152,2024-01-01,7781.0,actual
152,2024-01-08,7959.0,actual
152,2024-01-15,8081.0,actual
152,2024-01-22,8974.0,actual
152,2024-01-29,9796.0,actual
152,2024-02-05,8303.0,actual
152,2024-02-12,9872.0,actual
152,2024-02-19,7147.0,actual
152,2024-02-26,8054.0,actual
152,2024-03-04,6663.0,actual
152,2024-03-11,7531.0,actual
152,2024-03-18,9853.0,actual
152,2024-03-25,6941.0,actual
152,2024-04-01,7209.0,actual
152,2024-04-08,7711.0,actual
152,2024-04-15,8013.0,actual
152,2024-04-22,7643.0,actual
152,2024-04-29,7679.0,actual
152,2024-05-06,8750.0,actual
152,2024-05-13,8245.0,actual
152,2024-05-20,6914.0,actual
152,2024-05-27,6335.0,actual
152,2024-06-03,7071.0,actual
152,2024-06-10,7953.0,actual
152,2024-06-17,6831.0,actual
152,2024-06-24,6960.0,actual
152,2024-07-01,7530.0,actual
152,2024-07-08,8288.0,actual
152,2024-07-15,8142.0,actual
152,2024-07-22,12173.0,actual
152,2024-07-29,6726.0,actual
152,2024-08-05,7095.0,actual
152,2024-08-12,7011.0,actual
152,2024-08-19,6199.0,actual
152,2024-08-26,7774.0,actual
152,2024-09-02,7073.0,actual
152,2024-09-09,6590.0,actual
152,2024-09-16,6995.0,actual
152,2024-09-23,6561.0,actual
152,2024-09-30,7812.0,actual
152,2024-10-07,5947.0,actual
153,2022-01-03,11004.0,actual
153,2022-01-10,9166.0,actual
153,2022-01-17,8951.0,actual
153,2022-01-24,10510.0,actual
153,2022-01-31,16624.0,actual
153,2022-02-07,12748.0,actual
153,2022-02-14,13431.0,actual
153,2022-02-21,7841.0,actual
153,2022-02-28,9436.0,actual
153,2022-03-07,10417.0,actual
153,2022-03-14,9082.0,actual
153,2022-03-21,9121.0,actual
153,2022-03-28,7855.0,actual
153,2022-04-04,9037.0,actual
153,2022-04-11,8214.0,actual
153,2022-04-18,7641.0,actual
153,2022-04-25,11610.0,actual
153,2022-05-02,12384.0,actual
153,2022-05-09,10592.0,actual
153,2022-05-16,9108.0,actual
153,2022-05-23,8490.0,actual
153,2022-05-30,11150.0,actual
153,2022-06-06,11067.0,actual
153,2022-06-13,9393.0,actual
153,2022-06-20,10638.0,actual
153,2022-06-27,9520.0,actual
153,2022-07-04,10659.0,actual
153,2022-07-11,8032.0,actual
153,2022-07-18,7752.0,actual
153,2022-07-25,14636.0,actual
153,2022-08-01,10396.0,actual
153,2022-08-08,10625.0,actual
153,2022-08-15,9212.0,actual
153,2022-08-22,8616.0,actual
153,2022-08-29,7684.0,actual
153,2022-09-05,8664.0,actual
153,2022-09-12,10623.0,actual
153,2022-09-19,10793.0,actual
153,2022-09-26,10158.0,actual
153,2022-10-03,11060.0,actual
153,2022-10-10,9975.0,actual
153,2022-10-17,9408.0,actual
153,2022-10-24,7961.0,actual
153,2022-10-31,9509.0,actual
153,2022-11-07,12132.0,actual
153,2022-11-14,10431.0,actual
153,2022-11-21,10985.0,actual
153,2022-11-28,15989.0,actual
153,2022-12-05,11054.0,actual
153,2022-12-12,10266.0,actual
153,2022-12-19,7919.0,actual
153,2022-12-26,12512.0,actual
153,2023-01-02,16649.0,actual
153,2023-01-09,10091.0,actual
153,2023-01-16,11714.0,actual
153,2023-01-23,9271.0,actual
153,2023-01-30,11454.0,actual
153,2023-02-06,11574.0,actual
153,2023-02-13,9536.0,actual
153,2023-02-20,11952.0,actual
153,2023-02-27,10449.0,actual
153,2023-03-06,4213.0,actual
153,2023-03-13,9124.0,actual
153,2023-03-20,8170.0,actual
153,2023-03-27,10515.0,actual
153,2023-04-03,11572.0,actual
153,2023-04-10,10643.0,actual
153,2023-04-17,13957.0,actual
153,2023-04-24,14790.0,actual
153,2023-05-01,14328.0,actual
153,2023-05-08,14142.0,actual
153,2023-05-15,10452.0,actual
153,2023-05-22,9002.0,actual
153,2023-05-29,10825.0,actual
153,2023-06-05,12891.0,actual
153,2023-06-12,12541.0,actual
153,2023-06-19,10753.0,actual
153,2023-06-26,10690.0,actual
153,2023-07-03,13153.0,actual
153,2023-07-10,8737.0,actual
153,2023-07-17,9621.0,actual
153,2023-07-24,10880.0,actual
153,2023-07-31,12912.0,actual
153,2023-08-07,10597.0,actual
153,2023-08-14,12000.0,actual
153,2023-08-21,11356.0,actual
153,2023-08-28,11535.0,actual
153,2023-09-04,9479.0,actual
153,2023-09-11,9312.0,actual
153,2023-09-18,10871.0,actual
153,2023-09-25,10211.0,actual
153,2023-10-02,12443.0,actual
153,2023-10-09,11674.0,actual
153,2023-10-16,10698.0,actual
153,2023-10-23,11342.0,actual
153,2023-10-30,11745.0,actual
153,2023-11-06,7811.0,actual
153,2023-11-13,10419.0,actual
153,2023-11-20,8697.0,actual
153,2023-11-27,14602.0,actual
153,2023-12-04,14467.0,actual
153,2023-12-11,11997.0,actual
153,2023-12-18,9269.0,actual
153,2023-12-25,9413.0,actual
153,2024-01-01,11476.0,actual
153,2024-01-08,11050.0,actual
153,2024-01-15,9982.0,actual
153,2024-01-22,9956.0,actual
153,2024-01-29,13004.0,actual
153,2024-02-05,12643.0,actual
153,2024-02-12,11314.0,actual
153,2024-02-19,9521.0,actual
153,2024-02-26,10720.0,actual
153,2024-03-04,9642.0,actual
153,2024-03-11,8815.0,actual
153,2024-03-18,9314.0,actual
153,2024-03-25,9689.0,actual
153,2024-04-01,11693.0,actual
153,2024-04-08,9802.0,actual
153,2024-04-15,9543.0,actual
153,2024-04-22,11995.0,actual
153,2024-04-29,13249.0,actual
153,2024-05-06,12076.0,actual
153,2024-05-13,11566.0,actual
153,2024-05-20,10730.0,actual
153,2024-05-27,9765.0,actual
153,2024-06-03,9523.0,actual
153,2024-06-10,11377.0,actual
153,2024-06-17,11570.0,actual
153,2024-06-24,10911.0,actual
153,2024-07-01,11333.0,actual
153,2024-07-08,11151.0,actual
153,2024-07-15,11548.0,actual
153,2024-07-22,10850.0,actual
153,2024-07-29,11064.0,actual
153,2024-08-05,9097.0,actual
153,2024-08-12,8077.0,actual
153,2024-08-19,9141.0,actual
153,2024-08-26,9166.0,actual
153,2024-09-02,11028.0,actual
153,2024-09-09,8750.0,actual
153,2024-09-16,8914.0,actual
153,2024-09-23,8622.0,actual
153,2024-09-30,10005.0,actual
153,2024-10-07,7950.0,actual
157,2022-01-03,7745.0,actual
157,2022-01-10,8189.0,actual
157,2022-01-17,7300.0,actual
157,2022-01-24,7197.0,actual
157,2022-01-31,12092.0,actual
157,2022-02-07,9882.0,actual
157,2022-02-14,10574.0,actual
157,2022-02-21,7944.0,actual
157,2022-02-28,7036.0,actual
157,2022-03-07,9750.0,actual
157,2022-03-14,7261.0,actual
157,2022-03-21,7528.0,actual
157,2022-03-28,6255.0,actual
157,2022-04-04,6441.0,actual
157,2022-04-11,7132.0,actual
157,2022-04-18,6504.0,actual
157,2022-04-25,9366.0,actual
157,2022-05-02,11981.0,actual
157,2022-05-09,7938.0,actual
157,2022-05-16,8383.0,actual
157,2022-05-23,8046.0,actual
157,2022-05-30,8625.0,actual
157,2022-06-06,8992.0,actual
157,2022-06-13,6583.0,actual
157,2022-06-20,8802.0,actual
157,2022-06-27,8157.0,actual
157,2022-07-04,8348.0,actual
157,2022-07-11,7301.0,actual
157,2022-07-18,8022.0,actual
157,2022-07-25,9545.0,actual
157,2022-08-01,9437.0,actual
157,2022-08-08,13879.0,actual
157,2022-08-15,8105.0,actual
157,2022-08-22,7990.0,actual
157,2022-08-29,7708.0,actual
157,2022-09-05,9672.0,actual
157,2022-09-12,10416.0,actual
157,2022-09-19,11544.0,actual
157,2022-09-26,9700.0,actual
157,2022-10-03,10343.0,actual
157,2022-10-10,12788.0,actual
157,2022-10-17,10711.0,actual
157,2022-10-24,12552.0,actual
157,2022-10-31,9962.0,actual
157,2022-11-07,16310.0,actual
157,2022-11-14,17208.0,actual
157,2022-11-21,9404.0,actual
157,2022-11-28,19975.0,actual
157,2022-12-05,14780.0,actual
157,2022-12-12,15615.0,actual
157,2022-12-19,7649.0,actual
157,2022-12-26,10190.0,actual
157,2023-01-02,10562.0,actual
157,2023-01-09,8927.0,actual
157,2023-01-16,7275.0,actual
157,2023-01-23,10070.0,actual
157,2023-01-30,9406.0,actual
157,2023-02-06,7779.0,actual
157,2023-02-13,8920.0,actual
157,2023-02-20,11976.0,actual
157,2023-02-27,8482.0,actual
157,2023-03-06,5869.0,actual
157,2023-03-13,9274.0,actual
157,2023-03-20,8221.0,actual
157,2023-03-27,8203.0,actual
157,2023-04-03,7396.0,actual
157,2023-04-10,7735.0,actual
157,2023-04-17,10655.0,actual
157,2023-04-24,10087.0,actual
157,2023-05-01,10245.0,actual
157,2023-05-08,10584.0,actual
157,2023-05-15,8570.0,actual
157,2023-05-22,5402.0,actual
157,2023-05-29,8456.0,actual
157,2023-06-05,11796.0,actual
157,2023-06-12,8912.0,actual
157,2023-06-19,7624.0,actual
157,2023-06-26,9898.0,actual
157,2023-07-03,10728.0,actual
157,2023-07-10,7356.0,actual
157,2023-07-17,7150.0,actual
157,2023-07-24,13299.0,actual
157,2023-07-31,7235.0,actual
157,2023-08-07,9041.0,actual
157,2023-08-14,8822.0,actual
157,2023-08-21,8204.0,actual
157,2023-08-28,8362.0,actual
157,2023-09-04,7577.0,actual
157,2023-09-11,12168.0,actual
157,2023-09-18,9951.0,actual
157,2023-09-25,9652.0,actual
157,2023-10-02,10390.0,actual
157,2023-10-09,11167.0,actual
157,2023-10-16,7497.0,actual
157,2023-10-23,12295.0,actual
157,2023-10-30,10127.0,actual
157,2023-11-06,8992.0,actual
157,2023-11-13,18687.0,actual
157,2023-11-20,12139.0,actual
157,2023-11-27,15663.0,actual
157,2023-12-04,13055.0,actual
157,2023-12-11,11718.0,actual
157,2023-12-18,6251.0,actual
157,2023-12-25,8260.0,actual
157,2024-01-01,11058.0,actual
157,2024-01-08,8732.0,actual
157,2024-01-15,7458.0,actual
157,2024-01-22,12215.0,actual
157,2024-01-29,9927.0,actual
157,2024-02-05,10193.0,actual
157,2024-02-12,9241.0,actual
157,2024-02-19,8931.0,actual
157,2024-02-26,9126.0,actual
157,2024-03-04,10039.0,actual
157,2024-03-11,8299.0,actual
157,2024-03-18,11563.0,actual
157,2024-03-25,8800.0,actual
157,2024-04-01,8284.0,actual
157,2024-04-08,8350.0,actual
157,2024-04-15,7522.0,actual
157,2024-04-22,10376.0,actual
157,2024-04-29,10110.0,actual
157,2024-05-06,10707.0,actual
157,2024-05-13,8231.0,actual
157,2024-05-20,6750.0,actual
157,2024-05-27,7667.0,actual
157,2024-06-03,9496.0,actual
157,2024-06-10,8842.0,actual
157,2024-06-17,10076.0,actual
157,2024-06-24,10300.0,actual
157,2024-07-01,11547.0,actual
157,2024-07-08,7893.0,actual
157,2024-07-15,8814.0,actual
157,2024-07-22,12776.0,actual
157,2024-07-29,9711.0,actual
157,2024-08-05,7585.0,actual
157,2024-08-12,6834.0,actual
157,2024-08-19,6481.0,actual
157,2024-08-26,7302.0,actual
157,2024-09-02,6746.0,actual
157,2024-09-09,7756.0,actual
157,2024-09-16,6010.0,actual
157,2024-09-23,7257.0,actual
157,2024-09-30,7837.0,actual
157,2024-10-07,6481.0,actual
161,2022-01-03,5091.0,actual
161,2022-01-10,5483.0,actual
161,2022-01-17,4821.0,actual
161,2022-01-24,4520.0,actual
161,2022-01-31,7205.0,actual
161,2022-02-07,6737.0,actual
161,2022-02-14,6205.0,actual
161,2022-02-21,6336.0,actual
161,2022-02-28,4488.0,actual
161,2022-03-07,5786.0,actual
161,2022-03-14,6209.0,actual
161,2022-03-21,5137.0,actual
161,2022-03-28,4849.0,actual
161,2022-04-04,4467.0,actual
161,2022-04-11,5474.0,actual
161,2022-04-18,5271.0,actual
161,2022-04-25,5712.0,actual
161,2022-05-02,7524.0,actual
161,2022-05-09,5745.0,actual
161,2022-05-16,5713.0,actual
161,2022-05-23,5519.0,actual
161,2022-05-30,5894.0,actual
161,2022-06-06,5809.0,actual
161,2022-06-13,5028.0,actual
161,2022-06-20,4792.0,actual
161,2022-06-27,5332.0,actual
161,2022-07-04,5049.0,actual
161,2022-07-11,4917.0,actual
161,2022-07-18,4070.0,actual
161,2022-07-25,5104.0,actual
161,2022-08-01,5344.0,actual
161,2022-08-08,8417.0,actual
161,2022-08-15,5623.0,actual
161,2022-08-22,5547.0,actual
161,2022-08-29,3746.0,actual
161,2022-09-05,5610.0,actual
161,2022-09-12,5929.0,actual
161,2022-09-19,6854.0,actual
161,2022-09-26,4952.0,actual
161,2022-10-03,5231.0,actual
161,2022-10-10,5327.0,actual
161,2022-10-17,5581.0,actual
161,2022-10-24,5671.0,actual
161,2022-10-31,4693.0,actual
161,2022-11-07,6971.0,actual
161,2022-11-14,5944.0,actual
161,2022-11-21,5583.0,actual
161,2022-11-28,9246.0,actual
161,2022-12-05,6917.0,actual
161,2022-12-12,6183.0,actual
161,2022-12-19,4757.0,actual
161,2022-12-26,6969.0,actual
161,2023-01-02,6115.0,actual
161,2023-01-09,5181.0,actual
161,2023-01-16,5689.0,actual
161,2023-01-23,5745.0,actual
161,2023-01-30,6790.0,actual
161,2023-02-06,5383.0,actual
161,2023-02-13,5678.0,actual
161,2023-02-20,7441.0,actual
161,2023-02-27,5710.0,actual
161,2023-03-06,2986.0,actual
161,2023-03-13,6168.0,actual
161,2023-03-20,5966.0,actual
161,2023-03-27,5490.0,actual
161,2023-04-03,4912.0,actual
161,2023-04-10,5561.0,actual
161,2023-04-17,6337.0,actual
161,2023-04-24,6731.0,actual
161,2023-05-01,6640.0,actual
161,2023-05-08,6277.0,actual
161,2023-05-15,4860.0,actual
161,2023-05-22,5345.0,actual
161,2023-05-29,5242.0,actual
161,2023-06-05,6175.0,actual
161,2023-06-12,5218.0,actual
161,2023-06-19,6124.0,actual
161,2023-06-26,5129.0,actual
161,2023-07-03,5564.0,actual
161,2023-07-10,5053.0,actual
161,2023-07-17,4578.0,actual
161,2023-07-24,5998.0,actual
161,2023-07-31,4311.0,actual
161,2023-08-07,4711.0,actual
161,2023-08-14,6156.0,actual
161,2023-08-21,5623.0,actual
161,2023-08-28,5157.0,actual
161,2023-09-04,4858.0,actual
161,2023-09-11,5186.0,actual
161,2023-09-18,6137.0,actual
161,2023-09-25,5909.0,actual
161,2023-10-02,5370.0,actual
161,2023-10-09,5839.0,actual
161,2023-10-16,5235.0,actual
161,2023-10-23,5791.0,actual
161,2023-10-30,4865.0,actual
161,2023-11-06,3929.0,actual
161,2023-11-13,7085.0,actual
161,2023-11-20,5388.0,actual
161,2023-11-27,7099.0,actual
161,2023-12-04,6640.0,actual
161,2023-12-11,5231.0,actual
161,2023-12-18,4857.0,actual
161,2023-12-25,6247.0,actual
161,2024-01-01,5636.0,actual
161,2024-01-08,5779.0,actual
161,2024-01-15,5741.0,actual
161,2024-01-22,7000.0,actual
161,2024-01-29,7016.0,actual
161,2024-02-05,6072.0,actual
161,2024-02-12,7218.0,actual
161,2024-02-19,6270.0,actual
161,2024-02-26,5908.0,actual
161,2024-03-04,4493.0,actual
161,2024-03-11,4893.0,actual
161,2024-03-18,5679.0,actual
161,2024-03-25,5595.0,actual
161,2024-04-01,4968.0,actual
161,2024-04-08,5832.0,actual
161,2024-04-15,5926.0,actual
161,2024-04-22,6842.0,actual
161,2024-04-29,5990.0,actual
161,2024-05-06,5754.0,actual
161,2024-05-13,6069.0,actual
161,2024-05-20,4723.0,actual
161,2024-05-27,4859.0,actual
161,2024-06-03,4460.0,actual
161,2024-06-10,5242.0,actual
161,2024-06-17,5266.0,actual
161,2024-06-24,5069.0,actual
161,2024-07-01,5279.0,actual
161,2024-07-08,5013.0,actual
161,2024-07-15,5779.0,actual
161,2024-07-22,6888.0,actual
161,2024-07-29,4614.0,actual
161,2024-08-05,4433.0,actual
161,2024-08-12,5237.0,actual
161,2024-08-19,4628.0,actual
161,2024-08-26,4737.0,actual
161,2024-09-02,5143.0,actual
161,2024-09-09,6228.0,actual
161,2024-09-16,5026.0,actual
161,2024-09-23,5088.0,actual
161,2024-09-30,5743.0,actual
161,2024-10-07,4720.0,actual
162,2022-01-03,4108.0,actual
162,2022-01-10,3732.0,actual
162,2022-01-17,3075.0,actual
162,2022-01-24,2734.0,actual
162,2022-01-31,5398.0,actual
162,2022-02-07,5069.0,actual
162,2022-02-14,5450.0,actual
162,2022-02-21,3998.0,actual
162,2022-02-28,4125.0,actual
162,2022-03-07,5950.0,actual
162,2022-03-14,4001.0,actual
162,2022-03-21,3772.0,actual
162,2022-03-28,3712.0,actual
162,2022-04-04,3224.0,actual
162,2022-04-11,3471.0,actual
162,2022-04-18,3379.0,actual
162,2022-04-25,4024.0,actual
162,2022-05-02,5430.0,actual
162,2022-05-09,4270.0,actual
162,2022-05-16,3784.0,actual
162,2022-05-23,4248.0,actual
162,2022-05-30,5905.0,actual
162,2022-06-06,4691.0,actual
162,2022-06-13,3533.0,actual
162,2022-06-20,4181.0,actual
162,2022-06-27,4689.0,actual
162,2022-07-04,4300.0,actual
162,2022-07-11,3704.0,actual
162,2022-07-18,3088.0,actual
162,2022-07-25,4055.0,actual
162,2022-08-01,4895.0,actual
162,2022-08-08,7090.0,actual
162,2022-08-15,3819.0,actual
162,2022-08-22,3535.0,actual
162,2022-08-29,3125.0,actual
162,2022-09-05,4501.0,actual
162,2022-09-12,4734.0,actual
162,2022-09-19,5861.0,actual
162,2022-09-26,4768.0,actual
162,2022-10-03,4367.0,actual
162,2022-10-10,4203.0,actual
162,2022-10-17,4811.0,actual
162,2022-10-24,4472.0,actual
162,2022-10-31,4260.0,actual
162,2022-11-07,4404.0,actual
162,2022-11-14,4308.0,actual
162,2022-11-21,4448.0,actual
162,2022-11-28,10700.0,actual
162,2022-12-05,6052.0,actual
162,2022-12-12,4603.0,actual
162,2022-12-19,3760.0,actual
162,2022-12-26,5120.0,actual
162,2023-01-02,5728.0,actual
162,2023-01-09,3751.0,actual
162,2023-01-16,4420.0,actual
162,2023-01-23,4693.0,actual
162,2023-01-30,4630.0,actual
162,2023-02-06,3973.0,actual
162,2023-02-13,4117.0,actual
162,2023-02-20,7830.0,actual
162,2023-02-27,5453.0,actual
162,2023-03-06,2693.0,actual
162,2023-03-13,3918.0,actual
162,2023-03-20,3732.0,actual
162,2023-03-27,4777.0,actual
162,2023-04-03,3937.0,actual
162,2023-04-10,4396.0,actual
162,2023-04-17,6404.0,actual
162,2023-04-24,8341.0,actual
162,2023-05-01,7329.0,actual
162,2023-05-08,6813.0,actual
162,2023-05-15,4030.0,actual
162,2023-05-22,3868.0,actual
162,2023-05-29,5017.0,actual
162,2023-06-05,6287.0,actual
162,2023-06-12,4932.0,actual
162,2023-06-19,4395.0,actual
162,2023-06-26,5887.0,actual
162,2023-07-03,6614.0,actual
162,2023-07-10,3927.0,actual
162,2023-07-17,3516.0,actual
162,2023-07-24,5351.0,actual
162,2023-07-31,4097.0,actual
162,2023-08-07,4535.0,actual
162,2023-08-14,4768.0,actual
162,2023-08-21,3635.0,actual
162,2023-08-28,4934.0,actual
162,2023-09-04,3959.0,actual
162,2023-09-11,3912.0,actual
162,2023-09-18,4517.0,actual
162,2023-09-25,5729.0,actual
162,2023-10-02,6405.0,actual
162,2023-10-09,5200.0,actual
162,2023-10-16,4097.0,actual
162,2023-10-23,4149.0,actual
162,2023-10-30,4062.0,actual
162,2023-11-06,3532.0,actual
162,2023-11-13,4966.0,actual
162,2023-11-20,4195.0,actual
162,2023-11-27,6145.0,actual
162,2023-12-04,4069.0,actual
162,2023-12-11,3787.0,actual
162,2023-12-18,3571.0,actual
162,2023-12-25,5327.0,actual
162,2024-01-01,4843.0,actual
162,2024-01-08,4200.0,actual
162,2024-01-15,3784.0,actual
162,2024-01-22,5978.0,actual
162,2024-01-29,5810.0,actual
162,2024-02-05,4099.0,actual
162,2024-02-12,4160.0,actual
162,2024-02-19,4760.0,actual
162,2024-02-26,4557.0,actual
162,2024-03-04,5469.0,actual
162,2024-03-11,4851.0,actual
162,2024-03-18,5431.0,actual
162,2024-03-25,5134.0,actual
162,2024-04-01,4828.0,actual
162,2024-04-08,3443.0,actual
162,2024-04-15,3368.0,actual
162,2024-04-22,5694.0,actual
162,2024-04-29,5382.0,actual
162,2024-05-06,4645.0,actual
162,2024-05-13,4446.0,actual
162,2024-05-20,4377.0,actual
162,2024-05-27,5117.0,actual
162,2024-06-03,5170.0,actual
162,2024-06-10,4598.0,actual
162,2024-06-17,4679.0,actual
162,2024-06-24,5427.0,actual
162,2024-07-01,6018.0,actual
162,2024-07-08,5219.0,actual
162,2024-07-15,5289.0,actual
162,2024-07-22,5697.0,actual
162,2024-07-29,5587.0,actual
162,2024-08-05,4165.0,actual
162,2024-08-12,4379.0,actual
162,2024-08-19,3911.0,actual
162,2024-08-26,5571.0,actual
162,2024-09-02,4938.0,actual
162,2024-09-09,4349.0,actual
162,2024-09-16,4234.0,actual
162,2024-09-23,5149.0,actual
162,2024-09-30,4196.0,actual
162,2024-10-07,4017.0,actual
174,2022-01-03,21636.0,actual
174,2022-01-10,20134.0,actual
174,2022-01-17,18705.0,actual
174,2022-01-24,20439.0,actual
174,2022-01-31,26952.0,actual
174,2022-02-07,22694.0,actual
174,2022-02-14,22140.0,actual
174,2022-02-21,15246.0,actual
174,2022-02-28,19466.0,actual
174,2022-03-07,20894.0,actual
174,2022-03-14,21878.0,actual
174,2022-03-21,17268.0,actual
174,2022-03-28,16148.0,actual
174,2022-04-04,17127.0,actual
174,2022-04-11,17767.0,actual
174,2022-04-18,14662.0,actual
174,2022-04-25,19002.0,actual
174,2022-05-02,20104.0,actual
174,2022-05-09,19544.0,actual
174,2022-05-16,16536.0,actual
174,2022-05-23,17076.0,actual
174,2022-05-30,18609.0,actual
174,2022-06-06,17624.0,actual
174,2022-06-13,15496.0,actual
174,2022-06-20,18835.0,actual
174,2022-06-27,20956.0,actual
174,2022-07-04,17882.0,actual
174,2022-07-11,16421.0,actual
174,2022-07-18,15206.0,actual
174,2022-07-25,23783.0,actual
174,2022-08-01,17488.0,actual
174,2022-08-08,20393.0,actual
174,2022-08-15,16886.0,actual
174,2022-08-22,16962.0,actual
174,2022-08-29,13549.0,actual
174,2022-09-05,15699.0,actual
174,2022-09-12,20485.0,actual
174,2022-09-19,23882.0,actual
174,2022-09-26,17610.0,actual
174,2022-10-03,18183.0,actual
174,2022-10-10,18905.0,actual
174,2022-10-17,17301.0,actual
174,2022-10-24,16575.0,actual
174,2022-10-31,16171.0,actual
174,2022-11-07,22397.0,actual
174,2022-11-14,19982.0,actual
174,2022-11-21,19481.0,actual
174,2022-11-28,27684.0,actual
174,2022-12-05,20627.0,actual
174,2022-12-12,21623.0,actual
174,2022-12-19,16039.0,actual
174,2022-12-26,22721.0,actual
174,2023-01-02,28920.0,actual
174,2023-01-09,16576.0,actual
174,2023-01-16,21134.0,actual
174,2023-01-23,18925.0,actual
174,2023-01-30,23743.0,actual
174,2023-02-06,19355.0,actual
174,2023-02-13,17105.0,actual
174,2023-02-20,21700.0,actual
174,2023-02-27,19902.0,actual
174,2023-03-06,8446.0,actual
174,2023-03-13,20846.0,actual
174,2023-03-20,19149.0,actual
174,2023-03-27,18785.0,actual
174,2023-04-03,17194.0,actual
174,2023-04-10,18372.0,actual
174,2023-04-17,22514.0,actual
174,2023-04-24,22790.0,actual
174,2023-05-01,20510.0,actual
174,2023-05-08,20933.0,actual
174,2023-05-15,17647.0,actual
174,2023-05-22,16869.0,actual
174,2023-05-29,17017.0,actual
174,2023-06-05,21405.0,actual
174,2023-06-12,20364.0,actual
174,2023-06-19,18609.0,actual
174,2023-06-26,18809.0,actual
174,2023-07-03,21764.0,actual
174,2023-07-10,15543.0,actual
174,2023-07-17,15247.0,actual
174,2023-07-24,18596.0,actual
174,2023-07-31,22964.0,actual
174,2023-08-07,17227.0,actual
174,2023-08-14,18522.0,actual
174,2023-08-21,19707.0,actual
174,2023-08-28,18411.0,actual
174,2023-09-04,17988.0,actual
174,2023-09-11,15762.0,actual
174,2023-09-18,19430.0,actual
174,2023-09-25,18556.0,actual
174,2023-10-02,19462.0,actual
174,2023-10-09,20523.0,actual
174,2023-10-16,19237.0,actual
174,2023-10-23,20103.0,actual
174,2023-10-30,16108.0,actual
174,2023-11-06,12620.0,actual
174,2023-11-13,19847.0,actual
174,2023-11-20,16629.0,actual
174,2023-11-27,25057.0,actual
174,2023-12-04,23550.0,actual
174,2023-12-11,21619.0,actual
174,2023-12-18,17744.0,actual
174,2023-12-25,17372.0,actual
174,2024-01-01,19093.0,actual
174,2024-01-08,19051.0,actual
174,2024-01-15,18766.0,actual
174,2024-01-22,19439.0,actual
174,2024-01-29,22252.0,actual
174,2024-02-05,19203.0,actual
174,2024-02-12,19304.0,actual
174,2024-02-19,18641.0,actual
174,2024-02-26,21388.0,actual
174,2024-03-04,19258.0,actual
174,2024-03-11,18911.0,actual
174,2024-03-18,20410.0,actual
174,2024-03-25,18877.0,actual
174,2024-04-01,18230.0,actual
174,2024-04-08,20999.0,actual
174,2024-04-15,19831.0,actual
174,2024-04-22,20783.0,actual
174,2024-04-29,22261.0,actual
174,2024-05-06,21063.0,actual
174,2024-05-13,20094.0,actual
174,2024-05-20,19078.0,actual
174,2024-05-27,18816.0,actual
174,2024-06-03,18455.0,actual
174,2024-06-10,22284.0,actual
174,2024-06-17,21330.0,actual
174,2024-06-24,23254.0,actual
174,2024-07-01,21906.0,actual
174,2024-07-08,21567.0,actual
174,2024-07-15,21175.0,actual
174,2024-07-22,21673.0,actual
174,2024-07-29,17353.0,actual
174,2024-08-05,17717.0,actual
174,2024-08-12,17286.0,actual
174,2024-08-19,17374.0,actual
174,2024-08-26,18465.0,actual
174,2024-09-02,19053.0,actual
174,2024-09-09,19412.0,actual
174,2024-09-16,18684.0,actual
174,2024-09-23,17478.0,actual
174,2024-09-30,18884.0,actual
174,2024-10-07,15409.0,actual
177,2022-01-03,7508.0,actual
177,2022-01-10,6516.0,actual
177,2022-01-17,5414.0,actual
177,2022-01-24,5391.0,actual
177,2022-01-31,9926.0,actual
177,2022-02-07,8184.0,actual
177,2022-02-14,8864.0,actual
177,2022-02-21,8154.0,actual
177,2022-02-28,6358.0,actual
177,2022-03-07,6857.0,actual
177,2022-03-14,7052.0,actual
177,2022-03-21,5275.0,actual
177,2022-03-28,5392.0,actual
177,2022-04-04,4229.0,actual
177,2022-04-11,4513.0,actual
177,2022-04-18,4873.0,actual
177,2022-04-25,8051.0,actual
177,2022-05-02,9284.0,actual
177,2022-05-09,5603.0,actual
177,2022-05-16,5432.0,actual
177,2022-05-23,5441.0,actual
177,2022-05-30,7918.0,actual
177,2022-06-06,7005.0,actual
177,2022-06-13,4524.0,actual
177,2022-06-20,6665.0,actual
177,2022-06-27,6731.0,actual
177,2022-07-04,6261.0,actual
177,2022-07-11,5593.0,actual
177,2022-07-18,5490.0,actual
177,2022-07-25,6230.0,actual
177,2022-08-01,6975.0,actual
177,2022-08-08,10234.0,actual
177,2022-08-15,5631.0,actual
177,2022-08-22,5667.0,actual
177,2022-08-29,5414.0,actual
177,2022-09-05,5955.0,actual
177,2022-09-12,7172.0,actual
177,2022-09-19,7879.0,actual
177,2022-09-26,5595.0,actual
177,2022-10-03,6130.0,actual
177,2022-10-10,6515.0,actual
177,2022-10-17,6983.0,actual
177,2022-10-24,5477.0,actual
177,2022-10-31,6141.0,actual
177,2022-11-07,8119.0,actual
177,2022-11-14,7630.0,actual
177,2022-11-21,5827.0,actual
177,2022-11-28,13345.0,actual
177,2022-12-05,10529.0,actual
177,2022-12-12,9125.0,actual
177,2022-12-19,7703.0,actual
177,2022-12-26,9619.0,actual
177,2023-01-02,7607.0,actual
177,2023-01-09,6150.0,actual
177,2023-01-16,7541.0,actual
177,2023-01-23,8729.0,actual
177,2023-01-30,8371.0,actual
177,2023-02-06,7493.0,actual
177,2023-02-13,7055.0,actual
177,2023-02-20,12893.0,actual
177,2023-02-27,7457.0,actual
177,2023-03-06,4421.0,actual
177,2023-03-13,7467.0,actual
177,2023-03-20,6999.0,actual
177,2023-03-27,6967.0,actual
177,2023-04-03,5201.0,actual
177,2023-04-10,6166.0,actual
177,2023-04-17,7473.0,actual
177,2023-04-24,9497.0,actual
177,2023-05-01,8822.0,actual
177,2023-05-08,9882.0,actual
177,2023-05-15,6299.0,actual
177,2023-05-22,5485.0,actual
177,2023-05-29,5832.0,actual
177,2023-06-05,7990.0,actual
177,2023-06-12,6903.0,actual
177,2023-06-19,7316.0,actual
177,2023-06-26,7489.0,actual
177,2023-07-03,8907.0,actual
177,2023-07-10,5752.0,actual
177,2023-07-17,4953.0,actual
177,2023-07-24,8063.0,actual
177,2023-07-31,6268.0,actual
177,2023-08-07,6075.0,actual
177,2023-08-14,6422.0,actual
177,2023-08-21,6606.0,actual
177,2023-08-28,6209.0,actual
177,2023-09-04,5689.0,actual
177,2023-09-11,5863.0,actual
177,2023-09-18,7170.0,actual
177,2023-09-25,7927.0,actual
177,2023-10-02,6942.0,actual
177,2023-10-09,7295.0,actual
177,2023-10-16,6123.0,actual
177,2023-10-23,8627.0,actual
177,2023-10-30,6228.0,actual
177,2023-11-06,4885.0,actual
177,2023-11-13,8333.0,actual
177,2023-11-20,5702.0,actual
177,2023-11-27,9981.0,actual
177,2023-12-04,9272.0,actual
177,2023-12-11,7887.0,actual
177,2023-12-18,5677.0,actual
177,2023-12-25,7241.0,actual
177,2024-01-01,6987.0,actual
177,2024-01-08,8096.0,actual
177,2024-01-15,5799.0,actual
177,2024-01-22,8701.0,actual
177,2024-01-29,10829.0,actual
177,2024-02-05,7377.0,actual
177,2024-02-12,8063.0,actual
177,2024-02-19,8498.0,actual
177,2024-02-26,7286.0,actual
177,2024-03-04,7161.0,actual
177,2024-03-11,6322.0,actual
177,2024-03-18,7910.0,actual
177,2024-03-25,7036.0,actual
177,2024-04-01,5525.0,actual
177,2024-04-08,6818.0,actual
177,2024-04-15,5691.0,actual
177,2024-04-22,9015.0,actual
177,2024-04-29,7481.0,actual
177,2024-05-06,7745.0,actual
177,2024-05-13,6574.0,actual
177,2024-05-20,6439.0,actual
177,2024-05-27,7671.0,actual
177,2024-06-03,6058.0,actual
177,2024-06-10,6733.0,actual
177,2024-06-17,8157.0,actual
177,2024-06-24,9629.0,actual
177,2024-07-01,7286.0,actual
177,2024-07-08,7331.0,actual
177,2024-07-15,5569.0,actual
177,2024-07-22,9139.0,actual
177,2024-07-29,6207.0,actual
177,2024-08-05,6339.0,actual
177,2024-08-12,5310.0,actual
177,2024-08-19,4554.0,actual
177,2024-08-26,6182.0,actual
177,2024-09-02,6484.0,actual
177,2024-09-09,7117.0,actual
177,2024-09-16,5503.0,actual
177,2024-09-23,6592.0,actual
177,2024-09-30,6293.0,actual
177,2024-10-07,5669.0,actual
186,2022-01-03,4857.0,actual
186,2022-01-10,6065.0,actual
186,2022-01-17,4594.0,actual
186,2022-01-24,4181.0,actual
186,2022-01-31,6710.0,actual
186,2022-02-07,5608.0,actual
186,2022-02-14,5828.0,actual
186,2022-02-21,4984.0,actual
186,2022-02-28,4712.0,actual
186,2022-03-07,6904.0,actual
186,2022-03-14,5628.0,actual
186,2022-03-21,4618.0,actual
186,2022-03-28,4437.0,actual
186,2022-04-04,4216.0,actual
186,2022-04-11,4807.0,actual
186,2022-04-18,3995.0,actual
186,2022-04-25,4710.0,actual
186,2022-05-02,6234.0,actual
186,2022-05-09,5359.0,actual
186,2022-05-16,5887.0,actual
186,2022-05-23,5490.0,actual
186,2022-05-30,7002.0,actual
186,2022-06-06,6468.0,actual
186,2022-06-13,5476.0,actual
186,2022-06-20,5485.0,actual
186,2022-06-27,5524.0,actual
186,2022-07-04,6348.0,actual
186,2022-07-11,5250.0,actual
186,2022-07-18,4483.0,actual
186,2022-07-25,5000.0,actual
186,2022-08-01,5627.0,actual
186,2022-08-08,8436.0,actual
186,2022-08-15,4633.0,actual
186,2022-08-22,5657.0,actual
186,2022-08-29,4499.0,actual
186,2022-09-05,5113.0,actual
186,2022-09-12,6478.0,actual
186,2022-09-19,6411.0,actual
186,2022-09-26,5810.0,actual
186,2022-10-03,5984.0,actual
186,2022-10-10,5140.0,actual
186,2022-10-17,6005.0,actual
186,2022-10-24,4840.0,actual
186,2022-10-31,4912.0,actual
186,2022-11-07,6296.0,actual
186,2022-11-14,6809.0,actual
186,2022-11-21,5791.0,actual
186,2022-11-28,13602.0,actual
186,2022-12-05,7118.0,actual
186,2022-12-12,6800.0,actual
186,2022-12-19,6393.0,actual
186,2022-12-26,7786.0,actual
186,2023-01-02,6687.0,actual
186,2023-01-09,6238.0,actual
186,2023-01-16,6619.0,actual
186,2023-01-23,6570.0,actual
186,2023-01-30,6841.0,actual
186,2023-02-06,4915.0,actual
186,2023-02-13,6078.0,actual
186,2023-02-20,7777.0,actual
186,2023-02-27,5373.0,actual
186,2023-03-06,3175.0,actual
186,2023-03-13,6295.0,actual
186,2023-03-20,5049.0,actual
186,2023-03-27,5530.0,actual
186,2023-04-03,4683.0,actual
186,2023-04-10,5167.0,actual
186,2023-04-17,6840.0,actual
186,2023-04-24,7731.0,actual
186,2023-05-01,6230.0,actual
186,2023-05-08,7122.0,actual
186,2023-05-15,5576.0,actual
186,2023-05-22,6124.0,actual
186,2023-05-29,5155.0,actual
186,2023-06-05,6954.0,actual
186,2023-06-12,5773.0,actual
186,2023-06-19,4964.0,actual
186,2023-06-26,5455.0,actual
186,2023-07-03,6074.0,actual
186,2023-07-10,4861.0,actual
186,2023-07-17,4610.0,actual
186,2023-07-24,5907.0,actual
186,2023-07-31,5728.0,actual
186,2023-08-07,5877.0,actual
186,2023-08-14,6009.0,actual
186,2023-08-21,4958.0,actual
186,2023-08-28,5124.0,actual
186,2023-09-04,5033.0,actual
186,2023-09-11,5939.0,actual
186,2023-09-18,5184.0,actual
186,2023-09-25,4877.0,actual
186,2023-10-02,7134.0,actual
186,2023-10-09,6695.0,actual
186,2023-10-16,5692.0,actual
186,2023-10-23,6069.0,actual
186,2023-10-30,4940.0,actual
186,2023-11-06,4529.0,actual
186,2023-11-13,6254.0,actual
186,2023-11-20,5247.0,actual
186,2023-11-27,6950.0,actual
186,2023-12-04,5897.0,actual
186,2023-12-11,6197.0,actual
186,2023-12-18,4961.0,actual
186,2023-12-25,6149.0,actual
186,2024-01-01,6167.0,actual
186,2024-01-08,6477.0,actual
186,2024-01-15,5365.0,actual
186,2024-01-22,7649.0,actual
186,2024-01-29,6706.0,actual
186,2024-02-05,6007.0,actual
186,2024-02-12,5827.0,actual
186,2024-02-19,6081.0,actual
186,2024-02-26,5940.0,actual
186,2024-03-04,5225.0,actual
186,2024-03-11,5368.0,actual
186,2024-03-18,5929.0,actual
186,2024-03-25,5170.0,actual
186,2024-04-01,4550.0,actual
186,2024-04-08,4919.0,actual
186,2024-04-15,5191.0,actual
186,2024-04-22,6897.0,actual
186,2024-04-29,5646.0,actual
186,2024-05-06,6328.0,actual
186,2024-05-13,5889.0,actual
186,2024-05-20,4916.0,actual
186,2024-05-27,5637.0,actual
186,2024-06-03,5290.0,actual
186,2024-06-10,6309.0,actual
186,2024-06-17,6544.0,actual
186,2024-06-24,6980.0,actual
186,2024-07-01,6673.0,actual
186,2024-07-08,6707.0,actual
186,2024-07-15,6411.0,actual
186,2024-07-22,8879.0,actual
186,2024-07-29,6473.0,actual
186,2024-08-05,6501.0,actual
186,2024-08-12,5529.0,actual
186,2024-08-19,5656.0,actual
186,2024-08-26,5117.0,actual
186,2024-09-02,6360.0,actual
186,2024-09-09,5850.0,actual
186,2024-09-16,5638.0,actual
186,2024-09-23,5572.0,actual
186,2024-09-30,5436.0,actual
186,2024-10-07,4357.0,actual
10,2024-10-14,23698.96484375,forecast
10,2024-10-21,24513.248046875,forecast
10,2024-10-28,24469.09765625,forecast
10,2024-11-04,24283.607421875,forecast
10,2024-11-11,24255.015625,forecast
10,2024-11-18,24289.3203125,forecast
10,2024-11-25,24302.5703125,forecast
10,2024-12-02,24297.865234375,forecast
10,2024-12-09,24294.025390625,forecast
10,2024-12-16,24294.255859375,forecast
10,2024-12-23,24295.134765625,forecast
10,2024-12-30,24295.265625,forecast
10,2025-01-06,24295.1015625,forecast
10,2025-01-13,24295.041015625,forecast
10,2025-01-20,24295.0625,forecast
10,2025-01-27,24295.08203125,forecast
10,2025-02-03,24295.080078125,forecast
10,2025-02-10,24295.076171875,forecast
10,2025-02-17,24295.076171875,forecast
10,2025-02-24,24295.076171875,forecast
10,2025-03-03,24295.076171875,forecast
10,2025-03-10,24295.076171875,forecast
10,2025-03-17,24295.076171875,forecast
10,2025-03-24,24295.076171875,forecast
10,2025-03-31,24295.076171875,forecast
10,2025-04-07,24295.076171875,forecast
10,2025-04-14,24295.076171875,forecast
10,2025-04-21,24295.076171875,forecast
10,2025-04-28,24295.076171875,forecast
10,2025-05-05,24295.076171875,forecast
10,2025-05-12,24295.076171875,forecast
10,2025-05-19,24295.076171875,forecast
10,2025-05-26,24295.076171875,forecast
10,2025-06-02,24295.076171875,forecast
10,2025-06-09,24295.076171875,forecast
10,2025-06-16,24295.076171875,forecast
10,2025-06-23,24295.076171875,forecast
10,2025-06-30,24295.076171875,forecast
10,2025-07-07,24295.076171875,forecast
10,2025-07-14,24295.076171875,forecast
10,2025-07-21,24295.076171875,forecast
10,2025-07-28,24295.076171875,forecast
10,2025-08-04,24295.076171875,forecast
10,2025-08-11,24295.076171875,forecast
10,2025-08-18,24295.076171875,forecast
10,2025-08-25,24295.076171875,forecast
10,2025-09-01,24295.076171875,forecast
10,2025-09-08,24295.076171875,forecast
10,2025-09-15,24295.076171875,forecast
10,2025-09-22,24295.076171875,forecast
10,2025-09-29,24295.076171875,forecast
10,2025-10-06,24295.076171875,forecast
11,2024-10-14,16212.3076171875,forecast
11,2024-10-21,16717.607421875,forecast
11,2024-10-28,16875.67578125,forecast
11,2024-11-04,16925.123046875,forecast
11,2024-11-11,16940.591796875,forecast
11,2024-11-18,16945.4296875,forecast
11,2024-11-25,16946.943359375,forecast
11,2024-12-02,16947.416015625,forecast
11,2024-12-09,16947.564453125,forecast
11,2024-12-16,16947.611328125,forecast
11,2024-12-23,16947.625,forecast
11,2024-12-30,16947.630859375,forecast
11,2025-01-06,16947.630859375,forecast
11,2025-01-13,16947.6328125,forecast
11,2025-01-20,16947.6328125,forecast
11,2025-01-27,16947.6328125,forecast
11,2025-02-03,16947.6328125,forecast
11,2025-02-10,16947.6328125,forecast
11,2025-02-17,16947.6328125,forecast
11,2025-02-24,16947.6328125,forecast
11,2025-03-03,16947.6328125,forecast
11,2025-03-10,16947.6328125,forecast
11,2025-03-17,16947.6328125,forecast
11,2025-03-24,16947.6328125,forecast
11,2025-03-31,16947.6328125,forecast
11,2025-04-07,16947.6328125,forecast
11,2025-04-14,16947.6328125,forecast
11,2025-04-21,16947.6328125,forecast
11,2025-04-28,16947.6328125,forecast
11,2025-05-05,16947.6328125,forecast
11,2025-05-12,16947.6328125,forecast
11,2025-05-19,16947.6328125,forecast
11,2025-05-26,16947.6328125,forecast
11,2025-06-02,16947.6328125,forecast
11,2025-06-09,16947.6328125,forecast
11,2025-06-16,16947.6328125,forecast
11,2025-06-23,16947.6328125,forecast
11,2025-06-30,16947.6328125,forecast
11,2025-07-07,16947.6328125,forecast
11,2025-07-14,16947.6328125,forecast
11,2025-07-21,16947.6328125,forecast
11,2025-07-28,16947.6328125,forecast
11,2025-08-04,16947.6328125,forecast
11,2025-08-11,16947.6328125,forecast
11,2025-08-18,16947.6328125,forecast
11,2025-08-25,16947.6328125,forecast
11,2025-09-01,16947.6328125,forecast
11,2025-09-08,16947.6328125,forecast
11,2025-09-15,16947.6328125,forecast
11,2025-09-22,16947.6328125,forecast
11,2025-09-29,16947.6328125,forecast
11,2025-10-06,16947.6328125,forecast
13,2024-10-14,29908.318359375,forecast
13,2024-10-21,30243.353515625,forecast
13,2024-10-28,30243.353515625,forecast
13,2024-11-04,30243.353515625,forecast
13,2024-11-11,30243.353515625,forecast
13,2024-11-18,30243.353515625,forecast
13,2024-11-25,30243.353515625,forecast
13,2024-12-02,30243.353515625,forecast
13,2024-12-09,30243.353515625,forecast
13,2024-12-16,30243.353515625,forecast
13,2024-12-23,30243.353515625,forecast
13,2024-12-30,30243.353515625,forecast
13,2025-01-06,30243.353515625,forecast
13,2025-01-13,30243.353515625,forecast
13,2025-01-20,30243.353515625,forecast
13,2025-01-27,30243.353515625,forecast
13,2025-02-03,30243.353515625,forecast
13,2025-02-10,30243.353515625,forecast
13,2025-02-17,30243.353515625,forecast
13,2025-02-24,30243.353515625,forecast
13,2025-03-03,30243.353515625,forecast
13,2025-03-10,30243.353515625,forecast
13,2025-03-17,30243.353515625,forecast
13,2025-03-24,30243.353515625,forecast
13,2025-03-31,30243.353515625,forecast
13,2025-04-07,30243.353515625,forecast
13,2025-04-14,30243.353515625,forecast
13,2025-04-21,30243.353515625,forecast
13,2025-04-28,30243.353515625,forecast
13,2025-05-05,30243.353515625,forecast
13,2025-05-12,30243.353515625,forecast
13,2025-05-19,30243.353515625,forecast
13,2025-05-26,30243.353515625,forecast
13,2025-06-02,30243.353515625,forecast
13,2025-06-09,30243.353515625,forecast
13,2025-06-16,30243.353515625,forecast
13,2025-06-23,30243.353515625,forecast
13,2025-06-30,30243.353515625,forecast
13,2025-07-07,30243.353515625,forecast
13,2025-07-14,30243.353515625,forecast
13,2025-07-21,30243.353515625,forecast
13,2025-07-28,30243.353515625,forecast
13,2025-08-04,30243.353515625,forecast
13,2025-08-11,30243.353515625,forecast
13,2025-08-18,30243.353515625,forecast
13,2025-08-25,30243.353515625,forecast
13,2025-09-01,30243.353515625,forecast
13,2025-09-08,30243.353515625,forecast
13,2025-09-15,30243.353515625,forecast
13,2025-09-22,30243.353515625,forecast
13,2025-09-29,30243.353515625,forecast
13,2025-10-06,30243.353515625,forecast
14,2024-10-14,7202.435546875,forecast
14,2024-10-21,8023.41064453125,forecast
14,2024-10-28,9007.9296875,forecast
14,2024-11-04,8042.92333984375,forecast
14,2024-11-11,7824.5126953125,forecast
14,2024-11-18,8548.0322265625,forecast
14,2024-11-25,8373.580078125,forecast
14,2024-12-02,7979.10009765625,forecast
14,2024-12-09,8265.2255859375,forecast
14,2024-12-16,8396.728515625,forecast
14,2024-12-23,8153.00048828125,forecast
14,2024-12-30,8174.07177734375,forecast
14,2025-01-06,8323.4521484375,forecast
14,2025-01-13,8244.37890625,forecast
14,2025-01-20,8181.77197265625,forecast
14,2025-01-27,8260.62109375,forecast
14,2025-02-03,8266.8603515625,forecast
14,2025-02-10,8212.8212890625,forecast
14,2025-02-17,8232.40625,forecast
14,2025-02-24,8259.0009765625,forecast
14,2025-03-03,8234.6201171875,forecast
14,2025-03-10,8227.982421875,forecast
14,2025-03-17,8246.751953125,forecast
14,2025-03-24,8242.8583984375,forecast
14,2025-03-31,8232.34765625,forecast
14,2025-04-07,8239.48046875,forecast
14,2025-04-14,8243.19921875,forecast
14,2025-04-21,8236.9306640625,forecast
14,2025-04-28,8237.25390625,forecast
14,2025-05-05,8241.19140625,forecast
14,2025-05-12,8239.2578125,forecast
14,2025-05-19,8237.5419921875,forecast
14,2025-05-26,8239.55078125,forecast
14,2025-06-02,8239.7890625,forecast
14,2025-06-09,8238.376953125,forecast
14,2025-06-16,8238.83984375,forecast
14,2025-06-23,8239.5556640625,forecast
14,2025-06-30,8238.94140625,forecast
14,2025-07-07,8238.744140625,forecast
14,2025-07-14,8239.23046875,forecast
14,2025-07-21,8239.146484375,forecast
14,2025-07-28,8238.8671875,forecast
14,2025-08-04,8239.0439453125,forecast
14,2025-08-11,8239.1484375,forecast
14,2025-08-18,8238.9873046875,forecast
14,2025-08-25,8238.990234375,forecast
14,2025-09-01,8239.09375,forecast
14,2025-09-08,8239.046875,forecast
14,2025-09-15,8239.0,forecast
14,2025-09-22,8239.05078125,forecast
14,2025-09-29,8239.05859375,forecast
14,2025-10-06,8239.0224609375,forecast
17,2024-10-14,7175.734375,forecast
17,2024-10-21,7443.88623046875,forecast
17,2024-10-28,7443.88623046875,forecast
17,2024-11-04,7443.88623046875,forecast
17,2024-11-11,7443.88623046875,forecast
17,2024-11-18,7443.88623046875,forecast
17,2024-11-25,7443.88623046875,forecast
17,2024-12-02,7443.88623046875,forecast
17,2024-12-09,7443.88623046875,forecast
17,2024-12-16,7443.88623046875,forecast
17,2024-12-23,7443.88623046875,forecast
17,2024-12-30,7443.88623046875,forecast
17,2025-01-06,7443.88623046875,forecast
17,2025-01-13,7443.88623046875,forecast
17,2025-01-20,7443.88623046875,forecast
17,2025-01-27,7443.88623046875,forecast
17,2025-02-03,7443.88623046875,forecast
17,2025-02-10,7443.88623046875,forecast
17,2025-02-17,7443.88623046875,forecast
17,2025-02-24,7443.88623046875,forecast
17,2025-03-03,7443.88623046875,forecast
17,2025-03-10,7443.88623046875,forecast
17,2025-03-17,7443.88623046875,forecast
17,2025-03-24,7443.88623046875,forecast
17,2025-03-31,7443.88623046875,forecast
17,2025-04-07,7443.88623046875,forecast
17,2025-04-14,7443.88623046875,forecast
17,2025-04-21,7443.88623046875,forecast
17,2025-04-28,7443.88623046875,forecast
17,2025-05-05,7443.88623046875,forecast
17,2025-05-12,7443.88623046875,forecast
17,2025-05-19,7443.88623046875,forecast
17,2025-05-26,7443.88623046875,forecast
17,2025-06-02,7443.88623046875,forecast
17,2025-06-09,7443.88623046875,forecast
17,2025-06-16,7443.88623046875,forecast
17,2025-06-23,7443.88623046875,forecast
17,2025-06-30,7443.88623046875,forecast
17,2025-07-07,7443.88623046875,forecast
17,2025-07-14,7443.88623046875,forecast
17,2025-07-21,7443.88623046875,forecast
17,2025-07-28,7443.88623046875,forecast
17,2025-08-04,7443.88623046875,forecast
17,2025-08-11,7443.88623046875,forecast
17,2025-08-18,7443.88623046875,forecast
17,2025-08-25,7443.88623046875,forecast
17,2025-09-01,7443.88623046875,forecast
17,2025-09-08,7443.88623046875,forecast
17,2025-09-15,7443.88623046875,forecast
17,2025-09-22,7443.88623046875,forecast
17,2025-09-29,7443.88623046875,forecast
17,2025-10-06,7443.88623046875,forecast
20,2024-10-14,8676.43359375,forecast
20,2024-10-21,8676.43359375,forecast
20,2024-10-28,8676.43359375,forecast
20,2024-11-04,8676.43359375,forecast
20,2024-11-11,8676.43359375,forecast
20,2024-11-18,8676.43359375,forecast
20,2024-11-25,8676.43359375,forecast
20,2024-12-02,8676.43359375,forecast
20,2024-12-09,8676.43359375,forecast
20,2024-12-16,8676.43359375,forecast
20,2024-12-23,8676.43359375,forecast
20,2024-12-30,8676.43359375,forecast
20,2025-01-06,8676.43359375,forecast
20,2025-01-13,8676.43359375,forecast
20,2025-01-20,8676.43359375,forecast
20,2025-01-27,8676.43359375,forecast
20,2025-02-03,8676.43359375,forecast
20,2025-02-10,8676.43359375,forecast
20,2025-02-17,8676.43359375,forecast
20,2025-02-24,8676.43359375,forecast
20,2025-03-03,8676.43359375,forecast
20,2025-03-10,8676.43359375,forecast
20,2025-03-17,8676.43359375,forecast
20,2025-03-24,8676.43359375,forecast
20,2025-03-31,8676.43359375,forecast
20,2025-04-07,8676.43359375,forecast
20,2025-04-14,8676.43359375,forecast
20,2025-04-21,8676.43359375,forecast
20,2025-04-28,8676.43359375,forecast
20,2025-05-05,8676.43359375,forecast
20,2025-05-12,8676.43359375,forecast
20,2025-05-19,8676.43359375,forecast
20,2025-05-26,8676.43359375,forecast
20,2025-06-02,8676.43359375,forecast
20,2025-06-09,8676.43359375,forecast
20,2025-06-16,8676.43359375,forecast
20,2025-06-23,8676.43359375,forecast
20,2025-06-30,8676.43359375,forecast
20,2025-07-07,8676.43359375,forecast
20,2025-07-14,8676.43359375,forecast
20,2025-07-21,8676.43359375,forecast
20,2025-07-28,8676.43359375,forecast
20,2025-08-04,8676.43359375,forecast
20,2025-08-11,8676.43359375,forecast
20,2025-08-18,8676.43359375,forecast
20,2025-08-25,8676.43359375,forecast
20,2025-09-01,8676.43359375,forecast
20,2025-09-08,8676.43359375,forecast
20,2025-09-15,8676.43359375,forecast
20,2025-09-22,8676.43359375,forecast
20,2025-09-29,8676.43359375,forecast
20,2025-10-06,8676.43359375,forecast
23,2024-10-14,9646.458984375,forecast
23,2024-10-21,11337.1669921875,forecast
23,2024-10-28,11815.076171875,forecast
23,2024-11-04,10678.232421875,forecast
23,2024-11-11,10519.384765625,forecast
23,2024-11-18,11560.1748046875,forecast
23,2024-11-25,11526.53515625,forecast
23,2024-12-02,10614.7509765625,forecast
23,2024-12-09,10798.2880859375,forecast
23,2024-12-16,11571.3408203125,forecast
23,2024-12-23,11279.080078125,forecast
23,2024-12-30,10646.7109375,forecast
23,2025-01-06,11011.1103515625,forecast
23,2025-01-13,11507.2548828125,forecast
23,2025-01-20,11102.2255859375,forecast
23,2025-01-27,10733.05859375,forecast
23,2025-02-03,11152.4931640625,forecast
23,2025-02-10,11407.26171875,forecast
23,2025-02-17,10994.4248046875,forecast
23,2025-02-24,10839.4189453125,forecast
23,2025-03-03,11229.607421875,forecast
23,2025-03-10,11300.4638671875,forecast
23,2025-03-17,10944.4423828125,forecast
23,2025-03-24,10942.0244140625,forecast
23,2025-03-31,11256.37109375,forecast
23,2025-04-07,11205.470703125,forecast
23,2025-04-14,10936.8681640625,forecast
23,2025-04-21,11027.0673828125,forecast
23,2025-04-28,11248.703125,forecast
23,2025-05-05,11131.7744140625,forecast
23,2025-05-12,10956.0634765625,forecast
23,2025-05-19,11088.814453125,forecast
23,2025-05-26,11221.359375,forecast
23,2025-06-02,11081.939453125,forecast
23,2025-06-09,10988.58203125,forecast
23,2025-06-16,11127.2724609375,forecast
23,2025-06-23,11186.1962890625,forecast
23,2025-06-30,11053.958984375,forecast
23,2025-07-07,11024.3095703125,forecast
23,2025-07-14,11145.91796875,forecast
23,2025-07-21,11151.546875,forecast
23,2025-07-28,11043.36328125,forecast
23,2025-08-04,11056.6513671875,forecast
23,2025-08-11,11149.8056640625,forecast
23,2025-08-18,11122.3720703125,forecast
23,2025-08-25,11044.857421875,forecast
23,2025-09-01,11082.125,forecast
23,2025-09-08,11144.1904296875,forecast
23,2025-09-15,11100.8564453125,forecast
23,2025-09-22,11053.4384765625,forecast
23,2025-09-29,11099.6494140625,forecast
23,2025-10-06,11133.6669921875,forecast
24,2024-10-14,18117.01171875,forecast
24,2024-10-21,18429.42578125,forecast
24,2024-10-28,18504.328125,forecast
24,2024-11-04,18548.193359375,forecast
24,2024-11-11,18588.005859375,forecast
24,2024-11-18,18627.287109375,forecast
24,2024-11-25,18666.498046875,forecast
24,2024-12-02,18705.701171875,forecast
24,2024-12-09,18744.90234375,forecast
24,2024-12-16,18784.103515625,forecast
24,2024-12-23,18823.3046875,forecast
24,2024-12-30,18862.505859375,forecast
24,2025-01-06,18901.70703125,forecast
24,2025-01-13,18940.908203125,forecast
24,2025-01-20,18980.111328125,forecast
24,2025-01-27,19019.3125,forecast
24,2025-02-03,19058.513671875,forecast
24,2025-02-10,19097.71484375,forecast
24,2025-02-17,19136.916015625,forecast
24,2025-02-24,19176.1171875,forecast
24,2025-03-03,19215.318359375,forecast
24,2025-03-10,19254.51953125,forecast
24,2025-03-17,19293.720703125,forecast
24,2025-03-24,19332.921875,forecast
24,2025-03-31,19372.125,forecast
24,2025-04-07,19411.326171875,forecast
24,2025-04-14,19450.52734375,forecast
24,2025-04-21,19489.728515625,forecast
24,2025-04-28,19528.9296875,forecast
24,2025-05-05,19568.130859375,forecast
24,2025-05-12,19607.33203125,forecast
24,2025-05-19,19646.533203125,forecast
24,2025-05-26,19685.734375,forecast
24,2025-06-02,19724.935546875,forecast
24,2025-06-09,19764.13671875,forecast
24,2025-06-16,19803.33984375,forecast
24,2025-06-23,19842.541015625,forecast
24,2025-06-30,19881.7421875,forecast
24,2025-07-07,19920.943359375,forecast
24,2025-07-14,19960.14453125,forecast
24,2025-07-21,19999.345703125,forecast
24,2025-07-28,20038.546875,forecast
24,2025-08-04,20077.748046875,forecast
24,2025-08-11,20116.94921875,forecast
24,2025-08-18,20156.150390625,forecast
24,2025-08-25,20195.3515625,forecast
24,2025-09-01,20234.5546875,forecast
24,2025-09-08,20273.755859375,forecast
24,2025-09-15,20312.95703125,forecast
24,2025-09-22,20352.158203125,forecast
24,2025-09-29,20391.359375,forecast
24,2025-10-06,20430.560546875,forecast
26,2024-10-14,5768.60986328125,forecast
26,2024-10-21,6162.5224609375,forecast
26,2024-10-28,6162.5224609375,forecast
26,2024-11-04,6162.5224609375,forecast
26,2024-11-11,6162.5224609375,forecast
26,2024-11-18,6162.5224609375,forecast
26,2024-11-25,6162.5224609375,forecast
26,2024-12-02,6162.5224609375,forecast
26,2024-12-09,6162.5224609375,forecast
26,2024-12-16,6162.5224609375,forecast
26,2024-12-23,6162.5224609375,forecast
26,2024-12-30,6162.5224609375,forecast
26,2025-01-06,6162.5224609375,forecast
26,2025-01-13,6162.5224609375,forecast
26,2025-01-20,6162.5224609375,forecast
26,2025-01-27,6162.5224609375,forecast
26,2025-02-03,6162.5224609375,forecast
26,2025-02-10,6162.5224609375,forecast
26,2025-02-17,6162.5224609375,forecast
26,2025-02-24,6162.5224609375,forecast
26,2025-03-03,6162.5224609375,forecast
26,2025-03-10,6162.5224609375,forecast
26,2025-03-17,6162.5224609375,forecast
26,2025-03-24,6162.5224609375,forecast
26,2025-03-31,6162.5224609375,forecast
26,2025-04-07,6162.5224609375,forecast
26,2025-04-14,6162.5224609375,forecast
26,2025-04-21,6162.5224609375,forecast
26,2025-04-28,6162.5224609375,forecast
26,2025-05-05,6162.5224609375,forecast
26,2025-05-12,6162.5224609375,forecast
26,2025-05-19,6162.5224609375,forecast
26,2025-05-26,6162.5224609375,forecast
26,2025-06-02,6162.5224609375,forecast
26,2025-06-09,6162.5224609375,forecast
26,2025-06-16,6162.5224609375,forecast
26,2025-06-23,6162.5224609375,forecast
26,2025-06-30,6162.5224609375,forecast
26,2025-07-07,6162.5224609375,forecast
26,2025-07-14,6162.5224609375,forecast
26,2025-07-21,6162.5224609375,forecast
26,2025-07-28,6162.5224609375,forecast
26,2025-08-04,6162.5224609375,forecast
26,2025-08-11,6162.5224609375,forecast
26,2025-08-18,6162.5224609375,forecast
26,2025-08-25,6162.5224609375,forecast
26,2025-09-01,6162.5224609375,forecast
26,2025-09-08,6162.5224609375,forecast
26,2025-09-15,6162.5224609375,forecast
26,2025-09-22,6162.5224609375,forecast
26,2025-09-29,6162.5224609375,forecast
26,2025-10-06,6162.5224609375,forecast
27,2024-10-14,14844.4208984375,forecast
27,2024-10-21,15778.5390625,forecast
27,2024-10-28,16517.724609375,forecast
27,2024-11-04,15577.09375,forecast
27,2024-11-11,15545.22265625,forecast
27,2024-11-18,16159.6748046875,forecast
27,2024-11-25,15893.02734375,forecast
27,2024-12-02,15625.8994140625,forecast
27,2024-12-09,15920.6171875,forecast
27,2024-12-16,15953.248046875,forecast
27,2024-12-23,15750.1533203125,forecast
27,2024-12-30,15824.203125,forecast
27,2025-01-06,15919.0751953125,forecast
27,2025-01-13,15827.5673828125,forecast
27,2025-01-20,15809.8310546875,forecast
27,2025-01-27,15876.4423828125,forecast
27,2025-02-03,15856.638671875,forecast
27,2025-02-10,15823.4287109375,forecast
27,2025-02-17,15851.5615234375,forecast
27,2025-02-24,15859.591796875,forecast
27,2025-03-03,15837.9091796875,forecast
27,2025-03-10,15842.9169921875,forecast
27,2025-03-17,15854.3984375,forecast
27,2025-03-24,15845.8447265625,forecast
27,2025-03-31,15842.521484375,forecast
27,2025-04-07,15849.525390625,forecast
27,2025-04-14,15848.373046875,forecast
27,2025-04-21,15844.4462890625,forecast
27,2025-04-28,15847.0146484375,forecast
27,2025-05-05,15848.318359375,forecast
27,2025-05-12,15846.072265625,forecast
27,2025-05-19,15846.291015625,forecast
27,2025-05-26,15847.6201171875,forecast
27,2025-06-02,15846.8603515625,forecast
27,2025-06-09,15846.3671875,forecast
27,2025-06-16,15847.08203125,forecast
27,2025-06-23,15847.0625,forecast
27,2025-06-30,15846.6162109375,forecast
27,2025-07-07,15846.8369140625,forecast
27,2025-07-14,15847.0185546875,forecast
27,2025-07-21,15846.79296875,forecast
27,2025-07-28,15846.7822265625,forecast
27,2025-08-04,15846.931640625,forecast
27,2025-08-11,15846.8681640625,forecast
27,2025-08-18,15846.802734375,forecast
27,2025-08-25,15846.8740234375,forecast
27,2025-09-01,15846.8818359375,forecast
27,2025-09-08,15846.8330078125,forecast
27,2025-09-15,15846.8505859375,forecast
27,2025-09-22,15846.8740234375,forecast
27,2025-09-29,15846.8515625,forecast
27,2025-10-06,15846.84765625,forecast
29,2024-10-14,6933.6396484375,forecast
29,2024-10-21,7446.607421875,forecast
29,2024-10-28,7595.47021484375,forecast
29,2024-11-04,7638.669921875,forecast
29,2024-11-11,7651.20654296875,forecast
29,2024-11-18,7654.8447265625,forecast
29,2024-11-25,7655.900390625,forecast
29,2024-12-02,7656.20703125,forecast
29,2024-12-09,7656.2958984375,forecast
29,2024-12-16,7656.32177734375,forecast
29,2024-12-23,7656.3291015625,forecast
29,2024-12-30,7656.3310546875,forecast
29,2025-01-06,7656.33203125,forecast
29,2025-01-13,7656.33203125,forecast
29,2025-01-20,7656.33203125,forecast
29,2025-01-27,7656.33203125,forecast
29,2025-02-03,7656.33203125,forecast
29,2025-02-10,7656.33203125,forecast
29,2025-02-17,7656.33203125,forecast
29,2025-02-24,7656.33203125,forecast
29,2025-03-03,7656.33203125,forecast
29,2025-03-10,7656.33203125,forecast
29,2025-03-17,7656.33203125,forecast
29,2025-03-24,7656.33203125,forecast
29,2025-03-31,7656.33203125,forecast
29,2025-04-07,7656.33203125,forecast
29,2025-04-14,7656.33203125,forecast
29,2025-04-21,7656.33203125,forecast
29,2025-04-28,7656.33203125,forecast
29,2025-05-05,7656.33203125,forecast
29,2025-05-12,7656.33203125,forecast
29,2025-05-19,7656.33203125,forecast
29,2025-05-26,7656.33203125,forecast
29,2025-06-02,7656.33203125,forecast
29,2025-06-09,7656.33203125,forecast
29,2025-06-16,7656.33203125,forecast
29,2025-06-23,7656.33203125,forecast
29,2025-06-30,7656.33203125,forecast
29,2025-07-07,7656.33203125,forecast
29,2025-07-14,7656.33203125,forecast
29,2025-07-21,7656.33203125,forecast
29,2025-07-28,7656.33203125,forecast
29,2025-08-04,7656.33203125,forecast
29,2025-08-11,7656.33203125,forecast
29,2025-08-18,7656.33203125,forecast
29,2025-08-25,7656.33203125,forecast
29,2025-09-01,7656.33203125,forecast
29,2025-09-08,7656.33203125,forecast
29,2025-09-15,7656.33203125,forecast
29,2025-09-22,7656.33203125,forecast
29,2025-09-29,7656.33203125,forecast
29,2025-10-06,7656.33203125,forecast
30,2024-10-14,12286.51953125,forecast
30,2024-10-21,12632.654296875,forecast
30,2024-10-28,12661.2353515625,forecast
30,2024-11-04,12335.80078125,forecast
30,2024-11-11,12377.09765625,forecast
30,2024-11-18,12668.8935546875,forecast
30,2024-11-25,12570.0927734375,forecast
30,2024-12-02,12321.3056640625,forecast
30,2024-12-09,12464.2392578125,forecast
30,2024-12-16,12664.1513671875,forecast
30,2024-12-23,12490.6455078125,forecast
30,2024-12-30,12342.205078125,forecast
30,2025-01-06,12533.2236328125,forecast
30,2025-01-13,12630.513671875,forecast
30,2025-01-20,12433.9658203125,forecast
30,2025-01-27,12385.0390625,forecast
30,2025-02-03,12576.6328125,forecast
30,2025-02-10,12581.94921875,forecast
30,2025-02-17,12403.998046875,forecast
30,2025-02-24,12436.0986328125,forecast
30,2025-03-03,12593.67578125,forecast
30,2025-03-10,12531.2763671875,forecast
30,2025-03-17,12398.8056640625,forecast
30,2025-03-24,12483.9501953125,forecast
30,2025-03-31,12588.517578125,forecast
30,2025-04-07,12488.1806640625,forecast
30,2025-04-14,12412.529296875,forecast
30,2025-04-21,12520.875,forecast
30,2025-04-28,12568.1708984375,forecast
30,2025-05-05,12458.330078125,forecast
30,2025-05-12,12437.5166015625,forecast
30,2025-05-19,12543.2314453125,forecast
30,2025-05-26,12540.4580078125,forecast
30,2025-06-02,12443.45703125,forecast
30,2025-06-09,12466.189453125,forecast
30,2025-06-16,12550.99609375,forecast
30,2025-06-23,12512.376953125,forecast
30,2025-06-30,12442.1298828125,forecast
30,2025-07-07,12492.384765625,forecast
30,2025-07-14,12546.7734375,forecast
30,2025-07-21,12489.076171875,forecast
30,2025-07-28,12450.873046875,forecast
30,2025-08-04,12512.07421875,forecast
30,2025-08-11,12534.6083984375,forecast
30,2025-08-18,12473.4326171875,forecast
30,2025-08-25,12465.3544921875,forecast
30,2025-09-01,12523.501953125,forecast
30,2025-09-08,12518.865234375,forecast
30,2025-09-15,12466.158203125,forecast
30,2025-09-22,12481.3994140625,forecast
30,2025-09-29,12526.87890625,forecast
30,2025-10-06,12503.353515625,forecast
32,2024-10-14,8309.08203125,forecast
32,2024-10-21,8596.091796875,forecast
32,2024-10-28,8596.091796875,forecast
32,2024-11-04,8596.091796875,forecast
32,2024-11-11,8596.091796875,forecast
32,2024-11-18,8596.091796875,forecast
32,2024-11-25,8596.091796875,forecast
32,2024-12-02,8596.091796875,forecast
32,2024-12-09,8596.091796875,forecast
32,2024-12-16,8596.091796875,forecast
32,2024-12-23,8596.091796875,forecast
32,2024-12-30,8596.091796875,forecast
32,2025-01-06,8596.091796875,forecast
32,2025-01-13,8596.091796875,forecast
32,2025-01-20,8596.091796875,forecast
32,2025-01-27,8596.091796875,forecast
32,2025-02-03,8596.091796875,forecast
32,2025-02-10,8596.091796875,forecast
32,2025-02-17,8596.091796875,forecast
32,2025-02-24,8596.091796875,forecast
32,2025-03-03,8596.091796875,forecast
32,2025-03-10,8596.091796875,forecast
32,2025-03-17,8596.091796875,forecast
32,2025-03-24,8596.091796875,forecast
32,2025-03-31,8596.091796875,forecast
32,2025-04-07,8596.091796875,forecast
32,2025-04-14,8596.091796875,forecast
32,2025-04-21,8596.091796875,forecast
32,2025-04-28,8596.091796875,forecast
32,2025-05-05,8596.091796875,forecast
32,2025-05-12,8596.091796875,forecast
32,2025-05-19,8596.091796875,forecast
32,2025-05-26,8596.091796875,forecast
32,2025-06-02,8596.091796875,forecast
32,2025-06-09,8596.091796875,forecast
32,2025-06-16,8596.091796875,forecast
32,2025-06-23,8596.091796875,forecast
32,2025-06-30,8596.091796875,forecast
32,2025-07-07,8596.091796875,forecast
32,2025-07-14,8596.091796875,forecast
32,2025-07-21,8596.091796875,forecast
32,2025-07-28,8596.091796875,forecast
32,2025-08-04,8596.091796875,forecast
32,2025-08-11,8596.091796875,forecast
32,2025-08-18,8596.091796875,forecast
32,2025-08-25,8596.091796875,forecast
32,2025-09-01,8596.091796875,forecast
32,2025-09-08,8596.091796875,forecast
32,2025-09-15,8596.091796875,forecast
32,2025-09-22,8596.091796875,forecast
32,2025-09-29,8596.091796875,forecast
32,2025-10-06,8596.091796875,forecast
34,2024-10-14,6801.3310546875,forecast
34,2024-10-21,6801.3310546875,forecast
34,2024-10-28,6801.3310546875,forecast
34,2024-11-04,6801.3310546875,forecast
34,2024-11-11,6801.3310546875,forecast
34,2024-11-18,6801.3310546875,forecast
34,2024-11-25,6801.3310546875,forecast
34,2024-12-02,6801.3310546875,forecast
34,2024-12-09,6801.3310546875,forecast
34,2024-12-16,6801.3310546875,forecast
34,2024-12-23,6801.3310546875,forecast
34,2024-12-30,6801.3310546875,forecast
34,2025-01-06,6801.3310546875,forecast
34,2025-01-13,6801.3310546875,forecast
34,2025-01-20,6801.3310546875,forecast
34,2025-01-27,6801.3310546875,forecast
34,2025-02-03,6801.3310546875,forecast
34,2025-02-10,6801.3310546875,forecast
34,2025-02-17,6801.3310546875,forecast
34,2025-02-24,6801.3310546875,forecast
34,2025-03-03,6801.3310546875,forecast
34,2025-03-10,6801.3310546875,forecast
34,2025-03-17,6801.3310546875,forecast
34,2025-03-24,6801.3310546875,forecast
34,2025-03-31,6801.3310546875,forecast
34,2025-04-07,6801.3310546875,forecast
34,2025-04-14,6801.3310546875,forecast
34,2025-04-21,6801.3310546875,forecast
34,2025-04-28,6801.3310546875,forecast
34,2025-05-05,6801.3310546875,forecast
34,2025-05-12,6801.3310546875,forecast
34,2025-05-19,6801.3310546875,forecast
34,2025-05-26,6801.3310546875,forecast
34,2025-06-02,6801.3310546875,forecast
34,2025-06-09,6801.3310546875,forecast
34,2025-06-16,6801.3310546875,forecast
34,2025-06-23,6801.3310546875,forecast
34,2025-06-30,6801.3310546875,forecast
34,2025-07-07,6801.3310546875,forecast
34,2025-07-14,6801.3310546875,forecast
34,2025-07-21,6801.3310546875,forecast
34,2025-07-28,6801.3310546875,forecast
34,2025-08-04,6801.3310546875,forecast
34,2025-08-11,6801.3310546875,forecast
34,2025-08-18,6801.3310546875,forecast
34,2025-08-25,6801.3310546875,forecast
34,2025-09-01,6801.3310546875,forecast
34,2025-09-08,6801.3310546875,forecast
34,2025-09-15,6801.3310546875,forecast
34,2025-09-22,6801.3310546875,forecast
34,2025-09-29,6801.3310546875,forecast
34,2025-10-06,6801.3310546875,forecast
36,2024-10-14,13057.462890625,forecast
36,2024-10-21,13699.494140625,forecast
36,2024-10-28,13699.494140625,forecast
36,2024-11-04,13699.494140625,forecast
36,2024-11-11,13699.494140625,forecast
36,2024-11-18,13699.494140625,forecast
36,2024-11-25,13699.494140625,forecast
36,2024-12-02,13699.494140625,forecast
36,2024-12-09,13699.494140625,forecast
36,2024-12-16,13699.494140625,forecast
36,2024-12-23,13699.494140625,forecast
36,2024-12-30,13699.494140625,forecast
36,2025-01-06,13699.494140625,forecast
36,2025-01-13,13699.494140625,forecast
36,2025-01-20,13699.494140625,forecast
36,2025-01-27,13699.494140625,forecast
36,2025-02-03,13699.494140625,forecast
36,2025-02-10,13699.494140625,forecast
36,2025-02-17,13699.494140625,forecast
36,2025-02-24,13699.494140625,forecast
36,2025-03-03,13699.494140625,forecast
36,2025-03-10,13699.494140625,forecast
36,2025-03-17,13699.494140625,forecast
36,2025-03-24,13699.494140625,forecast
36,2025-03-31,13699.494140625,forecast
36,2025-04-07,13699.494140625,forecast
36,2025-04-14,13699.494140625,forecast
36,2025-04-21,13699.494140625,forecast
36,2025-04-28,13699.494140625,forecast
36,2025-05-05,13699.494140625,forecast
36,2025-05-12,13699.494140625,forecast
36,2025-05-19,13699.494140625,forecast
36,2025-05-26,13699.494140625,forecast
36,2025-06-02,13699.494140625,forecast
36,2025-06-09,13699.494140625,forecast
36,2025-06-16,13699.494140625,forecast
36,2025-06-23,13699.494140625,forecast
36,2025-06-30,13699.494140625,forecast
36,2025-07-07,13699.494140625,forecast
36,2025-07-14,13699.494140625,forecast
36,2025-07-21,13699.494140625,forecast
36,2025-07-28,13699.494140625,forecast
36,2025-08-04,13699.494140625,forecast
36,2025-08-11,13699.494140625,forecast
36,2025-08-18,13699.494140625,forecast
36,2025-08-25,13699.494140625,forecast
36,2025-09-01,13699.494140625,forecast
36,2025-09-08,13699.494140625,forecast
36,2025-09-15,13699.494140625,forecast
36,2025-09-22,13699.494140625,forecast
36,2025-09-29,13699.494140625,forecast
36,2025-10-06,13699.494140625,forecast
39,2024-10-14,7984.11962890625,forecast
39,2024-10-21,8291.361328125,forecast
39,2024-10-28,8291.361328125,forecast
39,2024-11-04,8291.361328125,forecast
39,2024-11-11,8291.361328125,forecast
39,2024-11-18,8291.361328125,forecast
39,2024-11-25,8291.361328125,forecast
39,2024-12-02,8291.361328125,forecast
39,2024-12-09,8291.361328125,forecast
39,2024-12-16,8291.361328125,forecast
39,2024-12-23,8291.361328125,forecast
39,2024-12-30,8291.361328125,forecast
39,2025-01-06,8291.361328125,forecast
39,2025-01-13,8291.361328125,forecast
39,2025-01-20,8291.361328125,forecast
39,2025-01-27,8291.361328125,forecast
39,2025-02-03,8291.361328125,forecast
39,2025-02-10,8291.361328125,forecast
39,2025-02-17,8291.361328125,forecast
39,2025-02-24,8291.361328125,forecast
39,2025-03-03,8291.361328125,forecast
39,2025-03-10,8291.361328125,forecast
39,2025-03-17,8291.361328125,forecast
39,2025-03-24,8291.361328125,forecast
39,2025-03-31,8291.361328125,forecast
39,2025-04-07,8291.361328125,forecast
39,2025-04-14,8291.361328125,forecast
39,2025-04-21,8291.361328125,forecast
39,2025-04-28,8291.361328125,forecast
39,2025-05-05,8291.361328125,forecast
39,2025-05-12,8291.361328125,forecast
39,2025-05-19,8291.361328125,forecast
39,2025-05-26,8291.361328125,forecast
39,2025-06-02,8291.361328125,forecast
39,2025-06-09,8291.361328125,forecast
39,2025-06-16,8291.361328125,forecast
39,2025-06-23,8291.361328125,forecast
39,2025-06-30,8291.361328125,forecast
39,2025-07-07,8291.361328125,forecast
39,2025-07-14,8291.361328125,forecast
39,2025-07-21,8291.361328125,forecast
39,2025-07-28,8291.361328125,forecast
39,2025-08-04,8291.361328125,forecast
39,2025-08-11,8291.361328125,forecast
39,2025-08-18,8291.361328125,forecast
39,2025-08-25,8291.361328125,forecast
39,2025-09-01,8291.361328125,forecast
39,2025-09-08,8291.361328125,forecast
39,2025-09-15,8291.361328125,forecast
39,2025-09-22,8291.361328125,forecast
39,2025-09-29,8291.361328125,forecast
39,2025-10-06,8291.361328125,forecast
41,2024-10-14,3221.76171875,forecast
41,2024-10-21,2710.0,forecast
41,2024-10-28,4462.0,forecast
41,2024-11-04,2746.0,forecast
41,2024-11-11,2916.0,forecast
41,2024-11-18,2506.0,forecast
41,2024-11-25,4842.0,forecast
41,2024-12-02,4497.0,forecast
41,2024-12-09,3391.0,forecast
41,2024-12-16,1868.0,forecast
41,2024-12-23,2746.0,forecast
41,2024-12-30,5009.0,forecast
41,2025-01-06,3244.0,forecast
41,2025-01-13,2431.0,forecast
41,2025-01-20,2928.0,forecast
41,2025-01-27,5925.0,forecast
41,2025-02-03,4485.0,forecast
41,2025-02-10,3416.0,forecast
41,2025-02-17,3100.0,forecast
41,2025-02-24,4622.0,forecast
41,2025-03-03,4741.0,forecast
41,2025-03-10,2915.0,forecast
41,2025-03-17,2623.0,forecast
41,2025-03-24,4181.0,forecast
41,2025-03-31,5952.0,forecast
41,2025-04-07,3025.0,forecast
41,2025-04-14,2465.0,forecast
41,2025-04-21,4249.0,forecast
41,2025-04-28,5677.0,forecast
41,2025-05-05,3933.0,forecast
41,2025-05-12,3631.0,forecast
41,2025-05-19,2775.0,forecast
41,2025-05-26,3653.0,forecast
41,2025-06-02,4074.0,forecast
41,2025-06-09,3025.0,forecast
41,2025-06-16,2767.0,forecast
41,2025-06-23,3046.0,forecast
41,2025-06-30,4596.0,forecast
41,2025-07-07,5707.0,forecast
41,2025-07-14,3492.0,forecast
41,2025-07-21,2849.0,forecast
41,2025-07-28,3973.0,forecast
41,2025-08-04,3345.0,forecast
41,2025-08-11,2532.0,forecast
41,2025-08-18,2058.0,forecast
41,2025-08-25,3316.0,forecast
41,2025-09-01,4626.0,forecast
41,2025-09-08,2623.0,forecast
41,2025-09-15,2634.0,forecast
41,2025-09-22,3460.0,forecast
41,2025-09-29,3596.0,forecast
41,2025-10-06,3022.0,forecast
42,2024-10-14,6908.181640625,forecast
42,2024-10-21,7062.37744140625,forecast
42,2024-10-28,7087.5595703125,forecast
42,2024-11-04,7091.671875,forecast
42,2024-11-11,7092.34375,forecast
42,2024-11-18,7092.453125,forecast
42,2024-11-25,7092.47119140625,forecast
42,2024-12-02,7092.47412109375,forecast
42,2024-12-09,7092.474609375,forecast
42,2024-12-16,7092.474609375,forecast
42,2024-12-23,7092.474609375,forecast
42,2024-12-30,7092.474609375,forecast
42,2025-01-06,7092.474609375,forecast
42,2025-01-13,7092.474609375,forecast
42,2025-01-20,7092.474609375,forecast
42,2025-01-27,7092.474609375,forecast
42,2025-02-03,7092.474609375,forecast
42,2025-02-10,7092.474609375,forecast
42,2025-02-17,7092.474609375,forecast
42,2025-02-24,7092.474609375,forecast
42,2025-03-03,7092.474609375,forecast
42,2025-03-10,7092.474609375,forecast
42,2025-03-17,7092.474609375,forecast
42,2025-03-24,7092.474609375,forecast
42,2025-03-31,7092.474609375,forecast
42,2025-04-07,7092.474609375,forecast
42,2025-04-14,7092.474609375,forecast
42,2025-04-21,7092.474609375,forecast
42,2025-04-28,7092.474609375,forecast
42,2025-05-05,7092.474609375,forecast
42,2025-05-12,7092.474609375,forecast
42,2025-05-19,7092.474609375,forecast
42,2025-05-26,7092.474609375,forecast
42,2025-06-02,7092.474609375,forecast
42,2025-06-09,7092.474609375,forecast
42,2025-06-16,7092.474609375,forecast
42,2025-06-23,7092.474609375,forecast
42,2025-06-30,7092.474609375,forecast
42,2025-07-07,7092.474609375,forecast
42,2025-07-14,7092.474609375,forecast
42,2025-07-21,7092.474609375,forecast
42,2025-07-28,7092.474609375,forecast
42,2025-08-04,7092.474609375,forecast
42,2025-08-11,7092.474609375,forecast
42,2025-08-18,7092.474609375,forecast
42,2025-08-25,7092.474609375,forecast
42,2025-09-01,7092.474609375,forecast
42,2025-09-08,7092.474609375,forecast
42,2025-09-15,7092.474609375,forecast
42,2025-09-22,7092.474609375,forecast
42,2025-09-29,7092.474609375,forecast
42,2025-10-06,7092.474609375,forecast
43,2024-10-14,25462.23046875,forecast
43,2024-10-21,26425.740234375,forecast
43,2024-10-28,26792.0625,forecast
43,2024-11-04,26931.337890625,forecast
43,2024-11-11,26984.2890625,forecast
43,2024-11-18,27004.421875,forecast
43,2024-11-25,27012.076171875,forecast
43,2024-12-02,27014.986328125,forecast
43,2024-12-09,27016.091796875,forecast
43,2024-12-16,27016.513671875,forecast
43,2024-12-23,27016.673828125,forecast
43,2024-12-30,27016.734375,forecast
43,2025-01-06,27016.7578125,forecast
43,2025-01-13,27016.765625,forecast
43,2025-01-20,27016.76953125,forecast
43,2025-01-27,27016.771484375,forecast
43,2025-02-03,27016.771484375,forecast
43,2025-02-10,27016.771484375,forecast
43,2025-02-17,27016.771484375,forecast
43,2025-02-24,27016.771484375,forecast
43,2025-03-03,27016.771484375,forecast
43,2025-03-10,27016.771484375,forecast
43,2025-03-17,27016.771484375,forecast
43,2025-03-24,27016.771484375,forecast
43,2025-03-31,27016.771484375,forecast
43,2025-04-07,27016.771484375,forecast
43,2025-04-14,27016.771484375,forecast
43,2025-04-21,27016.771484375,forecast
43,2025-04-28,27016.771484375,forecast
43,2025-05-05,27016.771484375,forecast
43,2025-05-12,27016.771484375,forecast
43,2025-05-19,27016.771484375,forecast
43,2025-05-26,27016.771484375,forecast
43,2025-06-02,27016.771484375,forecast
43,2025-06-09,27016.771484375,forecast
43,2025-06-16,27016.771484375,forecast
43,2025-06-23,27016.771484375,forecast
43,2025-06-30,27016.771484375,forecast
43,2025-07-07,27016.771484375,forecast
43,2025-07-14,27016.771484375,forecast
43,2025-07-21,27016.771484375,forecast
43,2025-07-28,27016.771484375,forecast
43,2025-08-04,27016.771484375,forecast
43,2025-08-11,27016.771484375,forecast
43,2025-08-18,27016.771484375,forecast
43,2025-08-25,27016.771484375,forecast
43,2025-09-01,27016.771484375,forecast
43,2025-09-08,27016.771484375,forecast
43,2025-09-15,27016.771484375,forecast
43,2025-09-22,27016.771484375,forecast
43,2025-09-29,27016.771484375,forecast
43,2025-10-06,27016.771484375,forecast
50,2024-10-14,8079.79150390625,forecast
50,2024-10-21,8249.873046875,forecast
50,2024-10-28,8237.490234375,forecast
50,2024-11-04,8225.1064453125,forecast
50,2024-11-11,8212.7236328125,forecast
50,2024-11-18,8200.33984375,forecast
50,2024-11-25,8187.95703125,forecast
50,2024-12-02,8175.57373046875,forecast
50,2024-12-09,8163.1904296875,forecast
50,2024-12-16,8150.80712890625,forecast
50,2024-12-23,8138.423828125,forecast
50,2024-12-30,8126.04052734375,forecast
50,2025-01-06,8113.6572265625,forecast
50,2025-01-13,8101.27392578125,forecast
50,2025-01-20,8088.890625,forecast
50,2025-01-27,8076.50732421875,forecast
50,2025-02-03,8064.1240234375,forecast
50,2025-02-10,8051.74072265625,forecast
50,2025-02-17,8039.357421875,forecast
50,2025-02-24,8026.97412109375,forecast
50,2025-03-03,8014.5908203125,forecast
50,2025-03-10,8002.20751953125,forecast
50,2025-03-17,7989.82421875,forecast
50,2025-03-24,7977.44091796875,forecast
50,2025-03-31,7965.0576171875,forecast
50,2025-04-07,7952.67431640625,forecast
50,2025-04-14,7940.291015625,forecast
50,2025-04-21,7927.90771484375,forecast
50,2025-04-28,7915.5244140625,forecast
50,2025-05-05,7903.14111328125,forecast
50,2025-05-12,7890.7578125,forecast
50,2025-05-19,7878.37451171875,forecast
50,2025-05-26,7865.9912109375,forecast
50,2025-06-02,7853.60791015625,forecast
50,2025-06-09,7841.224609375,forecast
50,2025-06-16,7828.84130859375,forecast
50,2025-06-23,7816.4580078125,forecast
50,2025-06-30,7804.07470703125,forecast
50,2025-07-07,7791.69140625,forecast
50,2025-07-14,7779.30810546875,forecast
50,2025-07-21,7766.9248046875,forecast
50,2025-07-28,7754.54150390625,forecast
50,2025-08-04,7742.158203125,forecast
50,2025-08-11,7729.77490234375,forecast
50,2025-08-18,7717.3916015625,forecast
50,2025-08-25,7705.00830078125,forecast
50,2025-09-01,7692.625,forecast
50,2025-09-08,7680.24169921875,forecast
50,2025-09-15,7667.8583984375,forecast
50,2025-09-22,7655.47509765625,forecast
50,2025-09-29,7643.091796875,forecast
50,2025-10-06,7630.70849609375,forecast
51,2024-10-14,15222.6572265625,forecast
51,2024-10-21,15825.7763671875,forecast
51,2024-10-28,15962.5439453125,forecast
51,2024-11-04,15993.5576171875,forecast
51,2024-11-11,16000.5908203125,forecast
51,2024-11-18,16002.185546875,forecast
51,2024-11-25,16002.5478515625,forecast
51,2024-12-02,16002.6298828125,forecast
51,2024-12-09,16002.6484375,forecast
51,2024-12-16,16002.65234375,forecast
51,2024-12-23,16002.6533203125,forecast
51,2024-12-30,16002.6533203125,forecast
51,2025-01-06,16002.6533203125,forecast
51,2025-01-13,16002.6533203125,forecast
51,2025-01-20,16002.6533203125,forecast
51,2025-01-27,16002.6533203125,forecast
51,2025-02-03,16002.6533203125,forecast
51,2025-02-10,16002.6533203125,forecast
51,2025-02-17,16002.6533203125,forecast
51,2025-02-24,16002.6533203125,forecast
51,2025-03-03,16002.6533203125,forecast
51,2025-03-10,16002.6533203125,forecast
51,2025-03-17,16002.6533203125,forecast
51,2025-03-24,16002.6533203125,forecast
51,2025-03-31,16002.6533203125,forecast
51,2025-04-07,16002.6533203125,forecast
51,2025-04-14,16002.6533203125,forecast
51,2025-04-21,16002.6533203125,forecast
51,2025-04-28,16002.6533203125,forecast
51,2025-05-05,16002.6533203125,forecast
51,2025-05-12,16002.6533203125,forecast
51,2025-05-19,16002.6533203125,forecast
51,2025-05-26,16002.6533203125,forecast
51,2025-06-02,16002.6533203125,forecast
51,2025-06-09,16002.6533203125,forecast
51,2025-06-16,16002.6533203125,forecast
51,2025-06-23,16002.6533203125,forecast
51,2025-06-30,16002.6533203125,forecast
51,2025-07-07,16002.6533203125,forecast
51,2025-07-14,16002.6533203125,forecast
51,2025-07-21,16002.6533203125,forecast
51,2025-07-28,16002.6533203125,forecast
51,2025-08-04,16002.6533203125,forecast
51,2025-08-11,16002.6533203125,forecast
51,2025-08-18,16002.6533203125,forecast
51,2025-08-25,16002.6533203125,forecast
51,2025-09-01,16002.6533203125,forecast
51,2025-09-08,16002.6533203125,forecast
51,2025-09-15,16002.6533203125,forecast
51,2025-09-22,16002.6533203125,forecast
51,2025-09-29,16002.6533203125,forecast
51,2025-10-06,16002.6533203125,forecast
52,2024-10-14,22029.72265625,forecast
52,2024-10-21,22982.341796875,forecast
52,2024-10-28,22982.341796875,forecast
52,2024-11-04,22982.341796875,forecast
52,2024-11-11,22982.341796875,forecast
52,2024-11-18,22982.341796875,forecast
52,2024-11-25,22982.341796875,forecast
52,2024-12-02,22982.341796875,forecast
52,2024-12-09,22982.341796875,forecast
52,2024-12-16,22982.341796875,forecast
52,2024-12-23,22982.341796875,forecast
52,2024-12-30,22982.341796875,forecast
52,2025-01-06,22982.341796875,forecast
52,2025-01-13,22982.341796875,forecast
52,2025-01-20,22982.341796875,forecast
52,2025-01-27,22982.341796875,forecast
52,2025-02-03,22982.341796875,forecast
52,2025-02-10,22982.341796875,forecast
52,2025-02-17,22982.341796875,forecast
52,2025-02-24,22982.341796875,forecast
52,2025-03-03,22982.341796875,forecast
52,2025-03-10,22982.341796875,forecast
52,2025-03-17,22982.341796875,forecast
52,2025-03-24,22982.341796875,forecast
52,2025-03-31,22982.341796875,forecast
52,2025-04-07,22982.341796875,forecast
52,2025-04-14,22982.341796875,forecast
52,2025-04-21,22982.341796875,forecast
52,2025-04-28,22982.341796875,forecast
52,2025-05-05,22982.341796875,forecast
52,2025-05-12,22982.341796875,forecast
52,2025-05-19,22982.341796875,forecast
52,2025-05-26,22982.341796875,forecast
52,2025-06-02,22982.341796875,forecast
52,2025-06-09,22982.341796875,forecast
52,2025-06-16,22982.341796875,forecast
52,2025-06-23,22982.341796875,forecast
52,2025-06-30,22982.341796875,forecast
52,2025-07-07,22982.341796875,forecast
52,2025-07-14,22982.341796875,forecast
52,2025-07-21,22982.341796875,forecast
52,2025-07-28,22982.341796875,forecast
52,2025-08-04,22982.341796875,forecast
52,2025-08-11,22982.341796875,forecast
52,2025-08-18,22982.341796875,forecast
52,2025-08-25,22982.341796875,forecast
52,2025-09-01,22982.341796875,forecast
52,2025-09-08,22982.341796875,forecast
52,2025-09-15,22982.341796875,forecast
52,2025-09-22,22982.341796875,forecast
52,2025-09-29,22982.341796875,forecast
52,2025-10-06,22982.341796875,forecast
53,2024-10-14,7077.638671875,forecast
53,2024-10-21,7284.041015625,forecast
53,2024-10-28,7284.041015625,forecast
53,2024-11-04,7284.041015625,forecast
53,2024-11-11,7284.041015625,forecast
53,2024-11-18,7284.041015625,forecast
53,2024-11-25,7284.041015625,forecast
53,2024-12-02,7284.041015625,forecast
53,2024-12-09,7284.041015625,forecast
53,2024-12-16,7284.041015625,forecast
53,2024-12-23,7284.041015625,forecast
53,2024-12-30,7284.041015625,forecast
53,2025-01-06,7284.041015625,forecast
53,2025-01-13,7284.041015625,forecast
53,2025-01-20,7284.041015625,forecast
53,2025-01-27,7284.041015625,forecast
53,2025-02-03,7284.041015625,forecast
53,2025-02-10,7284.041015625,forecast
53,2025-02-17,7284.041015625,forecast
53,2025-02-24,7284.041015625,forecast
53,2025-03-03,7284.041015625,forecast
53,2025-03-10,7284.041015625,forecast
53,2025-03-17,7284.041015625,forecast
53,2025-03-24,7284.041015625,forecast
53,2025-03-31,7284.041015625,forecast
53,2025-04-07,7284.041015625,forecast
53,2025-04-14,7284.041015625,forecast
53,2025-04-21,7284.041015625,forecast
53,2025-04-28,7284.041015625,forecast
53,2025-05-05,7284.041015625,forecast
53,2025-05-12,7284.041015625,forecast
53,2025-05-19,7284.041015625,forecast
53,2025-05-26,7284.041015625,forecast
53,2025-06-02,7284.041015625,forecast
53,2025-06-09,7284.041015625,forecast
53,2025-06-16,7284.041015625,forecast
53,2025-06-23,7284.041015625,forecast
53,2025-06-30,7284.041015625,forecast
53,2025-07-07,7284.041015625,forecast
53,2025-07-14,7284.041015625,forecast
53,2025-07-21,7284.041015625,forecast
53,2025-07-28,7284.041015625,forecast
53,2025-08-04,7284.041015625,forecast
53,2025-08-11,7284.041015625,forecast
53,2025-08-18,7284.041015625,forecast
53,2025-08-25,7284.041015625,forecast
53,2025-09-01,7284.041015625,forecast
53,2025-09-08,7284.041015625,forecast
53,2025-09-15,7284.041015625,forecast
53,2025-09-22,7284.041015625,forecast
53,2025-09-29,7284.041015625,forecast
53,2025-10-06,7284.041015625,forecast
55,2024-10-14,5095.2744140625,forecast
55,2024-10-21,5868.17578125,forecast
55,2024-10-28,6266.30810546875,forecast
55,2024-11-04,5722.52685546875,forecast
55,2024-11-11,5495.14013671875,forecast
55,2024-11-18,5874.01025390625,forecast
55,2024-11-25,5999.0703125,forecast
55,2024-12-02,5737.4482421875,forecast
55,2024-12-09,5672.41552734375,forecast
55,2024-12-16,5851.572265625,forecast
55,2024-12-23,5882.35498046875,forecast
55,2024-12-30,5760.6376953125,forecast
55,2025-01-06,5748.666015625,forecast
55,2025-01-13,5830.72998046875,forecast
55,2025-01-20,5832.94091796875,forecast
55,2025-01-27,5778.02490234375,forecast
55,2025-02-03,5780.41552734375,forecast
55,2025-02-10,5816.892578125,forecast
55,2025-02-17,5812.72900390625,forecast
55,2025-02-24,5788.68115234375,forecast
55,2025-03-03,5793.15283203125,forecast
55,2025-03-10,5808.884765625,forecast
55,2025-03-17,5804.79345703125,forecast
55,2025-03-24,5794.58349609375,forecast
55,2025-03-31,5798.03271484375,forecast
55,2025-04-07,5804.6025390625,forecast
55,2025-04-14,5801.8388671875,forecast
55,2025-04-21,5797.64892578125,forecast
55,2025-04-28,5799.78857421875,forecast
55,2025-05-05,5802.43359375,forecast
55,2025-05-12,5800.81982421875,forecast
55,2025-05-19,5799.16845703125,forecast
55,2025-05-26,5800.361328125,forecast
55,2025-06-02,5801.37939453125,forecast
55,2025-06-09,5800.51171875,forecast
55,2025-06-16,5799.8935546875,forecast
55,2025-06-23,5800.51611328125,forecast
55,2025-06-30,5800.884765625,forecast
55,2025-07-07,5800.443359375,forecast
55,2025-07-14,5800.228515625,forecast
55,2025-07-21,5800.5380859375,forecast
55,2025-07-28,5800.65966796875,forecast
55,2025-08-04,5800.4443359375,forecast
55,2025-08-11,5800.37841796875,forecast
55,2025-08-18,5800.52685546875,forecast
55,2025-08-25,5800.56005859375,forecast
55,2025-09-01,5800.458984375,forecast
55,2025-09-08,5800.44384765625,forecast
55,2025-09-15,5800.51220703125,forecast
55,2025-09-22,5800.517578125,forecast
55,2025-09-29,5800.4716796875,forecast
55,2025-10-06,5800.47119140625,forecast
57,2024-10-14,4888.16064453125,forecast
57,2024-10-21,5137.48193359375,forecast
57,2024-10-28,5099.57861328125,forecast
57,2024-11-04,5045.814453125,forecast
57,2024-11-11,5040.42822265625,forecast
57,2024-11-18,5048.93310546875,forecast
57,2024-11-25,5051.84521484375,forecast
57,2024-12-02,5050.96923828125,forecast
57,2024-12-09,5050.24267578125,forecast
57,2024-12-16,5050.23583984375,forecast
57,2024-12-23,5050.36572265625,forecast
57,2024-12-30,5050.396484375,forecast
57,2025-01-06,5050.3798828125,forecast
57,2025-01-13,5050.37060546875,forecast
57,2025-01-20,5050.37158203125,forecast
57,2025-01-27,5050.37353515625,forecast
57,2025-02-03,5050.37353515625,forecast
57,2025-02-10,5050.37353515625,forecast
57,2025-02-17,5050.37353515625,forecast
57,2025-02-24,5050.37353515625,forecast
57,2025-03-03,5050.37353515625,forecast
57,2025-03-10,5050.37353515625,forecast
57,2025-03-17,5050.37353515625,forecast
57,2025-03-24,5050.37353515625,forecast
57,2025-03-31,5050.37353515625,forecast
57,2025-04-07,5050.37353515625,forecast
57,2025-04-14,5050.37353515625,forecast
57,2025-04-21,5050.37353515625,forecast
57,2025-04-28,5050.37353515625,forecast
57,2025-05-05,5050.37353515625,forecast
57,2025-05-12,5050.37353515625,forecast
57,2025-05-19,5050.37353515625,forecast
57,2025-05-26,5050.37353515625,forecast
57,2025-06-02,5050.37353515625,forecast
57,2025-06-09,5050.37353515625,forecast
57,2025-06-16,5050.37353515625,forecast
57,2025-06-23,5050.37353515625,forecast
57,2025-06-30,5050.37353515625,forecast
57,2025-07-07,5050.37353515625,forecast
57,2025-07-14,5050.37353515625,forecast
57,2025-07-21,5050.37353515625,forecast
57,2025-07-28,5050.37353515625,forecast
57,2025-08-04,5050.37353515625,forecast
57,2025-08-11,5050.37353515625,forecast
57,2025-08-18,5050.37353515625,forecast
57,2025-08-25,5050.37353515625,forecast
57,2025-09-01,5050.37353515625,forecast
57,2025-09-08,5050.37353515625,forecast
57,2025-09-15,5050.37353515625,forecast
57,2025-09-22,5050.37353515625,forecast
57,2025-09-29,5050.37353515625,forecast
57,2025-10-06,5050.37353515625,forecast
58,2024-10-14,6741.08935546875,forecast
58,2024-10-21,6961.76904296875,forecast
58,2024-10-28,6996.9033203125,forecast
58,2024-11-04,7002.49755859375,forecast
58,2024-11-11,7003.3876953125,forecast
58,2024-11-18,7003.52978515625,forecast
58,2024-11-25,7003.55224609375,forecast
58,2024-12-02,7003.5556640625,forecast
58,2024-12-09,7003.556640625,forecast
58,2024-12-16,7003.556640625,forecast
58,2024-12-23,7003.556640625,forecast
58,2024-12-30,7003.556640625,forecast
58,2025-01-06,7003.556640625,forecast
58,2025-01-13,7003.556640625,forecast
58,2025-01-20,7003.556640625,forecast
58,2025-01-27,7003.556640625,forecast
58,2025-02-03,7003.556640625,forecast
58,2025-02-10,7003.556640625,forecast
58,2025-02-17,7003.556640625,forecast
58,2025-02-24,7003.556640625,forecast
58,2025-03-03,7003.556640625,forecast
58,2025-03-10,7003.556640625,forecast
58,2025-03-17,7003.556640625,forecast
58,2025-03-24,7003.556640625,forecast
58,2025-03-31,7003.556640625,forecast
58,2025-04-07,7003.556640625,forecast
58,2025-04-14,7003.556640625,forecast
58,2025-04-21,7003.556640625,forecast
58,2025-04-28,7003.556640625,forecast
58,2025-05-05,7003.556640625,forecast
58,2025-05-12,7003.556640625,forecast
58,2025-05-19,7003.556640625,forecast
58,2025-05-26,7003.556640625,forecast
58,2025-06-02,7003.556640625,forecast
58,2025-06-09,7003.556640625,forecast
58,2025-06-16,7003.556640625,forecast
58,2025-06-23,7003.556640625,forecast
58,2025-06-30,7003.556640625,forecast
58,2025-07-07,7003.556640625,forecast
58,2025-07-14,7003.556640625,forecast
58,2025-07-21,7003.556640625,forecast
58,2025-07-28,7003.556640625,forecast
58,2025-08-04,7003.556640625,forecast
58,2025-08-11,7003.556640625,forecast
58,2025-08-18,7003.556640625,forecast
58,2025-08-25,7003.556640625,forecast
58,2025-09-01,7003.556640625,forecast
58,2025-09-08,7003.556640625,forecast
58,2025-09-15,7003.556640625,forecast
58,2025-09-22,7003.556640625,forecast
58,2025-09-29,7003.556640625,forecast
58,2025-10-06,7003.556640625,forecast
59,2024-10-14,12824.1630859375,forecast
59,2024-10-21,13246.45703125,forecast
59,2024-10-28,13333.8681640625,forecast
59,2024-11-04,13351.9609375,forecast
59,2024-11-11,13355.7060546875,forecast
59,2024-11-18,13356.4814453125,forecast
59,2024-11-25,13356.642578125,forecast
59,2024-12-02,13356.67578125,forecast
59,2024-12-09,13356.6826171875,forecast
59,2024-12-16,13356.68359375,forecast
59,2024-12-23,13356.68359375,forecast
59,2024-12-30,13356.68359375,forecast
59,2025-01-06,13356.68359375,forecast
59,2025-01-13,13356.68359375,forecast
59,2025-01-20,13356.68359375,forecast
59,2025-01-27,13356.68359375,forecast
59,2025-02-03,13356.68359375,forecast
59,2025-02-10,13356.68359375,forecast
59,2025-02-17,13356.68359375,forecast
59,2025-02-24,13356.68359375,forecast
59,2025-03-03,13356.68359375,forecast
59,2025-03-10,13356.68359375,forecast
59,2025-03-17,13356.68359375,forecast
59,2025-03-24,13356.68359375,forecast
59,2025-03-31,13356.68359375,forecast
59,2025-04-07,13356.68359375,forecast
59,2025-04-14,13356.68359375,forecast
59,2025-04-21,13356.68359375,forecast
59,2025-04-28,13356.68359375,forecast
59,2025-05-05,13356.68359375,forecast
59,2025-05-12,13356.68359375,forecast
59,2025-05-19,13356.68359375,forecast
59,2025-05-26,13356.68359375,forecast
59,2025-06-02,13356.68359375,forecast
59,2025-06-09,13356.68359375,forecast
59,2025-06-16,13356.68359375,forecast
59,2025-06-23,13356.68359375,forecast
59,2025-06-30,13356.68359375,forecast
59,2025-07-07,13356.68359375,forecast
59,2025-07-14,13356.68359375,forecast
59,2025-07-21,13356.68359375,forecast
59,2025-07-28,13356.68359375,forecast
59,2025-08-04,13356.68359375,forecast
59,2025-08-11,13356.68359375,forecast
59,2025-08-18,13356.68359375,forecast
59,2025-08-25,13356.68359375,forecast
59,2025-09-01,13356.68359375,forecast
59,2025-09-08,13356.68359375,forecast
59,2025-09-15,13356.68359375,forecast
59,2025-09-22,13356.68359375,forecast
59,2025-09-29,13356.68359375,forecast
59,2025-10-06,13356.68359375,forecast
61,2024-10-14,8167.83740234375,forecast
61,2024-10-21,8375.728515625,forecast
61,2024-10-28,8375.728515625,forecast
61,2024-11-04,8375.728515625,forecast
61,2024-11-11,8375.728515625,forecast
61,2024-11-18,8375.728515625,forecast
61,2024-11-25,8375.728515625,forecast
61,2024-12-02,8375.728515625,forecast
61,2024-12-09,8375.728515625,forecast
61,2024-12-16,8375.728515625,forecast
61,2024-12-23,8375.728515625,forecast
61,2024-12-30,8375.728515625,forecast
61,2025-01-06,8375.728515625,forecast
61,2025-01-13,8375.728515625,forecast
61,2025-01-20,8375.728515625,forecast
61,2025-01-27,8375.728515625,forecast
61,2025-02-03,8375.728515625,forecast
61,2025-02-10,8375.728515625,forecast
61,2025-02-17,8375.728515625,forecast
61,2025-02-24,8375.728515625,forecast
61,2025-03-03,8375.728515625,forecast
61,2025-03-10,8375.728515625,forecast
61,2025-03-17,8375.728515625,forecast
61,2025-03-24,8375.728515625,forecast
61,2025-03-31,8375.728515625,forecast
61,2025-04-07,8375.728515625,forecast
61,2025-04-14,8375.728515625,forecast
61,2025-04-21,8375.728515625,forecast
61,2025-04-28,8375.728515625,forecast
61,2025-05-05,8375.728515625,forecast
61,2025-05-12,8375.728515625,forecast
61,2025-05-19,8375.728515625,forecast
61,2025-05-26,8375.728515625,forecast
61,2025-06-02,8375.728515625,forecast
61,2025-06-09,8375.728515625,forecast
61,2025-06-16,8375.728515625,forecast
61,2025-06-23,8375.728515625,forecast
61,2025-06-30,8375.728515625,forecast
61,2025-07-07,8375.728515625,forecast
61,2025-07-14,8375.728515625,forecast
61,2025-07-21,8375.728515625,forecast
61,2025-07-28,8375.728515625,forecast
61,2025-08-04,8375.728515625,forecast
61,2025-08-11,8375.728515625,forecast
61,2025-08-18,8375.728515625,forecast
61,2025-08-25,8375.728515625,forecast
61,2025-09-01,8375.728515625,forecast
61,2025-09-08,8375.728515625,forecast
61,2025-09-15,8375.728515625,forecast
61,2025-09-22,8375.728515625,forecast
61,2025-09-29,8375.728515625,forecast
61,2025-10-06,8375.728515625,forecast
64,2024-10-14,6702.4560546875,forecast
64,2024-10-21,6855.84326171875,forecast
64,2024-10-28,6882.53515625,forecast
64,2024-11-04,6887.1796875,forecast
64,2024-11-11,6887.98779296875,forecast
64,2024-11-18,6888.12841796875,forecast
64,2024-11-25,6888.1533203125,forecast
64,2024-12-02,6888.1572265625,forecast
64,2024-12-09,6888.158203125,forecast
64,2024-12-16,6888.158203125,forecast
64,2024-12-23,6888.158203125,forecast
64,2024-12-30,6888.158203125,forecast
64,2025-01-06,6888.158203125,forecast
64,2025-01-13,6888.158203125,forecast
64,2025-01-20,6888.158203125,forecast
64,2025-01-27,6888.158203125,forecast
64,2025-02-03,6888.158203125,forecast
64,2025-02-10,6888.158203125,forecast
64,2025-02-17,6888.158203125,forecast
64,2025-02-24,6888.158203125,forecast
64,2025-03-03,6888.158203125,forecast
64,2025-03-10,6888.158203125,forecast
64,2025-03-17,6888.158203125,forecast
64,2025-03-24,6888.158203125,forecast
64,2025-03-31,6888.158203125,forecast
64,2025-04-07,6888.158203125,forecast
64,2025-04-14,6888.158203125,forecast
64,2025-04-21,6888.158203125,forecast
64,2025-04-28,6888.158203125,forecast
64,2025-05-05,6888.158203125,forecast
64,2025-05-12,6888.158203125,forecast
64,2025-05-19,6888.158203125,forecast
64,2025-05-26,6888.158203125,forecast
64,2025-06-02,6888.158203125,forecast
64,2025-06-09,6888.158203125,forecast
64,2025-06-16,6888.158203125,forecast
64,2025-06-23,6888.158203125,forecast
64,2025-06-30,6888.158203125,forecast
64,2025-07-07,6888.158203125,forecast
64,2025-07-14,6888.158203125,forecast
64,2025-07-21,6888.158203125,forecast
64,2025-07-28,6888.158203125,forecast
64,2025-08-04,6888.158203125,forecast
64,2025-08-11,6888.158203125,forecast
64,2025-08-18,6888.158203125,forecast
64,2025-08-25,6888.158203125,forecast
64,2025-09-01,6888.158203125,forecast
64,2025-09-08,6888.158203125,forecast
64,2025-09-15,6888.158203125,forecast
64,2025-09-22,6888.158203125,forecast
64,2025-09-29,6888.158203125,forecast
64,2025-10-06,6888.158203125,forecast
65,2024-10-14,12306.1123046875,forecast
65,2024-10-21,12645.607421875,forecast
65,2024-10-28,12645.607421875,forecast
65,2024-11-04,12645.607421875,forecast
65,2024-11-11,12645.607421875,forecast
65,2024-11-18,12645.607421875,forecast
65,2024-11-25,12645.607421875,forecast
65,2024-12-02,12645.607421875,forecast
65,2024-12-09,12645.607421875,forecast
65,2024-12-16,12645.607421875,forecast
65,2024-12-23,12645.607421875,forecast
65,2024-12-30,12645.607421875,forecast
65,2025-01-06,12645.607421875,forecast
65,2025-01-13,12645.607421875,forecast
65,2025-01-20,12645.607421875,forecast
65,2025-01-27,12645.607421875,forecast
65,2025-02-03,12645.607421875,forecast
65,2025-02-10,12645.607421875,forecast
65,2025-02-17,12645.607421875,forecast
65,2025-02-24,12645.607421875,forecast
65,2025-03-03,12645.607421875,forecast
65,2025-03-10,12645.607421875,forecast
65,2025-03-17,12645.607421875,forecast
65,2025-03-24,12645.607421875,forecast
65,2025-03-31,12645.607421875,forecast
65,2025-04-07,12645.607421875,forecast
65,2025-04-14,12645.607421875,forecast
65,2025-04-21,12645.607421875,forecast
65,2025-04-28,12645.607421875,forecast
65,2025-05-05,12645.607421875,forecast
65,2025-05-12,12645.607421875,forecast
65,2025-05-19,12645.607421875,forecast
65,2025-05-26,12645.607421875,forecast
65,2025-06-02,12645.607421875,forecast
65,2025-06-09,12645.607421875,forecast
65,2025-06-16,12645.607421875,forecast
65,2025-06-23,12645.607421875,forecast
65,2025-06-30,12645.607421875,forecast
65,2025-07-07,12645.607421875,forecast
65,2025-07-14,12645.607421875,forecast
65,2025-07-21,12645.607421875,forecast
65,2025-07-28,12645.607421875,forecast
65,2025-08-04,12645.607421875,forecast
65,2025-08-11,12645.607421875,forecast
65,2025-08-18,12645.607421875,forecast
65,2025-08-25,12645.607421875,forecast
65,2025-09-01,12645.607421875,forecast
65,2025-09-08,12645.607421875,forecast
65,2025-09-15,12645.607421875,forecast
65,2025-09-22,12645.607421875,forecast
65,2025-09-29,12645.607421875,forecast
65,2025-10-06,12645.607421875,forecast
66,2024-10-14,11026.7197265625,forecast
66,2024-10-21,11382.73046875,forecast
66,2024-10-28,11565.521484375,forecast
66,2024-11-04,11519.9072265625,forecast
66,2024-11-11,11431.791015625,forecast
66,2024-11-18,11506.5712890625,forecast
66,2024-11-25,11578.9541015625,forecast
66,2024-12-02,11497.771484375,forecast
66,2024-12-09,11445.2294921875,forecast
66,2024-12-16,11529.798828125,forecast
66,2024-12-23,11563.5732421875,forecast
66,2024-12-30,11479.2314453125,forecast
66,2025-01-06,11462.822265625,forecast
66,2025-01-13,11543.890625,forecast
66,2025-01-20,11544.7841796875,forecast
66,2025-01-27,11469.490234375,forecast
66,2025-02-03,11481.95703125,forecast
66,2025-02-10,11549.5400390625,forecast
66,2025-02-17,11526.0517578125,forecast
66,2025-02-24,11467.560546875,forecast
66,2025-03-03,11499.6591796875,forecast
66,2025-03-10,11548.2021484375,forecast
66,2025-03-17,11509.880859375,forecast
66,2025-03-24,11471.6572265625,forecast
66,2025-03-31,11513.923828125,forecast
66,2025-04-07,11541.88671875,forecast
66,2025-04-14,11497.775390625,forecast
66,2025-04-21,11479.6474609375,forecast
66,2025-04-28,11523.732421875,forecast
66,2025-05-05,11532.7490234375,forecast
66,2025-05-12,11490.2978515625,forecast
66,2025-05-19,11489.4365234375,forecast
66,2025-05-26,11528.9345703125,forecast
66,2025-06-02,11522.7578125,forecast
66,2025-06-09,11487.2412109375,forecast
66,2025-06-16,11499.2373046875,forecast
66,2025-06-23,11530.037109375,forecast
66,2025-06-30,11513.4794921875,forecast
66,2025-07-07,11487.857421875,forecast
66,2025-07-14,11507.7275390625,forecast
66,2025-07-21,11527.9658203125,forecast
66,2025-07-28,11505.9765625,forecast
66,2025-08-04,11491.1015625,forecast
66,2025-08-11,11514.1083984375,forecast
66,2025-08-18,11523.8330078125,forecast
66,2025-08-25,11500.7919921875,forecast
66,2025-09-01,11495.84765625,forecast
66,2025-09-08,11518.076171875,forecast
66,2025-09-15,11518.732421875,forecast
66,2025-09-22,11498.015625,forecast
66,2025-09-29,11501.064453125,forecast
66,2025-10-06,11519.7275390625,forecast
67,2024-10-14,19858.970703125,forecast
67,2024-10-21,20683.064453125,forecast
67,2024-10-28,20683.064453125,forecast
67,2024-11-04,20683.064453125,forecast
67,2024-11-11,20683.064453125,forecast
67,2024-11-18,20683.064453125,forecast
67,2024-11-25,20683.064453125,forecast
67,2024-12-02,20683.064453125,forecast
67,2024-12-09,20683.064453125,forecast
67,2024-12-16,20683.064453125,forecast
67,2024-12-23,20683.064453125,forecast
67,2024-12-30,20683.064453125,forecast
67,2025-01-06,20683.064453125,forecast
67,2025-01-13,20683.064453125,forecast
67,2025-01-20,20683.064453125,forecast
67,2025-01-27,20683.064453125,forecast
67,2025-02-03,20683.064453125,forecast
67,2025-02-10,20683.064453125,forecast
67,2025-02-17,20683.064453125,forecast
67,2025-02-24,20683.064453125,forecast
67,2025-03-03,20683.064453125,forecast
67,2025-03-10,20683.064453125,forecast
67,2025-03-17,20683.064453125,forecast
67,2025-03-24,20683.064453125,forecast
67,2025-03-31,20683.064453125,forecast
67,2025-04-07,20683.064453125,forecast
67,2025-04-14,20683.064453125,forecast
67,2025-04-21,20683.064453125,forecast
67,2025-04-28,20683.064453125,forecast
67,2025-05-05,20683.064453125,forecast
67,2025-05-12,20683.064453125,forecast
67,2025-05-19,20683.064453125,forecast
67,2025-05-26,20683.064453125,forecast
67,2025-06-02,20683.064453125,forecast
67,2025-06-09,20683.064453125,forecast
67,2025-06-16,20683.064453125,forecast
67,2025-06-23,20683.064453125,forecast
67,2025-06-30,20683.064453125,forecast
67,2025-07-07,20683.064453125,forecast
67,2025-07-14,20683.064453125,forecast
67,2025-07-21,20683.064453125,forecast
67,2025-07-28,20683.064453125,forecast
67,2025-08-04,20683.064453125,forecast
67,2025-08-11,20683.064453125,forecast
67,2025-08-18,20683.064453125,forecast
67,2025-08-25,20683.064453125,forecast
67,2025-09-01,20683.064453125,forecast
67,2025-09-08,20683.064453125,forecast
67,2025-09-15,20683.064453125,forecast
67,2025-09-22,20683.064453125,forecast
67,2025-09-29,20683.064453125,forecast
67,2025-10-06,20683.064453125,forecast
68,2024-10-14,7665.33251953125,forecast
68,2024-10-21,7855.8466796875,forecast
68,2024-10-28,7886.96630859375,forecast
68,2024-11-04,7892.04931640625,forecast
68,2024-11-11,7892.8798828125,forecast
68,2024-11-18,7893.015625,forecast
68,2024-11-25,7893.03759765625,forecast
68,2024-12-02,7893.041015625,forecast
68,2024-12-09,7893.0419921875,forecast
68,2024-12-16,7893.0419921875,forecast
68,2024-12-23,7893.0419921875,forecast
68,2024-12-30,7893.0419921875,forecast
68,2025-01-06,7893.0419921875,forecast
68,2025-01-13,7893.0419921875,forecast
68,2025-01-20,7893.0419921875,forecast
68,2025-01-27,7893.0419921875,forecast
68,2025-02-03,7893.0419921875,forecast
68,2025-02-10,7893.0419921875,forecast
68,2025-02-17,7893.0419921875,forecast
68,2025-02-24,7893.0419921875,forecast
68,2025-03-03,7893.0419921875,forecast
68,2025-03-10,7893.0419921875,forecast
68,2025-03-17,7893.0419921875,forecast
68,2025-03-24,7893.0419921875,forecast
68,2025-03-31,7893.0419921875,forecast
68,2025-04-07,7893.0419921875,forecast
68,2025-04-14,7893.0419921875,forecast
68,2025-04-21,7893.0419921875,forecast
68,2025-04-28,7893.0419921875,forecast
68,2025-05-05,7893.0419921875,forecast
68,2025-05-12,7893.0419921875,forecast
68,2025-05-19,7893.0419921875,forecast
68,2025-05-26,7893.0419921875,forecast
68,2025-06-02,7893.0419921875,forecast
68,2025-06-09,7893.0419921875,forecast
68,2025-06-16,7893.0419921875,forecast
68,2025-06-23,7893.0419921875,forecast
68,2025-06-30,7893.0419921875,forecast
68,2025-07-07,7893.0419921875,forecast
68,2025-07-14,7893.0419921875,forecast
68,2025-07-21,7893.0419921875,forecast
68,2025-07-28,7893.0419921875,forecast
68,2025-08-04,7893.0419921875,forecast
68,2025-08-11,7893.0419921875,forecast
68,2025-08-18,7893.0419921875,forecast
68,2025-08-25,7893.0419921875,forecast
68,2025-09-01,7893.0419921875,forecast
68,2025-09-08,7893.0419921875,forecast
68,2025-09-15,7893.0419921875,forecast
68,2025-09-22,7893.0419921875,forecast
68,2025-09-29,7893.0419921875,forecast
68,2025-10-06,7893.0419921875,forecast
72,2024-10-14,10472.0029296875,forecast
72,2024-10-21,11071.78515625,forecast
72,2024-10-28,10664.78515625,forecast
72,2024-11-04,6637.78466796875,forecast
72,2024-11-11,10345.78515625,forecast
72,2024-11-18,9160.78515625,forecast
72,2024-11-25,17151.78515625,forecast
72,2024-12-02,13233.78515625,forecast
72,2024-12-09,13237.78515625,forecast
72,2024-12-16,9579.78515625,forecast
72,2024-12-23,10164.78515625,forecast
72,2024-12-30,12575.78515625,forecast
72,2025-01-06,13931.78515625,forecast
72,2025-01-13,10817.78515625,forecast
72,2025-01-20,10817.78515625,forecast
72,2025-01-27,17490.78515625,forecast
72,2025-02-03,11769.78515625,forecast
72,2025-02-10,12360.78515625,forecast
72,2025-02-17,10509.78515625,forecast
72,2025-02-24,14122.78515625,forecast
72,2025-03-03,10507.78515625,forecast
72,2025-03-10,11030.78515625,forecast
72,2025-03-17,11226.78515625,forecast
72,2025-03-24,11883.78515625,forecast
72,2025-03-31,10791.78515625,forecast
72,2025-04-07,10336.78515625,forecast
72,2025-04-14,11012.78515625,forecast
72,2025-04-21,13876.78515625,forecast
72,2025-04-28,16605.78515625,forecast
72,2025-05-05,12960.78515625,forecast
72,2025-05-12,11367.78515625,forecast
72,2025-05-19,9606.78515625,forecast
72,2025-05-26,13341.78515625,forecast
72,2025-06-02,11231.78515625,forecast
72,2025-06-09,12897.78515625,forecast
72,2025-06-16,10821.78515625,forecast
72,2025-06-23,14686.78515625,forecast
72,2025-06-30,13825.78515625,forecast
72,2025-07-07,12880.78515625,forecast
72,2025-07-14,12592.78515625,forecast
72,2025-07-21,11725.78515625,forecast
72,2025-07-28,13138.78515625,forecast
72,2025-08-04,10400.78515625,forecast
72,2025-08-11,10180.78515625,forecast
72,2025-08-18,8669.78515625,forecast
72,2025-08-25,11682.78515625,forecast
72,2025-09-01,11427.78515625,forecast
72,2025-09-08,11572.78515625,forecast
72,2025-09-15,11212.78515625,forecast
72,2025-09-22,11616.78515625,forecast
72,2025-09-29,11346.78515625,forecast
72,2025-10-06,8731.78515625,forecast
73,2024-10-14,6951.7109375,forecast
73,2024-10-21,7258.7978515625,forecast
73,2024-10-28,7340.46533203125,forecast
73,2024-11-04,7362.18408203125,forecast
73,2024-11-11,7367.9599609375,forecast
73,2024-11-18,7369.49609375,forecast
73,2024-11-25,7369.90478515625,forecast
73,2024-12-02,7370.01318359375,forecast
73,2024-12-09,7370.04248046875,forecast
73,2024-12-16,7370.0498046875,forecast
73,2024-12-23,7370.05224609375,forecast
73,2024-12-30,7370.052734375,forecast
73,2025-01-06,7370.052734375,forecast
73,2025-01-13,7370.052734375,forecast
73,2025-01-20,7370.052734375,forecast
73,2025-01-27,7370.052734375,forecast
73,2025-02-03,7370.052734375,forecast
73,2025-02-10,7370.052734375,forecast
73,2025-02-17,7370.052734375,forecast
73,2025-02-24,7370.052734375,forecast
73,2025-03-03,7370.052734375,forecast
73,2025-03-10,7370.052734375,forecast
73,2025-03-17,7370.052734375,forecast
73,2025-03-24,7370.052734375,forecast
73,2025-03-31,7370.052734375,forecast
73,2025-04-07,7370.052734375,forecast
73,2025-04-14,7370.052734375,forecast
73,2025-04-21,7370.052734375,forecast
73,2025-04-28,7370.052734375,forecast
73,2025-05-05,7370.052734375,forecast
73,2025-05-12,7370.052734375,forecast
73,2025-05-19,7370.052734375,forecast
73,2025-05-26,7370.052734375,forecast
73,2025-06-02,7370.052734375,forecast
73,2025-06-09,7370.052734375,forecast
73,2025-06-16,7370.052734375,forecast
73,2025-06-23,7370.052734375,forecast
73,2025-06-30,7370.052734375,forecast
73,2025-07-07,7370.052734375,forecast
73,2025-07-14,7370.052734375,forecast
73,2025-07-21,7370.052734375,forecast
73,2025-07-28,7370.052734375,forecast
73,2025-08-04,7370.052734375,forecast
73,2025-08-11,7370.052734375,forecast
73,2025-08-18,7370.052734375,forecast
73,2025-08-25,7370.052734375,forecast
73,2025-09-01,7370.052734375,forecast
73,2025-09-08,7370.052734375,forecast
73,2025-09-15,7370.052734375,forecast
73,2025-09-22,7370.052734375,forecast
73,2025-09-29,7370.052734375,forecast
73,2025-10-06,7370.052734375,forecast
74,2024-10-14,4456.8564453125,forecast
74,2024-10-21,5632.8564453125,forecast
74,2024-10-28,3277.8564453125,forecast
74,2024-11-04,3438.8564453125,forecast
74,2024-11-11,3431.8564453125,forecast
74,2024-11-18,3228.8564453125,forecast
74,2024-11-25,5067.8564453125,forecast
74,2024-12-02,3998.8564453125,forecast
74,2024-12-09,3438.8564453125,forecast
74,2024-12-16,1529.8564453125,forecast
74,2024-12-23,2600.8564453125,forecast
74,2024-12-30,3608.8564453125,forecast
74,2025-01-06,5112.8564453125,forecast
74,2025-01-13,3562.8564453125,forecast
74,2025-01-20,5301.8564453125,forecast
74,2025-01-27,5214.8564453125,forecast
74,2025-02-03,4153.8564453125,forecast
74,2025-02-10,4771.8564453125,forecast
74,2025-02-17,3650.8564453125,forecast
74,2025-02-24,3850.8564453125,forecast
74,2025-03-03,3166.8564453125,forecast
74,2025-03-10,3972.8564453125,forecast
74,2025-03-17,4486.8564453125,forecast
74,2025-03-24,3993.8564453125,forecast
74,2025-03-31,3516.8564453125,forecast
74,2025-04-07,3857.8564453125,forecast
74,2025-04-14,3834.8564453125,forecast
74,2025-04-21,4458.8564453125,forecast
74,2025-04-28,3699.8564453125,forecast
74,2025-05-05,3362.8564453125,forecast
74,2025-05-12,2733.8564453125,forecast
74,2025-05-19,2754.8564453125,forecast
74,2025-05-26,3466.8564453125,forecast
74,2025-06-02,3030.8564453125,forecast
74,2025-06-09,2861.8564453125,forecast
74,2025-06-16,3619.8564453125,forecast
74,2025-06-23,3601.8564453125,forecast
74,2025-06-30,3866.8564453125,forecast
74,2025-07-07,3617.8564453125,forecast
74,2025-07-14,3477.8564453125,forecast
74,2025-07-21,4605.8564453125,forecast
74,2025-07-28,2970.8564453125,forecast
74,2025-08-04,3332.8564453125,forecast
74,2025-08-11,3852.8564453125,forecast
74,2025-08-18,3386.8564453125,forecast
74,2025-08-25,3475.8564453125,forecast
74,2025-09-01,4286.8564453125,forecast
74,2025-09-08,4118.8564453125,forecast
74,2025-09-15,4661.8564453125,forecast
74,2025-09-22,3910.8564453125,forecast
74,2025-09-29,4283.8564453125,forecast
74,2025-10-06,3933.8564453125,forecast
75,2024-10-14,10809.3134765625,forecast
75,2024-10-21,10809.3134765625,forecast
75,2024-10-28,10809.3134765625,forecast
75,2024-11-04,10809.3134765625,forecast
75,2024-11-11,10809.3134765625,forecast
75,2024-11-18,10809.3134765625,forecast
75,2024-11-25,10809.3134765625,forecast
75,2024-12-02,10809.3134765625,forecast
75,2024-12-09,10809.3134765625,forecast
75,2024-12-16,10809.3134765625,forecast
75,2024-12-23,10809.3134765625,forecast
75,2024-12-30,10809.3134765625,forecast
75,2025-01-06,10809.3134765625,forecast
75,2025-01-13,10809.3134765625,forecast
75,2025-01-20,10809.3134765625,forecast
75,2025-01-27,10809.3134765625,forecast
75,2025-02-03,10809.3134765625,forecast
75,2025-02-10,10809.3134765625,forecast
75,2025-02-17,10809.3134765625,forecast
75,2025-02-24,10809.3134765625,forecast
75,2025-03-03,10809.3134765625,forecast
75,2025-03-10,10809.3134765625,forecast
75,2025-03-17,10809.3134765625,forecast
75,2025-03-24,10809.3134765625,forecast
75,2025-03-31,10809.3134765625,forecast
75,2025-04-07,10809.3134765625,forecast
75,2025-04-14,10809.3134765625,forecast
75,2025-04-21,10809.3134765625,forecast
75,2025-04-28,10809.3134765625,forecast
75,2025-05-05,10809.3134765625,forecast
75,2025-05-12,10809.3134765625,forecast
75,2025-05-19,10809.3134765625,forecast
75,2025-05-26,10809.3134765625,forecast
75,2025-06-02,10809.3134765625,forecast
75,2025-06-09,10809.3134765625,forecast
75,2025-06-16,10809.3134765625,forecast
75,2025-06-23,10809.3134765625,forecast
75,2025-06-30,10809.3134765625,forecast
75,2025-07-07,10809.3134765625,forecast
75,2025-07-14,10809.3134765625,forecast
75,2025-07-21,10809.3134765625,forecast
75,2025-07-28,10809.3134765625,forecast
75,2025-08-04,10809.3134765625,forecast
75,2025-08-11,10809.3134765625,forecast
75,2025-08-18,10809.3134765625,forecast
75,2025-08-25,10809.3134765625,forecast
75,2025-09-01,10809.3134765625,forecast
75,2025-09-08,10809.3134765625,forecast
75,2025-09-15,10809.3134765625,forecast
75,2025-09-22,10809.3134765625,forecast
75,2025-09-29,10809.3134765625,forecast
75,2025-10-06,10809.3134765625,forecast
76,2024-10-14,7226.904296875,forecast
76,2024-10-21,7559.6884765625,forecast
76,2024-10-28,7654.02783203125,forecast
76,2024-11-04,7680.771484375,forecast
76,2024-11-11,7688.35302734375,forecast
76,2024-11-18,7690.50244140625,forecast
76,2024-11-25,7691.111328125,forecast
76,2024-12-02,7691.2841796875,forecast
76,2024-12-09,7691.3330078125,forecast
76,2024-12-16,7691.34716796875,forecast
76,2024-12-23,7691.35107421875,forecast
76,2024-12-30,7691.35205078125,forecast
76,2025-01-06,7691.3525390625,forecast
76,2025-01-13,7691.3525390625,forecast
76,2025-01-20,7691.3525390625,forecast
76,2025-01-27,7691.3525390625,forecast
76,2025-02-03,7691.3525390625,forecast
76,2025-02-10,7691.3525390625,forecast
76,2025-02-17,7691.3525390625,forecast
76,2025-02-24,7691.3525390625,forecast
76,2025-03-03,7691.3525390625,forecast
76,2025-03-10,7691.3525390625,forecast
76,2025-03-17,7691.3525390625,forecast
76,2025-03-24,7691.3525390625,forecast
76,2025-03-31,7691.3525390625,forecast
76,2025-04-07,7691.3525390625,forecast
76,2025-04-14,7691.3525390625,forecast
76,2025-04-21,7691.3525390625,forecast
76,2025-04-28,7691.3525390625,forecast
76,2025-05-05,7691.3525390625,forecast
76,2025-05-12,7691.3525390625,forecast
76,2025-05-19,7691.3525390625,forecast
76,2025-05-26,7691.3525390625,forecast
76,2025-06-02,7691.3525390625,forecast
76,2025-06-09,7691.3525390625,forecast
76,2025-06-16,7691.3525390625,forecast
76,2025-06-23,7691.3525390625,forecast
76,2025-06-30,7691.3525390625,forecast
76,2025-07-07,7691.3525390625,forecast
76,2025-07-14,7691.3525390625,forecast
76,2025-07-21,7691.3525390625,forecast
76,2025-07-28,7691.3525390625,forecast
76,2025-08-04,7691.3525390625,forecast
76,2025-08-11,7691.3525390625,forecast
76,2025-08-18,7691.3525390625,forecast
76,2025-08-25,7691.3525390625,forecast
76,2025-09-01,7691.3525390625,forecast
76,2025-09-08,7691.3525390625,forecast
76,2025-09-15,7691.3525390625,forecast
76,2025-09-22,7691.3525390625,forecast
76,2025-09-29,7691.3525390625,forecast
76,2025-10-06,7691.3525390625,forecast
77,2024-10-14,5419.36474609375,forecast
77,2024-10-21,5819.873046875,forecast
77,2024-10-28,5819.873046875,forecast
77,2024-11-04,5819.873046875,forecast
77,2024-11-11,5819.873046875,forecast
77,2024-11-18,5819.873046875,forecast
77,2024-11-25,5819.873046875,forecast
77,2024-12-02,5819.873046875,forecast
77,2024-12-09,5819.873046875,forecast
77,2024-12-16,5819.873046875,forecast
77,2024-12-23,5819.873046875,forecast
77,2024-12-30,5819.873046875,forecast
77,2025-01-06,5819.873046875,forecast
77,2025-01-13,5819.873046875,forecast
77,2025-01-20,5819.873046875,forecast
77,2025-01-27,5819.873046875,forecast
77,2025-02-03,5819.873046875,forecast
77,2025-02-10,5819.873046875,forecast
77,2025-02-17,5819.873046875,forecast
77,2025-02-24,5819.873046875,forecast
77,2025-03-03,5819.873046875,forecast
77,2025-03-10,5819.873046875,forecast
77,2025-03-17,5819.873046875,forecast
77,2025-03-24,5819.873046875,forecast
77,2025-03-31,5819.873046875,forecast
77,2025-04-07,5819.873046875,forecast
77,2025-04-14,5819.873046875,forecast
77,2025-04-21,5819.873046875,forecast
77,2025-04-28,5819.873046875,forecast
77,2025-05-05,5819.873046875,forecast
77,2025-05-12,5819.873046875,forecast
77,2025-05-19,5819.873046875,forecast
77,2025-05-26,5819.873046875,forecast
77,2025-06-02,5819.873046875,forecast
77,2025-06-09,5819.873046875,forecast
77,2025-06-16,5819.873046875,forecast
77,2025-06-23,5819.873046875,forecast
77,2025-06-30,5819.873046875,forecast
77,2025-07-07,5819.873046875,forecast
77,2025-07-14,5819.873046875,forecast
77,2025-07-21,5819.873046875,forecast
77,2025-07-28,5819.873046875,forecast
77,2025-08-04,5819.873046875,forecast
77,2025-08-11,5819.873046875,forecast
77,2025-08-18,5819.873046875,forecast
77,2025-08-25,5819.873046875,forecast
77,2025-09-01,5819.873046875,forecast
77,2025-09-08,5819.873046875,forecast
77,2025-09-15,5819.873046875,forecast
77,2025-09-22,5819.873046875,forecast
77,2025-09-29,5819.873046875,forecast
77,2025-10-06,5819.873046875,forecast
80,2024-10-14,10373.5771484375,forecast
80,2024-10-21,9553.2431640625,forecast
80,2024-10-28,12754.1845703125,forecast
80,2024-11-04,6118.0810546875,forecast
80,2024-11-11,9530.5283203125,forecast
80,2024-11-18,7690.57958984375,forecast
80,2024-11-25,18104.5859375,forecast
80,2024-12-02,15499.5859375,forecast
80,2024-12-09,14601.5859375,forecast
80,2024-12-16,12109.5859375,forecast
80,2024-12-23,11601.5859375,forecast
80,2024-12-30,14528.5859375,forecast
80,2025-01-06,9839.5859375,forecast
80,2025-01-13,10076.5859375,forecast
80,2025-01-20,10930.5859375,forecast
80,2025-01-27,19556.5859375,forecast
80,2025-02-03,12886.5859375,forecast
80,2025-02-10,13008.5859375,forecast
80,2025-02-17,10616.5859375,forecast
80,2025-02-24,14279.5859375,forecast
80,2025-03-03,11301.5859375,forecast
80,2025-03-10,10107.5859375,forecast
80,2025-03-17,9322.5859375,forecast
80,2025-03-24,13366.5859375,forecast
80,2025-03-31,10306.5859375,forecast
80,2025-04-07,10651.5859375,forecast
80,2025-04-14,8680.5859375,forecast
80,2025-04-21,14653.5859375,forecast
80,2025-04-28,17894.5859375,forecast
80,2025-05-05,12388.5859375,forecast
80,2025-05-12,11322.5859375,forecast
80,2025-05-19,10088.5859375,forecast
80,2025-05-26,12187.5859375,forecast
80,2025-06-02,8971.5859375,forecast
80,2025-06-09,11343.5859375,forecast
80,2025-06-16,9620.5859375,forecast
80,2025-06-23,13450.5859375,forecast
80,2025-06-30,11190.5859375,forecast
80,2025-07-07,14914.5859375,forecast
80,2025-07-14,11904.5859375,forecast
80,2025-07-21,11318.5859375,forecast
80,2025-07-28,12756.5859375,forecast
80,2025-08-04,9613.5859375,forecast
80,2025-08-11,8421.5859375,forecast
80,2025-08-18,7343.58642578125,forecast
80,2025-08-25,10937.5859375,forecast
80,2025-09-01,11028.5859375,forecast
80,2025-09-08,9921.5859375,forecast
80,2025-09-15,9569.5859375,forecast
80,2025-09-22,10808.5859375,forecast
80,2025-09-29,10915.5859375,forecast
80,2025-10-06,7445.58642578125,forecast
81,2024-10-14,7680.58203125,forecast
81,2024-10-21,7854.5634765625,forecast
81,2024-10-28,7854.5634765625,forecast
81,2024-11-04,7854.5634765625,forecast
81,2024-11-11,7854.5634765625,forecast
81,2024-11-18,7854.5634765625,forecast
81,2024-11-25,7854.5634765625,forecast
81,2024-12-02,7854.5634765625,forecast
81,2024-12-09,7854.5634765625,forecast
81,2024-12-16,7854.5634765625,forecast
81,2024-12-23,7854.5634765625,forecast
81,2024-12-30,7854.5634765625,forecast
81,2025-01-06,7854.5634765625,forecast
81,2025-01-13,7854.5634765625,forecast
81,2025-01-20,7854.5634765625,forecast
81,2025-01-27,7854.5634765625,forecast
81,2025-02-03,7854.5634765625,forecast
81,2025-02-10,7854.5634765625,forecast
81,2025-02-17,7854.5634765625,forecast
81,2025-02-24,7854.5634765625,forecast
81,2025-03-03,7854.5634765625,forecast
81,2025-03-10,7854.5634765625,forecast
81,2025-03-17,7854.5634765625,forecast
81,2025-03-24,7854.5634765625,forecast
81,2025-03-31,7854.5634765625,forecast
81,2025-04-07,7854.5634765625,forecast
81,2025-04-14,7854.5634765625,forecast
81,2025-04-21,7854.5634765625,forecast
81,2025-04-28,7854.5634765625,forecast
81,2025-05-05,7854.5634765625,forecast
81,2025-05-12,7854.5634765625,forecast
81,2025-05-19,7854.5634765625,forecast
81,2025-05-26,7854.5634765625,forecast
81,2025-06-02,7854.5634765625,forecast
81,2025-06-09,7854.5634765625,forecast
81,2025-06-16,7854.5634765625,forecast
81,2025-06-23,7854.5634765625,forecast
81,2025-06-30,7854.5634765625,forecast
81,2025-07-07,7854.5634765625,forecast
81,2025-07-14,7854.5634765625,forecast
81,2025-07-21,7854.5634765625,forecast
81,2025-07-28,7854.5634765625,forecast
81,2025-08-04,7854.5634765625,forecast
81,2025-08-11,7854.5634765625,forecast
81,2025-08-18,7854.5634765625,forecast
81,2025-08-25,7854.5634765625,forecast
81,2025-09-01,7854.5634765625,forecast
81,2025-09-08,7854.5634765625,forecast
81,2025-09-15,7854.5634765625,forecast
81,2025-09-22,7854.5634765625,forecast
81,2025-09-29,7854.5634765625,forecast
81,2025-10-06,7854.5634765625,forecast
83,2024-10-14,10442.1494140625,forecast
83,2024-10-21,10732.830078125,forecast
83,2024-10-28,10732.830078125,forecast
83,2024-11-04,10732.830078125,forecast
83,2024-11-11,10732.830078125,forecast
83,2024-11-18,10732.830078125,forecast
83,2024-11-25,10732.830078125,forecast
83,2024-12-02,10732.830078125,forecast
83,2024-12-09,10732.830078125,forecast
83,2024-12-16,10732.830078125,forecast
83,2024-12-23,10732.830078125,forecast
83,2024-12-30,10732.830078125,forecast
83,2025-01-06,10732.830078125,forecast
83,2025-01-13,10732.830078125,forecast
83,2025-01-20,10732.830078125,forecast
83,2025-01-27,10732.830078125,forecast
83,2025-02-03,10732.830078125,forecast
83,2025-02-10,10732.830078125,forecast
83,2025-02-17,10732.830078125,forecast
83,2025-02-24,10732.830078125,forecast
83,2025-03-03,10732.830078125,forecast
83,2025-03-10,10732.830078125,forecast
83,2025-03-17,10732.830078125,forecast
83,2025-03-24,10732.830078125,forecast
83,2025-03-31,10732.830078125,forecast
83,2025-04-07,10732.830078125,forecast
83,2025-04-14,10732.830078125,forecast
83,2025-04-21,10732.830078125,forecast
83,2025-04-28,10732.830078125,forecast
83,2025-05-05,10732.830078125,forecast
83,2025-05-12,10732.830078125,forecast
83,2025-05-19,10732.830078125,forecast
83,2025-05-26,10732.830078125,forecast
83,2025-06-02,10732.830078125,forecast
83,2025-06-09,10732.830078125,forecast
83,2025-06-16,10732.830078125,forecast
83,2025-06-23,10732.830078125,forecast
83,2025-06-30,10732.830078125,forecast
83,2025-07-07,10732.830078125,forecast
83,2025-07-14,10732.830078125,forecast
83,2025-07-21,10732.830078125,forecast
83,2025-07-28,10732.830078125,forecast
83,2025-08-04,10732.830078125,forecast
83,2025-08-11,10732.830078125,forecast
83,2025-08-18,10732.830078125,forecast
83,2025-08-25,10732.830078125,forecast
83,2025-09-01,10732.830078125,forecast
83,2025-09-08,10732.830078125,forecast
83,2025-09-15,10732.830078125,forecast
83,2025-09-22,10732.830078125,forecast
83,2025-09-29,10732.830078125,forecast
83,2025-10-06,10732.830078125,forecast
86,2024-10-14,8980.0,forecast
86,2024-10-21,9117.0,forecast
86,2024-10-28,14445.0,forecast
86,2024-11-04,6355.0,forecast
86,2024-11-11,8095.0,forecast
86,2024-11-18,8295.0,forecast
86,2024-11-25,18541.0,forecast
86,2024-12-02,11668.0,forecast
86,2024-12-09,10425.0,forecast
86,2024-12-16,8300.0,forecast
86,2024-12-23,10247.0,forecast
86,2024-12-30,17351.0,forecast
86,2025-01-06,11046.0,forecast
86,2025-01-13,9687.0,forecast
86,2025-01-20,9773.0,forecast
86,2025-01-27,21821.0,forecast
86,2025-02-03,15497.0,forecast
86,2025-02-10,14666.0,forecast
86,2025-02-17,12343.0,forecast
86,2025-02-24,17749.0,forecast
86,2025-03-03,12651.0,forecast
86,2025-03-10,9745.0,forecast
86,2025-03-17,8908.0,forecast
86,2025-03-24,10880.0,forecast
86,2025-03-31,12439.0,forecast
86,2025-04-07,7976.0,forecast
86,2025-04-14,8059.0,forecast
86,2025-04-21,13155.0,forecast
86,2025-04-28,20276.0,forecast
86,2025-05-05,9986.0,forecast
86,2025-05-12,8865.0,forecast
86,2025-05-19,8708.0,forecast
86,2025-05-26,14387.0,forecast
86,2025-06-02,11791.0,forecast
86,2025-06-09,10605.0,forecast
86,2025-06-16,9736.0,forecast
86,2025-06-23,12420.0,forecast
86,2025-06-30,14138.0,forecast
86,2025-07-07,12833.0,forecast
86,2025-07-14,9551.0,forecast
86,2025-07-21,9183.0,forecast
86,2025-07-28,15278.0,forecast
86,2025-08-04,10177.0,forecast
86,2025-08-11,7545.0,forecast
86,2025-08-18,6814.0,forecast
86,2025-08-25,12421.0,forecast
86,2025-09-01,11699.0,forecast
86,2025-09-08,9957.0,forecast
86,2025-09-15,9012.0,forecast
86,2025-09-22,9327.0,forecast
86,2025-09-29,13108.0,forecast
86,2025-10-06,7159.0,forecast
88,2024-10-14,6761.24072265625,forecast
88,2024-10-21,7041.58056640625,forecast
88,2024-10-28,7041.58056640625,forecast
88,2024-11-04,7041.58056640625,forecast
88,2024-11-11,7041.58056640625,forecast
88,2024-11-18,7041.58056640625,forecast
88,2024-11-25,7041.58056640625,forecast
88,2024-12-02,7041.58056640625,forecast
88,2024-12-09,7041.58056640625,forecast
88,2024-12-16,7041.58056640625,forecast
88,2024-12-23,7041.58056640625,forecast
88,2024-12-30,7041.58056640625,forecast
88,2025-01-06,7041.58056640625,forecast
88,2025-01-13,7041.58056640625,forecast
88,2025-01-20,7041.58056640625,forecast
88,2025-01-27,7041.58056640625,forecast
88,2025-02-03,7041.58056640625,forecast
88,2025-02-10,7041.58056640625,forecast
88,2025-02-17,7041.58056640625,forecast
88,2025-02-24,7041.58056640625,forecast
88,2025-03-03,7041.58056640625,forecast
88,2025-03-10,7041.58056640625,forecast
88,2025-03-17,7041.58056640625,forecast
88,2025-03-24,7041.58056640625,forecast
88,2025-03-31,7041.58056640625,forecast
88,2025-04-07,7041.58056640625,forecast
88,2025-04-14,7041.58056640625,forecast
88,2025-04-21,7041.58056640625,forecast
88,2025-04-28,7041.58056640625,forecast
88,2025-05-05,7041.58056640625,forecast
88,2025-05-12,7041.58056640625,forecast
88,2025-05-19,7041.58056640625,forecast
88,2025-05-26,7041.58056640625,forecast
88,2025-06-02,7041.58056640625,forecast
88,2025-06-09,7041.58056640625,forecast
88,2025-06-16,7041.58056640625,forecast
88,2025-06-23,7041.58056640625,forecast
88,2025-06-30,7041.58056640625,forecast
88,2025-07-07,7041.58056640625,forecast
88,2025-07-14,7041.58056640625,forecast
88,2025-07-21,7041.58056640625,forecast
88,2025-07-28,7041.58056640625,forecast
88,2025-08-04,7041.58056640625,forecast
88,2025-08-11,7041.58056640625,forecast
88,2025-08-18,7041.58056640625,forecast
88,2025-08-25,7041.58056640625,forecast
88,2025-09-01,7041.58056640625,forecast
88,2025-09-08,7041.58056640625,forecast
88,2025-09-15,7041.58056640625,forecast
88,2025-09-22,7041.58056640625,forecast
88,2025-09-29,7041.58056640625,forecast
88,2025-10-06,7041.58056640625,forecast
89,2024-10-14,12728.033203125,forecast
89,2024-10-21,13274.8408203125,forecast
89,2024-10-28,13409.888671875,forecast
89,2024-11-04,13443.2421875,forecast
89,2024-11-11,13451.4794921875,forecast
89,2024-11-18,13453.513671875,forecast
89,2024-11-25,13454.015625,forecast
89,2024-12-02,13454.1396484375,forecast
89,2024-12-09,13454.1708984375,forecast
89,2024-12-16,13454.1787109375,forecast
89,2024-12-23,13454.1796875,forecast
89,2024-12-30,13454.1806640625,forecast
89,2025-01-06,13454.1806640625,forecast
89,2025-01-13,13454.1806640625,forecast
89,2025-01-20,13454.1806640625,forecast
89,2025-01-27,13454.1806640625,forecast
89,2025-02-03,13454.1806640625,forecast
89,2025-02-10,13454.1806640625,forecast
89,2025-02-17,13454.1806640625,forecast
89,2025-02-24,13454.1806640625,forecast
89,2025-03-03,13454.1806640625,forecast
89,2025-03-10,13454.1806640625,forecast
89,2025-03-17,13454.1806640625,forecast
89,2025-03-24,13454.1806640625,forecast
89,2025-03-31,13454.1806640625,forecast
89,2025-04-07,13454.1806640625,forecast
89,2025-04-14,13454.1806640625,forecast
89,2025-04-21,13454.1806640625,forecast
89,2025-04-28,13454.1806640625,forecast
89,2025-05-05,13454.1806640625,forecast
89,2025-05-12,13454.1806640625,forecast
89,2025-05-19,13454.1806640625,forecast
89,2025-05-26,13454.1806640625,forecast
89,2025-06-02,13454.1806640625,forecast
89,2025-06-09,13454.1806640625,forecast
89,2025-06-16,13454.1806640625,forecast
89,2025-06-23,13454.1806640625,forecast
89,2025-06-30,13454.1806640625,forecast
89,2025-07-07,13454.1806640625,forecast
89,2025-07-14,13454.1806640625,forecast
89,2025-07-21,13454.1806640625,forecast
89,2025-07-28,13454.1806640625,forecast
89,2025-08-04,13454.1806640625,forecast
89,2025-08-11,13454.1806640625,forecast
89,2025-08-18,13454.1806640625,forecast
89,2025-08-25,13454.1806640625,forecast
89,2025-09-01,13454.1806640625,forecast
89,2025-09-08,13454.1806640625,forecast
89,2025-09-15,13454.1806640625,forecast
89,2025-09-22,13454.1806640625,forecast
89,2025-09-29,13454.1806640625,forecast
89,2025-10-06,13454.1806640625,forecast
91,2024-10-14,2542.79638671875,forecast
91,2024-10-21,1632.83056640625,forecast
91,2024-10-28,4167.86376953125,forecast
91,2024-11-04,2315.864501953125,forecast
91,2024-11-11,2205.864501953125,forecast
91,2024-11-18,1682.864501953125,forecast
91,2024-11-25,3788.864501953125,forecast
91,2024-12-02,4420.86474609375,forecast
91,2024-12-09,2602.864501953125,forecast
91,2024-12-16,1913.864501953125,forecast
91,2024-12-23,2460.864501953125,forecast
91,2024-12-30,5139.86474609375,forecast
91,2025-01-06,3250.864501953125,forecast
91,2025-01-13,1779.864501953125,forecast
91,2025-01-20,1753.864501953125,forecast
91,2025-01-27,4258.86474609375,forecast
91,2025-02-03,3766.864501953125,forecast
91,2025-02-10,2716.864501953125,forecast
91,2025-02-17,2075.864501953125,forecast
91,2025-02-24,4021.864501953125,forecast
91,2025-03-03,3912.864501953125,forecast
91,2025-03-10,2255.864501953125,forecast
91,2025-03-17,2389.864501953125,forecast
91,2025-03-24,2843.864501953125,forecast
91,2025-03-31,3708.864501953125,forecast
91,2025-04-07,2378.864501953125,forecast
91,2025-04-14,1308.864501953125,forecast
91,2025-04-21,2777.864501953125,forecast
91,2025-04-28,3812.864501953125,forecast
91,2025-05-05,2531.864501953125,forecast
91,2025-05-12,1857.864501953125,forecast
91,2025-05-19,1921.864501953125,forecast
91,2025-05-26,3138.864501953125,forecast
91,2025-06-02,3268.864501953125,forecast
91,2025-06-09,2498.864501953125,forecast
91,2025-06-16,2248.864501953125,forecast
91,2025-06-23,2771.864501953125,forecast
91,2025-06-30,4575.86474609375,forecast
91,2025-07-07,3087.864501953125,forecast
91,2025-07-14,2510.864501953125,forecast
91,2025-07-21,1742.864501953125,forecast
91,2025-07-28,3225.864501953125,forecast
91,2025-08-04,3010.864501953125,forecast
91,2025-08-11,2031.864501953125,forecast
91,2025-08-18,1956.864501953125,forecast
91,2025-08-25,2807.864501953125,forecast
91,2025-09-01,3638.864501953125,forecast
91,2025-09-08,1911.864501953125,forecast
91,2025-09-15,2412.864501953125,forecast
91,2025-09-22,2645.864501953125,forecast
91,2025-09-29,3304.864501953125,forecast
91,2025-10-06,2449.864501953125,forecast
92,2024-10-14,5639.11572265625,forecast
92,2024-10-21,6279.91064453125,forecast
92,2024-10-28,6279.91064453125,forecast
92,2024-11-04,6279.91064453125,forecast
92,2024-11-11,6279.91064453125,forecast
92,2024-11-18,6279.91064453125,forecast
92,2024-11-25,6279.91064453125,forecast
92,2024-12-02,6279.91064453125,forecast
92,2024-12-09,6279.91064453125,forecast
92,2024-12-16,6279.91064453125,forecast
92,2024-12-23,6279.91064453125,forecast
92,2024-12-30,6279.91064453125,forecast
92,2025-01-06,6279.91064453125,forecast
92,2025-01-13,6279.91064453125,forecast
92,2025-01-20,6279.91064453125,forecast
92,2025-01-27,6279.91064453125,forecast
92,2025-02-03,6279.91064453125,forecast
92,2025-02-10,6279.91064453125,forecast
92,2025-02-17,6279.91064453125,forecast
92,2025-02-24,6279.91064453125,forecast
92,2025-03-03,6279.91064453125,forecast
92,2025-03-10,6279.91064453125,forecast
92,2025-03-17,6279.91064453125,forecast
92,2025-03-24,6279.91064453125,forecast
92,2025-03-31,6279.91064453125,forecast
92,2025-04-07,6279.91064453125,forecast
92,2025-04-14,6279.91064453125,forecast
92,2025-04-21,6279.91064453125,forecast
92,2025-04-28,6279.91064453125,forecast
92,2025-05-05,6279.91064453125,forecast
92,2025-05-12,6279.91064453125,forecast
92,2025-05-19,6279.91064453125,forecast
92,2025-05-26,6279.91064453125,forecast
92,2025-06-02,6279.91064453125,forecast
92,2025-06-09,6279.91064453125,forecast
92,2025-06-16,6279.91064453125,forecast
92,2025-06-23,6279.91064453125,forecast
92,2025-06-30,6279.91064453125,forecast
92,2025-07-07,6279.91064453125,forecast
92,2025-07-14,6279.91064453125,forecast
92,2025-07-21,6279.91064453125,forecast
92,2025-07-28,6279.91064453125,forecast
92,2025-08-04,6279.91064453125,forecast
92,2025-08-11,6279.91064453125,forecast
92,2025-08-18,6279.91064453125,forecast
92,2025-08-25,6279.91064453125,forecast
92,2025-09-01,6279.91064453125,forecast
92,2025-09-08,6279.91064453125,forecast
92,2025-09-15,6279.91064453125,forecast
92,2025-09-22,6279.91064453125,forecast
92,2025-09-29,6279.91064453125,forecast
92,2025-10-06,6279.91064453125,forecast
93,2024-10-14,7596.1328125,forecast
93,2024-10-21,7983.7412109375,forecast
93,2024-10-28,7983.7412109375,forecast
93,2024-11-04,7983.7412109375,forecast
93,2024-11-11,7983.7412109375,forecast
93,2024-11-18,7983.7412109375,forecast
93,2024-11-25,7983.7412109375,forecast
93,2024-12-02,7983.7412109375,forecast
93,2024-12-09,7983.7412109375,forecast
93,2024-12-16,7983.7412109375,forecast
93,2024-12-23,7983.7412109375,forecast
93,2024-12-30,7983.7412109375,forecast
93,2025-01-06,7983.7412109375,forecast
93,2025-01-13,7983.7412109375,forecast
93,2025-01-20,7983.7412109375,forecast
93,2025-01-27,7983.7412109375,forecast
93,2025-02-03,7983.7412109375,forecast
93,2025-02-10,7983.7412109375,forecast
93,2025-02-17,7983.7412109375,forecast
93,2025-02-24,7983.7412109375,forecast
93,2025-03-03,7983.7412109375,forecast
93,2025-03-10,7983.7412109375,forecast
93,2025-03-17,7983.7412109375,forecast
93,2025-03-24,7983.7412109375,forecast
93,2025-03-31,7983.7412109375,forecast
93,2025-04-07,7983.7412109375,forecast
93,2025-04-14,7983.7412109375,forecast
93,2025-04-21,7983.7412109375,forecast
93,2025-04-28,7983.7412109375,forecast
93,2025-05-05,7983.7412109375,forecast
93,2025-05-12,7983.7412109375,forecast
93,2025-05-19,7983.7412109375,forecast
93,2025-05-26,7983.7412109375,forecast
93,2025-06-02,7983.7412109375,forecast
93,2025-06-09,7983.7412109375,forecast
93,2025-06-16,7983.7412109375,forecast
93,2025-06-23,7983.7412109375,forecast
93,2025-06-30,7983.7412109375,forecast
93,2025-07-07,7983.7412109375,forecast
93,2025-07-14,7983.7412109375,forecast
93,2025-07-21,7983.7412109375,forecast
93,2025-07-28,7983.7412109375,forecast
93,2025-08-04,7983.7412109375,forecast
93,2025-08-11,7983.7412109375,forecast
93,2025-08-18,7983.7412109375,forecast
93,2025-08-25,7983.7412109375,forecast
93,2025-09-01,7983.7412109375,forecast
93,2025-09-08,7983.7412109375,forecast
93,2025-09-15,7983.7412109375,forecast
93,2025-09-22,7983.7412109375,forecast
93,2025-09-29,7983.7412109375,forecast
93,2025-10-06,7983.7412109375,forecast
94,2024-10-14,6180.48974609375,forecast
94,2024-10-21,6384.17578125,forecast
94,2024-10-28,6444.52294921875,forecast
94,2024-11-04,6462.40234375,forecast
94,2024-11-11,6467.69970703125,forecast
94,2024-11-18,6469.26904296875,forecast
94,2024-11-25,6469.73388671875,forecast
94,2024-12-02,6469.8720703125,forecast
94,2024-12-09,6469.91259765625,forecast
94,2024-12-16,6469.9248046875,forecast
94,2024-12-23,6469.92822265625,forecast
94,2024-12-30,6469.92919921875,forecast
94,2025-01-06,6469.9296875,forecast
94,2025-01-13,6469.9296875,forecast
94,2025-01-20,6469.9296875,forecast
94,2025-01-27,6469.9296875,forecast
94,2025-02-03,6469.9296875,forecast
94,2025-02-10,6469.9296875,forecast
94,2025-02-17,6469.9296875,forecast
94,2025-02-24,6469.9296875,forecast
94,2025-03-03,6469.9296875,forecast
94,2025-03-10,6469.9296875,forecast
94,2025-03-17,6469.9296875,forecast
94,2025-03-24,6469.9296875,forecast
94,2025-03-31,6469.9296875,forecast
94,2025-04-07,6469.9296875,forecast
94,2025-04-14,6469.9296875,forecast
94,2025-04-21,6469.9296875,forecast
94,2025-04-28,6469.9296875,forecast
94,2025-05-05,6469.9296875,forecast
94,2025-05-12,6469.9296875,forecast
94,2025-05-19,6469.9296875,forecast
94,2025-05-26,6469.9296875,forecast
94,2025-06-02,6469.9296875,forecast
94,2025-06-09,6469.9296875,forecast
94,2025-06-16,6469.9296875,forecast
94,2025-06-23,6469.9296875,forecast
94,2025-06-30,6469.9296875,forecast
94,2025-07-07,6469.9296875,forecast
94,2025-07-14,6469.9296875,forecast
94,2025-07-21,6469.9296875,forecast
94,2025-07-28,6469.9296875,forecast
94,2025-08-04,6469.9296875,forecast
94,2025-08-11,6469.9296875,forecast
94,2025-08-18,6469.9296875,forecast
94,2025-08-25,6469.9296875,forecast
94,2025-09-01,6469.9296875,forecast
94,2025-09-08,6469.9296875,forecast
94,2025-09-15,6469.9296875,forecast
94,2025-09-22,6469.9296875,forecast
94,2025-09-29,6469.9296875,forecast
94,2025-10-06,6469.9296875,forecast
97,2024-10-14,12114.40625,forecast
97,2024-10-21,12551.404296875,forecast
97,2024-10-28,12623.8115234375,forecast
97,2024-11-04,12635.80859375,forecast
97,2024-11-11,12637.796875,forecast
97,2024-11-18,12638.1259765625,forecast
97,2024-11-25,12638.1806640625,forecast
97,2024-12-02,12638.189453125,forecast
97,2024-12-09,12638.1904296875,forecast
97,2024-12-16,12638.19140625,forecast
97,2024-12-23,12638.19140625,forecast
97,2024-12-30,12638.19140625,forecast
97,2025-01-06,12638.19140625,forecast
97,2025-01-13,12638.19140625,forecast
97,2025-01-20,12638.19140625,forecast
97,2025-01-27,12638.19140625,forecast
97,2025-02-03,12638.19140625,forecast
97,2025-02-10,12638.19140625,forecast
97,2025-02-17,12638.19140625,forecast
97,2025-02-24,12638.19140625,forecast
97,2025-03-03,12638.19140625,forecast
97,2025-03-10,12638.19140625,forecast
97,2025-03-17,12638.19140625,forecast
97,2025-03-24,12638.19140625,forecast
97,2025-03-31,12638.19140625,forecast
97,2025-04-07,12638.19140625,forecast
97,2025-04-14,12638.19140625,forecast
97,2025-04-21,12638.19140625,forecast
97,2025-04-28,12638.19140625,forecast
97,2025-05-05,12638.19140625,forecast
97,2025-05-12,12638.19140625,forecast
97,2025-05-19,12638.19140625,forecast
97,2025-05-26,12638.19140625,forecast
97,2025-06-02,12638.19140625,forecast
97,2025-06-09,12638.19140625,forecast
97,2025-06-16,12638.19140625,forecast
97,2025-06-23,12638.19140625,forecast
97,2025-06-30,12638.19140625,forecast
97,2025-07-07,12638.19140625,forecast
97,2025-07-14,12638.19140625,forecast
97,2025-07-21,12638.19140625,forecast
97,2025-07-28,12638.19140625,forecast
97,2025-08-04,12638.19140625,forecast
97,2025-08-11,12638.19140625,forecast
97,2025-08-18,12638.19140625,forecast
97,2025-08-25,12638.19140625,forecast
97,2025-09-01,12638.19140625,forecast
97,2025-09-08,12638.19140625,forecast
97,2025-09-15,12638.19140625,forecast
97,2025-09-22,12638.19140625,forecast
97,2025-09-29,12638.19140625,forecast
97,2025-10-06,12638.19140625,forecast
99,2024-10-14,13562.193359375,forecast
99,2024-10-21,14127.6904296875,forecast
99,2024-10-28,15292.6318359375,forecast
99,2024-11-04,14601.150390625,forecast
99,2024-11-11,14601.150390625,forecast
99,2024-11-18,14601.150390625,forecast
99,2024-11-25,14601.150390625,forecast
99,2024-12-02,14601.150390625,forecast
99,2024-12-09,14601.150390625,forecast
99,2024-12-16,14601.150390625,forecast
99,2024-12-23,14601.150390625,forecast
99,2024-12-30,14601.150390625,forecast
99,2025-01-06,14601.150390625,forecast
99,2025-01-13,14601.150390625,forecast
99,2025-01-20,14601.150390625,forecast
99,2025-01-27,14601.150390625,forecast
99,2025-02-03,14601.150390625,forecast
99,2025-02-10,14601.150390625,forecast
99,2025-02-17,14601.150390625,forecast
99,2025-02-24,14601.150390625,forecast
99,2025-03-03,14601.150390625,forecast
99,2025-03-10,14601.150390625,forecast
99,2025-03-17,14601.150390625,forecast
99,2025-03-24,14601.150390625,forecast
99,2025-03-31,14601.150390625,forecast
99,2025-04-07,14601.150390625,forecast
99,2025-04-14,14601.150390625,forecast
99,2025-04-21,14601.150390625,forecast
99,2025-04-28,14601.150390625,forecast
99,2025-05-05,14601.150390625,forecast
99,2025-05-12,14601.150390625,forecast
99,2025-05-19,14601.150390625,forecast
99,2025-05-26,14601.150390625,forecast
99,2025-06-02,14601.150390625,forecast
99,2025-06-09,14601.150390625,forecast
99,2025-06-16,14601.150390625,forecast
99,2025-06-23,14601.150390625,forecast
99,2025-06-30,14601.150390625,forecast
99,2025-07-07,14601.150390625,forecast
99,2025-07-14,14601.150390625,forecast
99,2025-07-21,14601.150390625,forecast
99,2025-07-28,14601.150390625,forecast
99,2025-08-04,14601.150390625,forecast
99,2025-08-11,14601.150390625,forecast
99,2025-08-18,14601.150390625,forecast
99,2025-08-25,14601.150390625,forecast
99,2025-09-01,14601.150390625,forecast
99,2025-09-08,14601.150390625,forecast
99,2025-09-15,14601.150390625,forecast
99,2025-09-22,14601.150390625,forecast
99,2025-09-29,14601.150390625,forecast
99,2025-10-06,14601.150390625,forecast
101,2024-10-14,9207.82421875,forecast
101,2024-10-21,9653.0,forecast
101,2024-10-28,11143.0,forecast
101,2024-11-04,5915.0,forecast
101,2024-11-11,9467.0,forecast
101,2024-11-18,8991.0,forecast
101,2024-11-25,14959.0,forecast
101,2024-12-02,11764.0,forecast
101,2024-12-09,10191.0,forecast
101,2024-12-16,8674.0,forecast
101,2024-12-23,9329.0,forecast
101,2024-12-30,13268.0,forecast
101,2025-01-06,10151.0,forecast
101,2025-01-13,7917.0,forecast
101,2025-01-20,9254.0,forecast
101,2025-01-27,16528.0,forecast
101,2025-02-03,11773.0,forecast
101,2025-02-10,10165.0,forecast
101,2025-02-17,8620.0,forecast
101,2025-02-24,14179.0,forecast
101,2025-03-03,10885.0,forecast
101,2025-03-10,9493.0,forecast
101,2025-03-17,10155.0,forecast
101,2025-03-24,11330.0,forecast
101,2025-03-31,10943.0,forecast
101,2025-04-07,9505.0,forecast
101,2025-04-14,8047.0,forecast
101,2025-04-21,12691.0,forecast
101,2025-04-28,13949.0,forecast
101,2025-05-05,8581.0,forecast
101,2025-05-12,8652.0,forecast
101,2025-05-19,8033.0,forecast
101,2025-05-26,12077.0,forecast
101,2025-06-02,10240.0,forecast
101,2025-06-09,9484.0,forecast
101,2025-06-16,9539.0,forecast
101,2025-06-23,10779.0,forecast
101,2025-06-30,13136.0,forecast
101,2025-07-07,12774.0,forecast
101,2025-07-14,8585.0,forecast
101,2025-07-21,9334.0,forecast
101,2025-07-28,13107.0,forecast
101,2025-08-04,9114.0,forecast
101,2025-08-11,7801.0,forecast
101,2025-08-18,6305.0,forecast
101,2025-08-25,10070.0,forecast
101,2025-09-01,9988.0,forecast
101,2025-09-08,9591.0,forecast
101,2025-09-15,9160.0,forecast
101,2025-09-22,9120.0,forecast
101,2025-09-29,11108.0,forecast
101,2025-10-06,7541.0,forecast
102,2024-10-14,6083.56494140625,forecast
102,2024-10-21,6387.26171875,forecast
102,2024-10-28,6450.80126953125,forecast
102,2024-11-04,6464.09521484375,forecast
102,2024-11-11,6466.87646484375,forecast
102,2024-11-18,6467.4580078125,forecast
102,2024-11-25,6467.580078125,forecast
102,2024-12-02,6467.60546875,forecast
102,2024-12-09,6467.61083984375,forecast
102,2024-12-16,6467.61181640625,forecast
102,2024-12-23,6467.6123046875,forecast
102,2024-12-30,6467.6123046875,forecast
102,2025-01-06,6467.6123046875,forecast
102,2025-01-13,6467.6123046875,forecast
102,2025-01-20,6467.6123046875,forecast
102,2025-01-27,6467.6123046875,forecast
102,2025-02-03,6467.6123046875,forecast
102,2025-02-10,6467.6123046875,forecast
102,2025-02-17,6467.6123046875,forecast
102,2025-02-24,6467.6123046875,forecast
102,2025-03-03,6467.6123046875,forecast
102,2025-03-10,6467.6123046875,forecast
102,2025-03-17,6467.6123046875,forecast
102,2025-03-24,6467.6123046875,forecast
102,2025-03-31,6467.6123046875,forecast
102,2025-04-07,6467.6123046875,forecast
102,2025-04-14,6467.6123046875,forecast
102,2025-04-21,6467.6123046875,forecast
102,2025-04-28,6467.6123046875,forecast
102,2025-05-05,6467.6123046875,forecast
102,2025-05-12,6467.6123046875,forecast
102,2025-05-19,6467.6123046875,forecast
102,2025-05-26,6467.6123046875,forecast
102,2025-06-02,6467.6123046875,forecast
102,2025-06-09,6467.6123046875,forecast
102,2025-06-16,6467.6123046875,forecast
102,2025-06-23,6467.6123046875,forecast
102,2025-06-30,6467.6123046875,forecast
102,2025-07-07,6467.6123046875,forecast
102,2025-07-14,6467.6123046875,forecast
102,2025-07-21,6467.6123046875,forecast
102,2025-07-28,6467.6123046875,forecast
102,2025-08-04,6467.6123046875,forecast
102,2025-08-11,6467.6123046875,forecast
102,2025-08-18,6467.6123046875,forecast
102,2025-08-25,6467.6123046875,forecast
102,2025-09-01,6467.6123046875,forecast
102,2025-09-08,6467.6123046875,forecast
102,2025-09-15,6467.6123046875,forecast
102,2025-09-22,6467.6123046875,forecast
102,2025-09-29,6467.6123046875,forecast
102,2025-10-06,6467.6123046875,forecast
104,2024-10-14,14975.7197265625,forecast
104,2024-10-21,16026.953125,forecast
104,2024-10-28,16441.8203125,forecast
104,2024-11-04,16605.546875,forecast
104,2024-11-11,16670.162109375,forecast
104,2024-11-18,16695.662109375,forecast
104,2024-11-25,16705.724609375,forecast
104,2024-12-02,16709.697265625,forecast
104,2024-12-09,16711.263671875,forecast
104,2024-12-16,16711.8828125,forecast
104,2024-12-23,16712.126953125,forecast
104,2024-12-30,16712.22265625,forecast
104,2025-01-06,16712.26171875,forecast
104,2025-01-13,16712.275390625,forecast
104,2025-01-20,16712.28125,forecast
104,2025-01-27,16712.283203125,forecast
104,2025-02-03,16712.28515625,forecast
104,2025-02-10,16712.28515625,forecast
104,2025-02-17,16712.28515625,forecast
104,2025-02-24,16712.28515625,forecast
104,2025-03-03,16712.28515625,forecast
104,2025-03-10,16712.28515625,forecast
104,2025-03-17,16712.28515625,forecast
104,2025-03-24,16712.28515625,forecast
104,2025-03-31,16712.28515625,forecast
104,2025-04-07,16712.28515625,forecast
104,2025-04-14,16712.28515625,forecast
104,2025-04-21,16712.28515625,forecast
104,2025-04-28,16712.28515625,forecast
104,2025-05-05,16712.28515625,forecast
104,2025-05-12,16712.28515625,forecast
104,2025-05-19,16712.28515625,forecast
104,2025-05-26,16712.28515625,forecast
104,2025-06-02,16712.28515625,forecast
104,2025-06-09,16712.28515625,forecast
104,2025-06-16,16712.28515625,forecast
104,2025-06-23,16712.28515625,forecast
104,2025-06-30,16712.28515625,forecast
104,2025-07-07,16712.28515625,forecast
104,2025-07-14,16712.28515625,forecast
104,2025-07-21,16712.28515625,forecast
104,2025-07-28,16712.28515625,forecast
104,2025-08-04,16712.28515625,forecast
104,2025-08-11,16712.28515625,forecast
104,2025-08-18,16712.28515625,forecast
104,2025-08-25,16712.28515625,forecast
104,2025-09-01,16712.28515625,forecast
104,2025-09-08,16712.28515625,forecast
104,2025-09-15,16712.28515625,forecast
104,2025-09-22,16712.28515625,forecast
104,2025-09-29,16712.28515625,forecast
104,2025-10-06,16712.28515625,forecast
106,2024-10-14,7993.83984375,forecast
106,2024-10-21,8148.03173828125,forecast
106,2024-10-28,8148.03173828125,forecast
106,2024-11-04,8148.03173828125,forecast
106,2024-11-11,8148.03173828125,forecast
106,2024-11-18,8148.03173828125,forecast
106,2024-11-25,8148.03173828125,forecast
106,2024-12-02,8148.03173828125,forecast
106,2024-12-09,8148.03173828125,forecast
106,2024-12-16,8148.03173828125,forecast
106,2024-12-23,8148.03173828125,forecast
106,2024-12-30,8148.03173828125,forecast
106,2025-01-06,8148.03173828125,forecast
106,2025-01-13,8148.03173828125,forecast
106,2025-01-20,8148.03173828125,forecast
106,2025-01-27,8148.03173828125,forecast
106,2025-02-03,8148.03173828125,forecast
106,2025-02-10,8148.03173828125,forecast
106,2025-02-17,8148.03173828125,forecast
106,2025-02-24,8148.03173828125,forecast
106,2025-03-03,8148.03173828125,forecast
106,2025-03-10,8148.03173828125,forecast
106,2025-03-17,8148.03173828125,forecast
106,2025-03-24,8148.03173828125,forecast
106,2025-03-31,8148.03173828125,forecast
106,2025-04-07,8148.03173828125,forecast
106,2025-04-14,8148.03173828125,forecast
106,2025-04-21,8148.03173828125,forecast
106,2025-04-28,8148.03173828125,forecast
106,2025-05-05,8148.03173828125,forecast
106,2025-05-12,8148.03173828125,forecast
106,2025-05-19,8148.03173828125,forecast
106,2025-05-26,8148.03173828125,forecast
106,2025-06-02,8148.03173828125,forecast
106,2025-06-09,8148.03173828125,forecast
106,2025-06-16,8148.03173828125,forecast
106,2025-06-23,8148.03173828125,forecast
106,2025-06-30,8148.03173828125,forecast
106,2025-07-07,8148.03173828125,forecast
106,2025-07-14,8148.03173828125,forecast
106,2025-07-21,8148.03173828125,forecast
106,2025-07-28,8148.03173828125,forecast
106,2025-08-04,8148.03173828125,forecast
106,2025-08-11,8148.03173828125,forecast
106,2025-08-18,8148.03173828125,forecast
106,2025-08-25,8148.03173828125,forecast
106,2025-09-01,8148.03173828125,forecast
106,2025-09-08,8148.03173828125,forecast
106,2025-09-15,8148.03173828125,forecast
106,2025-09-22,8148.03173828125,forecast
106,2025-09-29,8148.03173828125,forecast
106,2025-10-06,8148.03173828125,forecast
108,2024-10-14,15469.525390625,forecast
108,2024-10-21,16100.3935546875,forecast
108,2024-10-28,16100.3935546875,forecast
108,2024-11-04,16100.3935546875,forecast
108,2024-11-11,16100.3935546875,forecast
108,2024-11-18,16100.3935546875,forecast
108,2024-11-25,16100.3935546875,forecast
108,2024-12-02,16100.3935546875,forecast
108,2024-12-09,16100.3935546875,forecast
108,2024-12-16,16100.3935546875,forecast
108,2024-12-23,16100.3935546875,forecast
108,2024-12-30,16100.3935546875,forecast
108,2025-01-06,16100.3935546875,forecast
108,2025-01-13,16100.3935546875,forecast
108,2025-01-20,16100.3935546875,forecast
108,2025-01-27,16100.3935546875,forecast
108,2025-02-03,16100.3935546875,forecast
108,2025-02-10,16100.3935546875,forecast
108,2025-02-17,16100.3935546875,forecast
108,2025-02-24,16100.3935546875,forecast
108,2025-03-03,16100.3935546875,forecast
108,2025-03-10,16100.3935546875,forecast
108,2025-03-17,16100.3935546875,forecast
108,2025-03-24,16100.3935546875,forecast
108,2025-03-31,16100.3935546875,forecast
108,2025-04-07,16100.3935546875,forecast
108,2025-04-14,16100.3935546875,forecast
108,2025-04-21,16100.3935546875,forecast
108,2025-04-28,16100.3935546875,forecast
108,2025-05-05,16100.3935546875,forecast
108,2025-05-12,16100.3935546875,forecast
108,2025-05-19,16100.3935546875,forecast
108,2025-05-26,16100.3935546875,forecast
108,2025-06-02,16100.3935546875,forecast
108,2025-06-09,16100.3935546875,forecast
108,2025-06-16,16100.3935546875,forecast
108,2025-06-23,16100.3935546875,forecast
108,2025-06-30,16100.3935546875,forecast
108,2025-07-07,16100.3935546875,forecast
108,2025-07-14,16100.3935546875,forecast
108,2025-07-21,16100.3935546875,forecast
108,2025-07-28,16100.3935546875,forecast
108,2025-08-04,16100.3935546875,forecast
108,2025-08-11,16100.3935546875,forecast
108,2025-08-18,16100.3935546875,forecast
108,2025-08-25,16100.3935546875,forecast
108,2025-09-01,16100.3935546875,forecast
108,2025-09-08,16100.3935546875,forecast
108,2025-09-15,16100.3935546875,forecast
108,2025-09-22,16100.3935546875,forecast
108,2025-09-29,16100.3935546875,forecast
108,2025-10-06,16100.3935546875,forecast
109,2024-10-14,10369.115234375,forecast
109,2024-10-21,11080.47265625,forecast
109,2024-10-28,11317.587890625,forecast
109,2024-11-04,11396.6240234375,forecast
109,2024-11-11,11422.96875,forecast
109,2024-11-18,11431.7509765625,forecast
109,2024-11-25,11434.677734375,forecast
109,2024-12-02,11435.6533203125,forecast
109,2024-12-09,11435.978515625,forecast
109,2024-12-16,11436.0869140625,forecast
109,2024-12-23,11436.123046875,forecast
109,2024-12-30,11436.134765625,forecast
109,2025-01-06,11436.1396484375,forecast
109,2025-01-13,11436.140625,forecast
109,2025-01-20,11436.140625,forecast
109,2025-01-27,11436.1416015625,forecast
109,2025-02-03,11436.1416015625,forecast
109,2025-02-10,11436.1416015625,forecast
109,2025-02-17,11436.1416015625,forecast
109,2025-02-24,11436.1416015625,forecast
109,2025-03-03,11436.1416015625,forecast
109,2025-03-10,11436.1416015625,forecast
109,2025-03-17,11436.1416015625,forecast
109,2025-03-24,11436.1416015625,forecast
109,2025-03-31,11436.1416015625,forecast
109,2025-04-07,11436.1416015625,forecast
109,2025-04-14,11436.1416015625,forecast
109,2025-04-21,11436.1416015625,forecast
109,2025-04-28,11436.1416015625,forecast
109,2025-05-05,11436.1416015625,forecast
109,2025-05-12,11436.1416015625,forecast
109,2025-05-19,11436.1416015625,forecast
109,2025-05-26,11436.1416015625,forecast
109,2025-06-02,11436.1416015625,forecast
109,2025-06-09,11436.1416015625,forecast
109,2025-06-16,11436.1416015625,forecast
109,2025-06-23,11436.1416015625,forecast
109,2025-06-30,11436.1416015625,forecast
109,2025-07-07,11436.1416015625,forecast
109,2025-07-14,11436.1416015625,forecast
109,2025-07-21,11436.1416015625,forecast
109,2025-07-28,11436.1416015625,forecast
109,2025-08-04,11436.1416015625,forecast
109,2025-08-11,11436.1416015625,forecast
109,2025-08-18,11436.1416015625,forecast
109,2025-08-25,11436.1416015625,forecast
109,2025-09-01,11436.1416015625,forecast
109,2025-09-08,11436.1416015625,forecast
109,2025-09-15,11436.1416015625,forecast
109,2025-09-22,11436.1416015625,forecast
109,2025-09-29,11436.1416015625,forecast
109,2025-10-06,11436.1416015625,forecast
110,2024-10-14,8425.7666015625,forecast
110,2024-10-21,8649.4697265625,forecast
110,2024-10-28,8649.4697265625,forecast
110,2024-11-04,8649.4697265625,forecast
110,2024-11-11,8649.4697265625,forecast
110,2024-11-18,8649.4697265625,forecast
110,2024-11-25,8649.4697265625,forecast
110,2024-12-02,8649.4697265625,forecast
110,2024-12-09,8649.4697265625,forecast
110,2024-12-16,8649.4697265625,forecast
110,2024-12-23,8649.4697265625,forecast
110,2024-12-30,8649.4697265625,forecast
110,2025-01-06,8649.4697265625,forecast
110,2025-01-13,8649.4697265625,forecast
110,2025-01-20,8649.4697265625,forecast
110,2025-01-27,8649.4697265625,forecast
110,2025-02-03,8649.4697265625,forecast
110,2025-02-10,8649.4697265625,forecast
110,2025-02-17,8649.4697265625,forecast
110,2025-02-24,8649.4697265625,forecast
110,2025-03-03,8649.4697265625,forecast
110,2025-03-10,8649.4697265625,forecast
110,2025-03-17,8649.4697265625,forecast
110,2025-03-24,8649.4697265625,forecast
110,2025-03-31,8649.4697265625,forecast
110,2025-04-07,8649.4697265625,forecast
110,2025-04-14,8649.4697265625,forecast
110,2025-04-21,8649.4697265625,forecast
110,2025-04-28,8649.4697265625,forecast
110,2025-05-05,8649.4697265625,forecast
110,2025-05-12,8649.4697265625,forecast
110,2025-05-19,8649.4697265625,forecast
110,2025-05-26,8649.4697265625,forecast
110,2025-06-02,8649.4697265625,forecast
110,2025-06-09,8649.4697265625,forecast
110,2025-06-16,8649.4697265625,forecast
110,2025-06-23,8649.4697265625,forecast
110,2025-06-30,8649.4697265625,forecast
110,2025-07-07,8649.4697265625,forecast
110,2025-07-14,8649.4697265625,forecast
110,2025-07-21,8649.4697265625,forecast
110,2025-07-28,8649.4697265625,forecast
110,2025-08-04,8649.4697265625,forecast
110,2025-08-11,8649.4697265625,forecast
110,2025-08-18,8649.4697265625,forecast
110,2025-08-25,8649.4697265625,forecast
110,2025-09-01,8649.4697265625,forecast
110,2025-09-08,8649.4697265625,forecast
110,2025-09-15,8649.4697265625,forecast
110,2025-09-22,8649.4697265625,forecast
110,2025-09-29,8649.4697265625,forecast
110,2025-10-06,8649.4697265625,forecast
113,2024-10-14,8856.1953125,forecast
113,2024-10-21,9133.095703125,forecast
113,2024-10-28,9133.095703125,forecast
113,2024-11-04,9133.095703125,forecast
113,2024-11-11,9133.095703125,forecast
113,2024-11-18,9133.095703125,forecast
113,2024-11-25,9133.095703125,forecast
113,2024-12-02,9133.095703125,forecast
113,2024-12-09,9133.095703125,forecast
113,2024-12-16,9133.095703125,forecast
113,2024-12-23,9133.095703125,forecast
113,2024-12-30,9133.095703125,forecast
113,2025-01-06,9133.095703125,forecast
113,2025-01-13,9133.095703125,forecast
113,2025-01-20,9133.095703125,forecast
113,2025-01-27,9133.095703125,forecast
113,2025-02-03,9133.095703125,forecast
113,2025-02-10,9133.095703125,forecast
113,2025-02-17,9133.095703125,forecast
113,2025-02-24,9133.095703125,forecast
113,2025-03-03,9133.095703125,forecast
113,2025-03-10,9133.095703125,forecast
113,2025-03-17,9133.095703125,forecast
113,2025-03-24,9133.095703125,forecast
113,2025-03-31,9133.095703125,forecast
113,2025-04-07,9133.095703125,forecast
113,2025-04-14,9133.095703125,forecast
113,2025-04-21,9133.095703125,forecast
113,2025-04-28,9133.095703125,forecast
113,2025-05-05,9133.095703125,forecast
113,2025-05-12,9133.095703125,forecast
113,2025-05-19,9133.095703125,forecast
113,2025-05-26,9133.095703125,forecast
113,2025-06-02,9133.095703125,forecast
113,2025-06-09,9133.095703125,forecast
113,2025-06-16,9133.095703125,forecast
113,2025-06-23,9133.095703125,forecast
113,2025-06-30,9133.095703125,forecast
113,2025-07-07,9133.095703125,forecast
113,2025-07-14,9133.095703125,forecast
113,2025-07-21,9133.095703125,forecast
113,2025-07-28,9133.095703125,forecast
113,2025-08-04,9133.095703125,forecast
113,2025-08-11,9133.095703125,forecast
113,2025-08-18,9133.095703125,forecast
113,2025-08-25,9133.095703125,forecast
113,2025-09-01,9133.095703125,forecast
113,2025-09-08,9133.095703125,forecast
113,2025-09-15,9133.095703125,forecast
113,2025-09-22,9133.095703125,forecast
113,2025-09-29,9133.095703125,forecast
113,2025-10-06,9133.095703125,forecast
124,2024-10-14,5965.3251953125,forecast
124,2024-10-21,6334.1708984375,forecast
124,2024-10-28,9439.1708984375,forecast
124,2024-11-04,5193.1708984375,forecast
124,2024-11-11,7207.1708984375,forecast
124,2024-11-18,5518.1708984375,forecast
124,2024-11-25,13080.1708984375,forecast
124,2024-12-02,14056.1708984375,forecast
124,2024-12-09,10133.1708984375,forecast
124,2024-12-16,7577.1708984375,forecast
124,2024-12-23,6969.1708984375,forecast
124,2024-12-30,14300.1708984375,forecast
124,2025-01-06,8213.1708984375,forecast
124,2025-01-13,6268.1708984375,forecast
124,2025-01-20,7550.1708984375,forecast
124,2025-01-27,13966.1708984375,forecast
124,2025-02-03,12987.1708984375,forecast
124,2025-02-10,8685.1708984375,forecast
124,2025-02-17,8478.1708984375,forecast
124,2025-02-24,11679.1708984375,forecast
124,2025-03-03,11845.1708984375,forecast
124,2025-03-10,7993.1708984375,forecast
124,2025-03-17,7955.1708984375,forecast
124,2025-03-24,11424.1708984375,forecast
124,2025-03-31,12787.1708984375,forecast
124,2025-04-07,7134.1708984375,forecast
124,2025-04-14,7154.1708984375,forecast
124,2025-04-21,11903.1708984375,forecast
124,2025-04-28,15823.1708984375,forecast
124,2025-05-05,10610.1708984375,forecast
124,2025-05-12,8595.1708984375,forecast
124,2025-05-19,7701.1708984375,forecast
124,2025-05-26,9709.1708984375,forecast
124,2025-06-02,10317.1708984375,forecast
124,2025-06-09,7390.1708984375,forecast
124,2025-06-16,7151.1708984375,forecast
124,2025-06-23,9567.1708984375,forecast
124,2025-06-30,14328.1708984375,forecast
124,2025-07-07,12047.1708984375,forecast
124,2025-07-14,8150.1708984375,forecast
124,2025-07-21,6977.1708984375,forecast
124,2025-07-28,10430.1708984375,forecast
124,2025-08-04,8543.1708984375,forecast
124,2025-08-11,6234.1708984375,forecast
124,2025-08-18,4826.1708984375,forecast
124,2025-08-25,8089.1708984375,forecast
124,2025-09-01,9992.1708984375,forecast
124,2025-09-08,6722.1708984375,forecast
124,2025-09-15,6549.1708984375,forecast
124,2025-09-22,6225.1708984375,forecast
124,2025-09-29,10437.1708984375,forecast
124,2025-10-06,5631.1708984375,forecast
126,2024-10-14,12604.21875,forecast
126,2024-10-21,12844.0302734375,forecast
126,2024-10-28,12844.0302734375,forecast
126,2024-11-04,12844.0302734375,forecast
126,2024-11-11,12844.0302734375,forecast
126,2024-11-18,12844.0302734375,forecast
126,2024-11-25,12844.0302734375,forecast
126,2024-12-02,12844.0302734375,forecast
126,2024-12-09,12844.0302734375,forecast
126,2024-12-16,12844.0302734375,forecast
126,2024-12-23,12844.0302734375,forecast
126,2024-12-30,12844.0302734375,forecast
126,2025-01-06,12844.0302734375,forecast
126,2025-01-13,12844.0302734375,forecast
126,2025-01-20,12844.0302734375,forecast
126,2025-01-27,12844.0302734375,forecast
126,2025-02-03,12844.0302734375,forecast
126,2025-02-10,12844.0302734375,forecast
126,2025-02-17,12844.0302734375,forecast
126,2025-02-24,12844.0302734375,forecast
126,2025-03-03,12844.0302734375,forecast
126,2025-03-10,12844.0302734375,forecast
126,2025-03-17,12844.0302734375,forecast
126,2025-03-24,12844.0302734375,forecast
126,2025-03-31,12844.0302734375,forecast
126,2025-04-07,12844.0302734375,forecast
126,2025-04-14,12844.0302734375,forecast
126,2025-04-21,12844.0302734375,forecast
126,2025-04-28,12844.0302734375,forecast
126,2025-05-05,12844.0302734375,forecast
126,2025-05-12,12844.0302734375,forecast
126,2025-05-19,12844.0302734375,forecast
126,2025-05-26,12844.0302734375,forecast
126,2025-06-02,12844.0302734375,forecast
126,2025-06-09,12844.0302734375,forecast
126,2025-06-16,12844.0302734375,forecast
126,2025-06-23,12844.0302734375,forecast
126,2025-06-30,12844.0302734375,forecast
126,2025-07-07,12844.0302734375,forecast
126,2025-07-14,12844.0302734375,forecast
126,2025-07-21,12844.0302734375,forecast
126,2025-07-28,12844.0302734375,forecast
126,2025-08-04,12844.0302734375,forecast
126,2025-08-11,12844.0302734375,forecast
126,2025-08-18,12844.0302734375,forecast
126,2025-08-25,12844.0302734375,forecast
126,2025-09-01,12844.0302734375,forecast
126,2025-09-08,12844.0302734375,forecast
126,2025-09-15,12844.0302734375,forecast
126,2025-09-22,12844.0302734375,forecast
126,2025-09-29,12844.0302734375,forecast
126,2025-10-06,12844.0302734375,forecast
129,2024-10-14,6660.77880859375,forecast
129,2024-10-21,6660.77880859375,forecast
129,2024-10-28,6660.77880859375,forecast
129,2024-11-04,6660.77880859375,forecast
129,2024-11-11,6660.77880859375,forecast
129,2024-11-18,6660.77880859375,forecast
129,2024-11-25,6660.77880859375,forecast
129,2024-12-02,6660.77880859375,forecast
129,2024-12-09,6660.77880859375,forecast
129,2024-12-16,6660.77880859375,forecast
129,2024-12-23,6660.77880859375,forecast
129,2024-12-30,6660.77880859375,forecast
129,2025-01-06,6660.77880859375,forecast
129,2025-01-13,6660.77880859375,forecast
129,2025-01-20,6660.77880859375,forecast
129,2025-01-27,6660.77880859375,forecast
129,2025-02-03,6660.77880859375,forecast
129,2025-02-10,6660.77880859375,forecast
129,2025-02-17,6660.77880859375,forecast
129,2025-02-24,6660.77880859375,forecast
129,2025-03-03,6660.77880859375,forecast
129,2025-03-10,6660.77880859375,forecast
129,2025-03-17,6660.77880859375,forecast
129,2025-03-24,6660.77880859375,forecast
129,2025-03-31,6660.77880859375,forecast
129,2025-04-07,6660.77880859375,forecast
129,2025-04-14,6660.77880859375,forecast
129,2025-04-21,6660.77880859375,forecast
129,2025-04-28,6660.77880859375,forecast
129,2025-05-05,6660.77880859375,forecast
129,2025-05-12,6660.77880859375,forecast
129,2025-05-19,6660.77880859375,forecast
129,2025-05-26,6660.77880859375,forecast
129,2025-06-02,6660.77880859375,forecast
129,2025-06-09,6660.77880859375,forecast
129,2025-06-16,6660.77880859375,forecast
129,2025-06-23,6660.77880859375,forecast
129,2025-06-30,6660.77880859375,forecast
129,2025-07-07,6660.77880859375,forecast
129,2025-07-14,6660.77880859375,forecast
129,2025-07-21,6660.77880859375,forecast
129,2025-07-28,6660.77880859375,forecast
129,2025-08-04,6660.77880859375,forecast
129,2025-08-11,6660.77880859375,forecast
129,2025-08-18,6660.77880859375,forecast
129,2025-08-25,6660.77880859375,forecast
129,2025-09-01,6660.77880859375,forecast
129,2025-09-08,6660.77880859375,forecast
129,2025-09-15,6660.77880859375,forecast
129,2025-09-22,6660.77880859375,forecast
129,2025-09-29,6660.77880859375,forecast
129,2025-10-06,6660.77880859375,forecast
132,2024-10-14,13401.8408203125,forecast
132,2024-10-21,13783.150390625,forecast
132,2024-10-28,14751.9130859375,forecast
132,2024-11-04,14192.4033203125,forecast
132,2024-11-11,13609.3642578125,forecast
132,2024-11-18,14197.625,forecast
132,2024-11-25,14478.705078125,forecast
132,2024-12-02,13952.3447265625,forecast
132,2024-12-09,13884.220703125,forecast
132,2024-12-16,14304.2939453125,forecast
132,2024-12-23,14239.6162109375,forecast
132,2024-12-30,13937.4111328125,forecast
132,2025-01-06,14070.5869140625,forecast
132,2025-01-13,14263.9462890625,forecast
132,2025-01-20,14108.7763671875,forecast
132,2025-01-27,14004.478515625,forecast
132,2025-02-03,14151.6904296875,forecast
132,2025-02-10,14190.3203125,forecast
132,2025-02-17,14067.400390625,forecast
132,2025-02-24,14072.0771484375,forecast
132,2025-03-03,14164.4619140625,forecast
132,2025-03-10,14135.2548828125,forecast
132,2025-03-17,14072.951171875,forecast
132,2025-03-24,14112.5048828125,forecast
132,2025-03-31,14149.0107421875,forecast
132,2025-04-07,14108.7314453125,forecast
132,2025-04-14,14092.0888671875,forecast
132,2025-04-21,14127.40625,forecast
132,2025-04-28,14130.2880859375,forecast
132,2025-05-05,14102.5712890625,forecast
132,2025-05-12,14108.068359375,forecast
132,2025-05-19,14127.6669921875,forecast
132,2025-05-26,14118.037109375,forecast
132,2025-06-02,14105.7734375,forecast
132,2025-06-09,14116.5166015625,forecast
132,2025-06-16,14122.8818359375,forecast
132,2025-06-23,14112.9267578125,forecast
132,2025-06-30,14110.8388671875,forecast
132,2025-07-07,14119.0048828125,forecast
132,2025-07-14,14118.330078125,forecast
132,2025-07-21,14112.29296875,forecast
132,2025-07-28,14114.4833984375,forecast
132,2025-08-04,14118.4765625,forecast
132,2025-08-11,14115.69921875,forecast
132,2025-08-18,14113.4267578125,forecast
132,2025-08-25,14116.173828125,forecast
132,2025-09-01,14117.1435546875,forecast
132,2025-09-08,14114.7802734375,forecast
132,2025-09-15,14114.697265625,forecast
132,2025-09-22,14116.521484375,forecast
132,2025-09-29,14116.078125,forecast
132,2025-10-06,14114.8115234375,forecast
137,2024-10-14,20762.26171875,forecast
137,2024-10-21,21815.2890625,forecast
137,2024-10-28,22010.1328125,forecast
137,2024-11-04,21124.833984375,forecast
137,2024-11-11,21192.064453125,forecast
137,2024-11-18,21878.41796875,forecast
137,2024-11-25,21652.900390625,forecast
137,2024-12-02,21164.26953125,forecast
137,2024-12-09,21465.931640625,forecast
137,2024-12-16,21778.416015625,forecast
137,2024-12-23,21460.439453125,forecast
137,2024-12-30,21291.96484375,forecast
137,2025-01-06,21586.787109375,forecast
137,2025-01-13,21646.6796875,forecast
137,2025-01-20,21397.4765625,forecast
137,2025-01-27,21412.39453125,forecast
137,2025-02-03,21606.599609375,forecast
137,2025-02-10,21546.05078125,forecast
137,2025-02-17,21406.97265625,forecast
137,2025-02-24,21489.943359375,forecast
137,2025-03-03,21579.611328125,forecast
137,2025-03-10,21491.220703125,forecast
137,2025-03-17,21442.162109375,forecast
137,2025-03-24,21524.673828125,forecast
137,2025-03-31,21542.951171875,forecast
137,2025-04-07,21472.826171875,forecast
137,2025-04-14,21475.892578125,forecast
137,2025-04-21,21530.826171875,forecast
137,2025-04-28,21514.615234375,forecast
137,2025-05-05,21475.044921875,forecast
137,2025-05-12,21497.845703125,forecast
137,2025-05-19,21523.55859375,forecast
137,2025-05-26,21499.0,forecast
137,2025-06-02,21484.734375,forecast
137,2025-06-09,21507.818359375,forecast
137,2025-06-16,21513.361328125,forecast
137,2025-06-23,21493.634765625,forecast
137,2025-06-30,21494.177734375,forecast
137,2025-07-07,21509.7109375,forecast
137,2025-07-14,21505.384765625,forecast
137,2025-07-21,21494.130859375,forecast
137,2025-07-28,21500.390625,forecast
137,2025-08-04,21507.759765625,forecast
137,2025-08-11,21500.939453125,forecast
137,2025-08-18,21496.796875,forecast
137,2025-08-25,21503.251953125,forecast
137,2025-09-01,21504.923828125,forecast
137,2025-09-08,21499.376953125,forecast
137,2025-09-15,21499.439453125,forecast
137,2025-09-22,21503.830078125,forecast
137,2025-09-29,21502.6796875,forecast
137,2025-10-06,21499.48046875,forecast
139,2024-10-14,5118.044921875,forecast
139,2024-10-21,5302.125,forecast
139,2024-10-28,5302.125,forecast
139,2024-11-04,5302.125,forecast
139,2024-11-11,5302.125,forecast
139,2024-11-18,5302.125,forecast
139,2024-11-25,5302.125,forecast
139,2024-12-02,5302.125,forecast
139,2024-12-09,5302.125,forecast
139,2024-12-16,5302.125,forecast
139,2024-12-23,5302.125,forecast
139,2024-12-30,5302.125,forecast
139,2025-01-06,5302.125,forecast
139,2025-01-13,5302.125,forecast
139,2025-01-20,5302.125,forecast
139,2025-01-27,5302.125,forecast
139,2025-02-03,5302.125,forecast
139,2025-02-10,5302.125,forecast
139,2025-02-17,5302.125,forecast
139,2025-02-24,5302.125,forecast
139,2025-03-03,5302.125,forecast
139,2025-03-10,5302.125,forecast
139,2025-03-17,5302.125,forecast
139,2025-03-24,5302.125,forecast
139,2025-03-31,5302.125,forecast
139,2025-04-07,5302.125,forecast
139,2025-04-14,5302.125,forecast
139,2025-04-21,5302.125,forecast
139,2025-04-28,5302.125,forecast
139,2025-05-05,5302.125,forecast
139,2025-05-12,5302.125,forecast
139,2025-05-19,5302.125,forecast
139,2025-05-26,5302.125,forecast
139,2025-06-02,5302.125,forecast
139,2025-06-09,5302.125,forecast
139,2025-06-16,5302.125,forecast
139,2025-06-23,5302.125,forecast
139,2025-06-30,5302.125,forecast
139,2025-07-07,5302.125,forecast
139,2025-07-14,5302.125,forecast
139,2025-07-21,5302.125,forecast
139,2025-07-28,5302.125,forecast
139,2025-08-04,5302.125,forecast
139,2025-08-11,5302.125,forecast
139,2025-08-18,5302.125,forecast
139,2025-08-25,5302.125,forecast
139,2025-09-01,5302.125,forecast
139,2025-09-08,5302.125,forecast
139,2025-09-15,5302.125,forecast
139,2025-09-22,5302.125,forecast
139,2025-09-29,5302.125,forecast
139,2025-10-06,5302.125,forecast
143,2024-10-14,6518.63134765625,forecast
143,2024-10-21,7078.0029296875,forecast
143,2024-10-28,7268.8359375,forecast
143,2024-11-04,7333.93994140625,forecast
143,2024-11-11,7356.15087890625,forecast
143,2024-11-18,7363.72802734375,forecast
143,2024-11-25,7366.31298828125,forecast
143,2024-12-02,7367.19482421875,forecast
143,2024-12-09,7367.49609375,forecast
143,2024-12-16,7367.5986328125,forecast
143,2024-12-23,7367.6337890625,forecast
143,2024-12-30,7367.6455078125,forecast
143,2025-01-06,7367.6494140625,forecast
143,2025-01-13,7367.65087890625,forecast
143,2025-01-20,7367.6513671875,forecast
143,2025-01-27,7367.65185546875,forecast
143,2025-02-03,7367.65185546875,forecast
143,2025-02-10,7367.65185546875,forecast
143,2025-02-17,7367.65185546875,forecast
143,2025-02-24,7367.65185546875,forecast
143,2025-03-03,7367.65185546875,forecast
143,2025-03-10,7367.65185546875,forecast
143,2025-03-17,7367.65185546875,forecast
143,2025-03-24,7367.65185546875,forecast
143,2025-03-31,7367.65185546875,forecast
143,2025-04-07,7367.65185546875,forecast
143,2025-04-14,7367.65185546875,forecast
143,2025-04-21,7367.65185546875,forecast
143,2025-04-28,7367.65185546875,forecast
143,2025-05-05,7367.65185546875,forecast
143,2025-05-12,7367.65185546875,forecast
143,2025-05-19,7367.65185546875,forecast
143,2025-05-26,7367.65185546875,forecast
143,2025-06-02,7367.65185546875,forecast
143,2025-06-09,7367.65185546875,forecast
143,2025-06-16,7367.65185546875,forecast
143,2025-06-23,7367.65185546875,forecast
143,2025-06-30,7367.65185546875,forecast
143,2025-07-07,7367.65185546875,forecast
143,2025-07-14,7367.65185546875,forecast
143,2025-07-21,7367.65185546875,forecast
143,2025-07-28,7367.65185546875,forecast
143,2025-08-04,7367.65185546875,forecast
143,2025-08-11,7367.65185546875,forecast
143,2025-08-18,7367.65185546875,forecast
143,2025-08-25,7367.65185546875,forecast
143,2025-09-01,7367.65185546875,forecast
143,2025-09-08,7367.65185546875,forecast
143,2025-09-15,7367.65185546875,forecast
143,2025-09-22,7367.65185546875,forecast
143,2025-09-29,7367.65185546875,forecast
143,2025-10-06,7367.65185546875,forecast
145,2024-10-14,8490.7060546875,forecast
145,2024-10-21,8637.3720703125,forecast
145,2024-10-28,8660.361328125,forecast
145,2024-11-04,8663.96484375,forecast
145,2024-11-11,8664.529296875,forecast
145,2024-11-18,8664.6181640625,forecast
145,2024-11-25,8664.6318359375,forecast
145,2024-12-02,8664.6337890625,forecast
145,2024-12-09,8664.6337890625,forecast
145,2024-12-16,8664.6337890625,forecast
145,2024-12-23,8664.6337890625,forecast
145,2024-12-30,8664.6337890625,forecast
145,2025-01-06,8664.6337890625,forecast
145,2025-01-13,8664.6337890625,forecast
145,2025-01-20,8664.6337890625,forecast
145,2025-01-27,8664.6337890625,forecast
145,2025-02-03,8664.6337890625,forecast
145,2025-02-10,8664.6337890625,forecast
145,2025-02-17,8664.6337890625,forecast
145,2025-02-24,8664.6337890625,forecast
145,2025-03-03,8664.6337890625,forecast
145,2025-03-10,8664.6337890625,forecast
145,2025-03-17,8664.6337890625,forecast
145,2025-03-24,8664.6337890625,forecast
145,2025-03-31,8664.6337890625,forecast
145,2025-04-07,8664.6337890625,forecast
145,2025-04-14,8664.6337890625,forecast
145,2025-04-21,8664.6337890625,forecast
145,2025-04-28,8664.6337890625,forecast
145,2025-05-05,8664.6337890625,forecast
145,2025-05-12,8664.6337890625,forecast
145,2025-05-19,8664.6337890625,forecast
145,2025-05-26,8664.6337890625,forecast
145,2025-06-02,8664.6337890625,forecast
145,2025-06-09,8664.6337890625,forecast
145,2025-06-16,8664.6337890625,forecast
145,2025-06-23,8664.6337890625,forecast
145,2025-06-30,8664.6337890625,forecast
145,2025-07-07,8664.6337890625,forecast
145,2025-07-14,8664.6337890625,forecast
145,2025-07-21,8664.6337890625,forecast
145,2025-07-28,8664.6337890625,forecast
145,2025-08-04,8664.6337890625,forecast
145,2025-08-11,8664.6337890625,forecast
145,2025-08-18,8664.6337890625,forecast
145,2025-08-25,8664.6337890625,forecast
145,2025-09-01,8664.6337890625,forecast
145,2025-09-08,8664.6337890625,forecast
145,2025-09-15,8664.6337890625,forecast
145,2025-09-22,8664.6337890625,forecast
145,2025-09-29,8664.6337890625,forecast
145,2025-10-06,8664.6337890625,forecast
146,2024-10-14,10903.4619140625,forecast
146,2024-10-21,10876.4892578125,forecast
146,2024-10-28,10849.5166015625,forecast
146,2024-11-04,10822.5439453125,forecast
146,2024-11-11,10795.5712890625,forecast
146,2024-11-18,10768.5986328125,forecast
146,2024-11-25,10741.6259765625,forecast
146,2024-12-02,10714.6533203125,forecast
146,2024-12-09,10687.6806640625,forecast
146,2024-12-16,10660.7080078125,forecast
146,2024-12-23,10633.736328125,forecast
146,2024-12-30,10606.763671875,forecast
146,2025-01-06,10579.791015625,forecast
146,2025-01-13,10552.818359375,forecast
146,2025-01-20,10525.845703125,forecast
146,2025-01-27,10498.873046875,forecast
146,2025-02-03,10471.900390625,forecast
146,2025-02-10,10444.927734375,forecast
146,2025-02-17,10417.955078125,forecast
146,2025-02-24,10390.982421875,forecast
146,2025-03-03,10364.009765625,forecast
146,2025-03-10,10337.037109375,forecast
146,2025-03-17,10310.064453125,forecast
146,2025-03-24,10283.0927734375,forecast
146,2025-03-31,10256.1201171875,forecast
146,2025-04-07,10229.1474609375,forecast
146,2025-04-14,10202.1748046875,forecast
146,2025-04-21,10175.2021484375,forecast
146,2025-04-28,10148.2294921875,forecast
146,2025-05-05,10121.2568359375,forecast
146,2025-05-12,10094.2841796875,forecast
146,2025-05-19,10067.3115234375,forecast
146,2025-05-26,10040.3388671875,forecast
146,2025-06-02,10013.3662109375,forecast
146,2025-06-09,9986.3935546875,forecast
146,2025-06-16,9959.4208984375,forecast
146,2025-06-23,9932.44921875,forecast
146,2025-06-30,9905.4765625,forecast
146,2025-07-07,9878.50390625,forecast
146,2025-07-14,9851.53125,forecast
146,2025-07-21,9824.55859375,forecast
146,2025-07-28,9797.5859375,forecast
146,2025-08-04,9770.61328125,forecast
146,2025-08-11,9743.640625,forecast
146,2025-08-18,9716.66796875,forecast
146,2025-08-25,9689.6953125,forecast
146,2025-09-01,9662.72265625,forecast
146,2025-09-08,9635.75,forecast
146,2025-09-15,9608.7783203125,forecast
146,2025-09-22,9581.8056640625,forecast
146,2025-09-29,9554.8330078125,forecast
146,2025-10-06,9527.8603515625,forecast
149,2024-10-14,4320.40185546875,forecast
149,2024-10-21,4395.85693359375,forecast
149,2024-10-28,4395.85693359375,forecast
149,2024-11-04,4395.85693359375,forecast
149,2024-11-11,4395.85693359375,forecast
149,2024-11-18,4395.85693359375,forecast
149,2024-11-25,4395.85693359375,forecast
149,2024-12-02,4395.85693359375,forecast
149,2024-12-09,4395.85693359375,forecast
149,2024-12-16,4395.85693359375,forecast
149,2024-12-23,4395.85693359375,forecast
149,2024-12-30,4395.85693359375,forecast
149,2025-01-06,4395.85693359375,forecast
149,2025-01-13,4395.85693359375,forecast
149,2025-01-20,4395.85693359375,forecast
149,2025-01-27,4395.85693359375,forecast
149,2025-02-03,4395.85693359375,forecast
149,2025-02-10,4395.85693359375,forecast
149,2025-02-17,4395.85693359375,forecast
149,2025-02-24,4395.85693359375,forecast
149,2025-03-03,4395.85693359375,forecast
149,2025-03-10,4395.85693359375,forecast
149,2025-03-17,4395.85693359375,forecast
149,2025-03-24,4395.85693359375,forecast
149,2025-03-31,4395.85693359375,forecast
149,2025-04-07,4395.85693359375,forecast
149,2025-04-14,4395.85693359375,forecast
149,2025-04-21,4395.85693359375,forecast
149,2025-04-28,4395.85693359375,forecast
149,2025-05-05,4395.85693359375,forecast
149,2025-05-12,4395.85693359375,forecast
149,2025-05-19,4395.85693359375,forecast
149,2025-05-26,4395.85693359375,forecast
149,2025-06-02,4395.85693359375,forecast
149,2025-06-09,4395.85693359375,forecast
149,2025-06-16,4395.85693359375,forecast
149,2025-06-23,4395.85693359375,forecast
149,2025-06-30,4395.85693359375,forecast
149,2025-07-07,4395.85693359375,forecast
149,2025-07-14,4395.85693359375,forecast
149,2025-07-21,4395.85693359375,forecast
149,2025-07-28,4395.85693359375,forecast
149,2025-08-04,4395.85693359375,forecast
149,2025-08-11,4395.85693359375,forecast
149,2025-08-18,4395.85693359375,forecast
149,2025-08-25,4395.85693359375,forecast
149,2025-09-01,4395.85693359375,forecast
149,2025-09-08,4395.85693359375,forecast
149,2025-09-15,4395.85693359375,forecast
149,2025-09-22,4395.85693359375,forecast
149,2025-09-29,4395.85693359375,forecast
149,2025-10-06,4395.85693359375,forecast
152,2024-10-14,7472.2880859375,forecast
152,2024-10-21,7461.55517578125,forecast
152,2024-10-28,7450.82177734375,forecast
152,2024-11-04,7440.0888671875,forecast
152,2024-11-11,7429.35595703125,forecast
152,2024-11-18,7418.62255859375,forecast
152,2024-11-25,7407.8896484375,forecast
152,2024-12-02,7397.15625,forecast
152,2024-12-09,7386.42333984375,forecast
152,2024-12-16,7375.68994140625,forecast
152,2024-12-23,7364.95703125,forecast
152,2024-12-30,7354.2236328125,forecast
152,2025-01-06,7343.49072265625,forecast
152,2025-01-13,7332.75732421875,forecast
152,2025-01-20,7322.0244140625,forecast
152,2025-01-27,7311.29150390625,forecast
152,2025-02-03,7300.55810546875,forecast
152,2025-02-10,7289.8251953125,forecast
152,2025-02-17,7279.091796875,forecast
152,2025-02-24,7268.35888671875,forecast
152,2025-03-03,7257.62548828125,forecast
152,2025-03-10,7246.892578125,forecast
152,2025-03-17,7236.1591796875,forecast
152,2025-03-24,7225.42626953125,forecast
152,2025-03-31,7214.693359375,forecast
152,2025-04-07,7203.9599609375,forecast
152,2025-04-14,7193.22705078125,forecast
152,2025-04-21,7182.49365234375,forecast
152,2025-04-28,7171.7607421875,forecast
152,2025-05-05,7161.02734375,forecast
152,2025-05-12,7150.29443359375,forecast
152,2025-05-19,7139.56103515625,forecast
152,2025-05-26,7128.828125,forecast
152,2025-06-02,7118.0947265625,forecast
152,2025-06-09,7107.36181640625,forecast
152,2025-06-16,7096.62890625,forecast
152,2025-06-23,7085.8955078125,forecast
152,2025-06-30,7075.16259765625,forecast
152,2025-07-07,7064.42919921875,forecast
152,2025-07-14,7053.6962890625,forecast
152,2025-07-21,7042.962890625,forecast
152,2025-07-28,7032.22998046875,forecast
152,2025-08-04,7021.49658203125,forecast
152,2025-08-11,7010.763671875,forecast
152,2025-08-18,7000.03076171875,forecast
152,2025-08-25,6989.29736328125,forecast
152,2025-09-01,6978.564453125,forecast
152,2025-09-08,6967.8310546875,forecast
152,2025-09-15,6957.09814453125,forecast
152,2025-09-22,6946.36474609375,forecast
152,2025-09-29,6935.6318359375,forecast
152,2025-10-06,6924.8984375,forecast
153,2024-10-14,9975.560546875,forecast
153,2024-10-21,10424.6630859375,forecast
153,2024-10-28,11039.7578125,forecast
153,2024-11-04,10612.005859375,forecast
153,2024-11-11,10295.3173828125,forecast
153,2024-11-18,10645.6962890625,forecast
153,2024-11-25,10781.1669921875,forecast
153,2024-12-02,10520.4296875,forecast
153,2024-12-09,10485.9697265625,forecast
153,2024-12-16,10665.939453125,forecast
153,2024-12-23,10650.623046875,forecast
153,2024-12-30,10534.6875,forecast
153,2025-01-06,10569.3984375,forecast
153,2025-01-13,10638.818359375,forecast
153,2025-01-20,10601.12109375,forecast
153,2025-01-27,10563.1376953125,forecast
153,2025-02-03,10596.150390625,forecast
153,2025-02-10,10614.30859375,forecast
153,2025-02-17,10588.5986328125,forecast
153,2025-02-24,10582.0224609375,forecast
153,2025-03-03,10600.44140625,forecast
153,2025-03-10,10600.8935546875,forecast
153,2025-03-17,10588.599609375,forecast
153,2025-03-24,10590.90625,forecast
153,2025-03-31,10598.55859375,forecast
153,2025-04-07,10595.41015625,forecast
153,2025-04-14,10591.0087890625,forecast
153,2025-04-21,10594.0263671875,forecast
153,2025-04-28,10596.3017578125,forecast
153,2025-05-05,10593.8212890625,forecast
153,2025-05-12,10592.8408203125,forecast
153,2025-05-19,10594.6904296875,forecast
153,2025-05-26,10594.9482421875,forecast
153,2025-06-02,10593.66796875,forecast
153,2025-06-09,10593.7685546875,forecast
153,2025-06-16,10594.595703125,forecast
153,2025-06-23,10594.353515625,forecast
153,2025-06-30,10593.857421875,forecast
153,2025-07-07,10594.123046875,forecast
153,2025-07-14,10594.39453125,forecast
153,2025-07-21,10594.1611328125,forecast
153,2025-07-28,10594.03125,forecast
153,2025-08-04,10594.212890625,forecast
153,2025-08-11,10594.2607421875,forecast
153,2025-08-18,10594.1298828125,forecast
153,2025-08-25,10594.1259765625,forecast
153,2025-09-01,10594.2138671875,forecast
153,2025-09-08,10594.1982421875,forecast
153,2025-09-15,10594.1435546875,forecast
153,2025-09-22,10594.1650390625,forecast
153,2025-09-29,10594.1962890625,forecast
153,2025-10-06,10594.17578125,forecast
157,2024-10-14,7497.0,forecast
157,2024-10-21,12295.0,forecast
157,2024-10-28,10127.0,forecast
157,2024-11-04,8992.0,forecast
157,2024-11-11,18687.0,forecast
157,2024-11-18,12139.0,forecast
157,2024-11-25,15663.0,forecast
157,2024-12-02,13055.0,forecast
157,2024-12-09,11718.0,forecast
157,2024-12-16,6251.0,forecast
157,2024-12-23,8260.0,forecast
157,2024-12-30,11058.0,forecast
157,2025-01-06,8732.0,forecast
157,2025-01-13,7458.0,forecast
157,2025-01-20,12215.0,forecast
157,2025-01-27,9927.0,forecast
157,2025-02-03,10193.0,forecast
157,2025-02-10,9241.0,forecast
157,2025-02-17,8931.0,forecast
157,2025-02-24,9126.0,forecast
157,2025-03-03,10039.0,forecast
157,2025-03-10,8299.0,forecast
157,2025-03-17,11563.0,forecast
157,2025-03-24,8800.0,forecast
157,2025-03-31,8284.0,forecast
157,2025-04-07,8350.0,forecast
157,2025-04-14,7522.0,forecast
157,2025-04-21,10376.0,forecast
157,2025-04-28,10110.0,forecast
157,2025-05-05,10707.0,forecast
157,2025-05-12,8231.0,forecast
157,2025-05-19,6750.0,forecast
157,2025-05-26,7667.0,forecast
157,2025-06-02,9496.0,forecast
157,2025-06-09,8842.0,forecast
157,2025-06-16,10076.0,forecast
157,2025-06-23,10300.0,forecast
157,2025-06-30,11547.0,forecast
157,2025-07-07,7893.0,forecast
157,2025-07-14,8814.0,forecast
157,2025-07-21,12776.0,forecast
157,2025-07-28,9711.0,forecast
157,2025-08-04,7585.0,forecast
157,2025-08-11,6834.0,forecast
157,2025-08-18,6481.0,forecast
157,2025-08-25,7302.0,forecast
157,2025-09-01,6746.0,forecast
157,2025-09-08,7756.0,forecast
157,2025-09-15,6010.0,forecast
157,2025-09-22,7257.0,forecast
157,2025-09-29,7837.0,forecast
157,2025-10-06,6481.0,forecast
161,2024-10-14,5448.466796875,forecast
161,2024-10-21,5611.712890625,forecast
161,2024-10-28,5611.712890625,forecast
161,2024-11-04,5611.712890625,forecast
161,2024-11-11,5611.712890625,forecast
161,2024-11-18,5611.712890625,forecast
161,2024-11-25,5611.712890625,forecast
161,2024-12-02,5611.712890625,forecast
161,2024-12-09,5611.712890625,forecast
161,2024-12-16,5611.712890625,forecast
161,2024-12-23,5611.712890625,forecast
161,2024-12-30,5611.712890625,forecast
161,2025-01-06,5611.712890625,forecast
161,2025-01-13,5611.712890625,forecast
161,2025-01-20,5611.712890625,forecast
161,2025-01-27,5611.712890625,forecast
161,2025-02-03,5611.712890625,forecast
161,2025-02-10,5611.712890625,forecast
161,2025-02-17,5611.712890625,forecast
161,2025-02-24,5611.712890625,forecast
161,2025-03-03,5611.712890625,forecast
161,2025-03-10,5611.712890625,forecast
161,2025-03-17,5611.712890625,forecast
161,2025-03-24,5611.712890625,forecast
161,2025-03-31,5611.712890625,forecast
161,2025-04-07,5611.712890625,forecast
161,2025-04-14,5611.712890625,forecast
161,2025-04-21,5611.712890625,forecast
161,2025-04-28,5611.712890625,forecast
161,2025-05-05,5611.712890625,forecast
161,2025-05-12,5611.712890625,forecast
161,2025-05-19,5611.712890625,forecast
161,2025-05-26,5611.712890625,forecast
161,2025-06-02,5611.712890625,forecast
161,2025-06-09,5611.712890625,forecast
161,2025-06-16,5611.712890625,forecast
161,2025-06-23,5611.712890625,forecast
161,2025-06-30,5611.712890625,forecast
161,2025-07-07,5611.712890625,forecast
161,2025-07-14,5611.712890625,forecast
161,2025-07-21,5611.712890625,forecast
161,2025-07-28,5611.712890625,forecast
161,2025-08-04,5611.712890625,forecast
161,2025-08-11,5611.712890625,forecast
161,2025-08-18,5611.712890625,forecast
161,2025-08-25,5611.712890625,forecast
161,2025-09-01,5611.712890625,forecast
161,2025-09-08,5611.712890625,forecast
161,2025-09-15,5611.712890625,forecast
161,2025-09-22,5611.712890625,forecast
161,2025-09-29,5611.712890625,forecast
161,2025-10-06,5611.712890625,forecast
162,2024-10-14,4382.626953125,forecast
162,2024-10-21,4869.52294921875,forecast
162,2024-10-28,4882.546875,forecast
162,2024-11-04,4587.23193359375,forecast
162,2024-11-11,4569.751953125,forecast
162,2024-11-18,4748.55810546875,forecast
162,2024-11-25,4764.96875,forecast
162,2024-12-02,4656.89501953125,forecast
162,2024-12-09,4643.42529296875,forecast
162,2024-12-16,4708.63232421875,forecast
162,2024-12-23,4718.92626953125,forecast
162,2024-12-30,4679.65380859375,forecast
162,2025-01-06,4672.12890625,forecast
162,2025-01-13,4695.73876953125,forecast
162,2025-01-20,4701.07470703125,forecast
162,2025-01-27,4686.90673828125,forecast
162,2025-02-03,4683.20703125,forecast
162,2025-02-10,4691.6923828125,forecast
162,2025-02-17,4694.21435546875,forecast
162,2025-02-24,4689.142578125,forecast
162,2025-03-03,4687.44580078125,forecast
162,2025-03-10,4690.4716796875,forecast
162,2025-03-17,4691.60009765625,forecast
162,2025-03-24,4689.798828125,forecast
162,2025-03-31,4689.05517578125,forecast
162,2025-04-07,4690.125,forecast
162,2025-04-14,4690.61181640625,forecast
162,2025-04-21,4689.9775390625,forecast
162,2025-04-28,4689.66162109375,forecast
162,2025-05-05,4690.03662109375,forecast
162,2025-05-12,4690.24072265625,forecast
162,2025-05-19,4690.01953125,forecast
162,2025-05-26,4689.88818359375,forecast
162,2025-06-02,4690.01806640625,forecast
162,2025-06-09,4690.10205078125,forecast
162,2025-06-16,4690.02587890625,forecast
162,2025-06-23,4689.97265625,forecast
162,2025-06-30,4690.01708984375,forecast
162,2025-07-07,4690.05078125,forecast
162,2025-07-14,4690.02490234375,forecast
162,2025-07-21,4690.00341796875,forecast
162,2025-07-28,4690.0185546875,forecast
162,2025-08-04,4690.0322265625,forecast
162,2025-08-11,4690.0234375,forecast
162,2025-08-18,4690.01513671875,forecast
162,2025-08-25,4690.02001953125,forecast
162,2025-09-01,4690.025390625,forecast
162,2025-09-08,4690.0224609375,forecast
162,2025-09-15,4690.01904296875,forecast
162,2025-09-22,4690.0205078125,forecast
162,2025-09-29,4690.02294921875,forecast
162,2025-10-06,4690.02197265625,forecast
174,2024-10-14,17654.30078125,forecast
174,2024-10-21,18370.328125,forecast
174,2024-10-28,20873.47265625,forecast
174,2024-11-04,19526.3984375,forecast
174,2024-11-11,17789.111328125,forecast
174,2024-11-18,19448.703125,forecast
174,2024-11-25,20441.173828125,forecast
174,2024-12-02,18734.392578125,forecast
174,2024-12-09,18390.712890625,forecast
174,2024-12-16,19946.771484375,forecast
174,2024-12-23,19781.763671875,forecast
174,2024-12-30,18503.900390625,forecast
174,2025-01-06,19020.650390625,forecast
174,2025-01-13,19957.849609375,forecast
174,2025-01-20,19241.525390625,forecast
174,2025-01-27,18653.455078125,forecast
174,2025-02-03,19437.1484375,forecast
174,2025-02-10,19707.783203125,forecast
174,2025-02-17,18960.08984375,forecast
174,2025-02-24,18949.44921875,forecast
174,2025-03-03,19589.935546875,forecast
174,2025-03-10,19410.501953125,forecast
174,2025-03-17,18917.34375,forecast
174,2025-03-24,19215.44140625,forecast
174,2025-03-31,19548.08984375,forecast
174,2025-04-07,19196.078125,forecast
174,2025-04-14,19016.123046875,forecast
174,2025-04-21,19369.150390625,forecast
174,2025-04-28,19418.6484375,forecast
174,2025-05-05,19103.150390625,forecast
174,2025-05-12,19153.810546875,forecast
174,2025-05-19,19407.841796875,forecast
174,2025-05-26,19289.890625,forecast
174,2025-06-02,19108.064453125,forecast
174,2025-06-09,19262.12109375,forecast
174,2025-06-16,19371.775390625,forecast
174,2025-06-23,19208.1796875,forecast
174,2025-06-30,19162.85546875,forecast
174,2025-07-07,19315.6484375,forecast
174,2025-07-14,19309.314453125,forecast
174,2025-07-21,19180.93359375,forecast
174,2025-07-28,19224.1171875,forecast
174,2025-08-04,19320.84375,forecast
174,2025-08-11,19255.564453125,forecast
174,2025-08-18,19192.326171875,forecast
174,2025-08-25,19266.583984375,forecast
174,2025-09-01,19298.634765625,forecast
174,2025-09-08,19225.90234375,forecast
174,2025-09-15,19219.986328125,forecast
174,2025-09-22,19283.7265625,forecast
174,2025-09-29,19270.009765625,forecast
174,2025-10-06,19219.712890625,forecast
177,2024-10-14,5828.6376953125,forecast
177,2024-10-21,8522.0751953125,forecast
177,2024-10-28,5719.34130859375,forecast
177,2024-11-04,4350.17626953125,forecast
177,2024-11-11,7918.3125,forecast
177,2024-11-18,5286.2529296875,forecast
177,2024-11-25,9530.146484375,forecast
177,2024-12-02,8824.005859375,forecast
177,2024-12-09,7449.07958984375,forecast
177,2024-12-16,5237.5107421875,forecast
177,2024-12-23,6798.6748046875,forecast
177,2024-12-30,6545.33984375,forecast
177,2025-01-06,7655.1220703125,forecast
177,2025-01-13,5357.87060546875,forecast
177,2025-01-20,8259.66015625,forecast
177,2025-01-27,10387.7490234375,forecast
177,2025-02-03,6935.80419921875,forecast
177,2025-02-10,7621.77392578125,forecast
177,2025-02-17,8056.76025390625,forecast
177,2025-02-24,6844.77001953125,forecast
177,2025-03-03,6719.7734375,forecast
177,2025-03-10,5880.77001953125,forecast
177,2025-03-17,7468.76953125,forecast
177,2025-03-24,6594.7705078125,forecast
177,2025-03-31,5083.7705078125,forecast
177,2025-04-07,6376.77001953125,forecast
177,2025-04-14,5249.77001953125,forecast
177,2025-04-21,8573.7705078125,forecast
177,2025-04-28,7039.77001953125,forecast
177,2025-05-05,7303.77001953125,forecast
177,2025-05-12,6132.77001953125,forecast
177,2025-05-19,5997.77001953125,forecast
177,2025-05-26,7229.77001953125,forecast
177,2025-06-02,5616.77001953125,forecast
177,2025-06-09,6291.77001953125,forecast
177,2025-06-16,7715.77001953125,forecast
177,2025-06-23,9187.7705078125,forecast
177,2025-06-30,6844.77001953125,forecast
177,2025-07-07,6889.77001953125,forecast
177,2025-07-14,5127.77001953125,forecast
177,2025-07-21,8697.7705078125,forecast
177,2025-07-28,5765.77001953125,forecast
177,2025-08-04,5897.77001953125,forecast
177,2025-08-11,4868.77001953125,forecast
177,2025-08-18,4112.77001953125,forecast
177,2025-08-25,5740.77001953125,forecast
177,2025-09-01,6042.77001953125,forecast
177,2025-09-08,6675.77001953125,forecast
177,2025-09-15,5061.77001953125,forecast
177,2025-09-22,6150.77001953125,forecast
177,2025-09-29,5851.77001953125,forecast
177,2025-10-06,5227.77001953125,forecast
186,2024-10-14,5505.10546875,forecast
186,2024-10-21,5592.4609375,forecast
186,2024-10-28,5656.083984375,forecast
186,2024-11-04,5702.4228515625,forecast
186,2024-11-11,5736.17236328125,forecast
186,2024-11-18,5760.75341796875,forecast
186,2024-11-25,5778.65625,forecast
186,2024-12-02,5791.6953125,forecast
186,2024-12-09,5801.1923828125,forecast
186,2024-12-16,5808.10888671875,forecast
186,2024-12-23,5813.146484375,forecast
186,2024-12-30,5816.81591796875,forecast
186,2025-01-06,5819.48828125,forecast
186,2025-01-13,5821.4345703125,forecast
186,2025-01-20,5822.85205078125,forecast
186,2025-01-27,5823.88427734375,forecast
186,2025-02-03,5824.63623046875,forecast
186,2025-02-10,5825.18408203125,forecast
186,2025-02-17,5825.5830078125,forecast
186,2025-02-24,5825.87353515625,forecast
186,2025-03-03,5826.0849609375,forecast
186,2025-03-10,5826.2392578125,forecast
186,2025-03-17,5826.3515625,forecast
186,2025-03-24,5826.43310546875,forecast
186,2025-03-31,5826.49267578125,forecast
186,2025-04-07,5826.5361328125,forecast
186,2025-04-14,5826.56787109375,forecast
186,2025-04-21,5826.5908203125,forecast
186,2025-04-28,5826.607421875,forecast
186,2025-05-05,5826.61962890625,forecast
186,2025-05-12,5826.62841796875,forecast
186,2025-05-19,5826.634765625,forecast
186,2025-05-26,5826.6396484375,forecast
186,2025-06-02,5826.64306640625,forecast
186,2025-06-09,5826.6455078125,forecast
186,2025-06-16,5826.6474609375,forecast
186,2025-06-23,5826.64892578125,forecast
186,2025-06-30,5826.64990234375,forecast
186,2025-07-07,5826.650390625,forecast
186,2025-07-14,5826.65087890625,forecast
186,2025-07-21,5826.6513671875,forecast
186,2025-07-28,5826.6513671875,forecast
186,2025-08-04,5826.65185546875,forecast
186,2025-08-11,5826.65185546875,forecast
186,2025-08-18,5826.65185546875,forecast
186,2025-08-25,5826.65234375,forecast
186,2025-09-01,5826.65234375,forecast
186,2025-09-08,5826.65234375,forecast
186,2025-09-15,5826.65234375,forecast
186,2025-09-22,5826.65234375,forecast
186,2025-09-29,5826.65234375,forecast
186,2025-10-06,5826.65234375,forecast
